esperanto,kanji,priority,source_root,source_line
difeomorfi,微分同胚ᴰᴵ,0,difeomorfi,7691
triĥofit,毛癣菌ᵀᴴ̂,0,trih^ofit,7976
amfibraĥ,短长短ᴬᴴ̂,0,amfibrah^,7872
neŭrologi,神经学ᴺᵁ̆,0,neu^rologi,9324
agnostikism,不可知主义,0,agnostikism,9992
klaŭstr,修院ᴷᵁ̆,0,klau^str,6384
endokrinolog,内分泌学家,0,endokrinolog,9994
dodekafoni,十二声ᴰᴵ,0,dodekafoni,8646
duodenit,十二指肠炎,0,duodenit,9993
ĥameleon,变色龙ᴴ̂,0,h^ameleon,7484
arkaism,古主义ᴬᴷ,0,arkaism,8443
arkeolog,古学家ᴬᴷ,0,arkeolog,8445
monarĥ,君主ᴹᴴ̂,0,monarh^,6682
paroĥ,堂区ᴾᴴ̂,0,paroh^,6104
treponemicid,密螺旋体杀,0,treponemicid,9995
oligarĥ,寡头ᴼᴴ̂,0,oligarh^,8296
urinat,尿酸盐ᵁᴺ,0,urinat,7826
arĥitekt,建筑ᴬᴴ̂,0,arh^itekt,6542
gvajak,愈疮木ᴳⱽ,0,gvajak,7526
bazidimikot,担子菌ᴮᴷ,0,bazidimikot,8508
bazidiomicet,担子菌ᴮᴼ,0,bazidiomicet,8509
bazidiomikot,担子菌ᴮᶻ,0,bazidiomikot,8510
politikolog,政学家ᴾᴷ,0,politikolog,9517
neologismem,新话主义倾,0,neologismem,9996
anarĥi,无政ᴬᴴ̂,0,anarh^i,6414
anakardi,木ᴬᴺᴬᴷ,0,anakardi,540
kaskaril,木ᴷᴬˢᴷ,0,kaskaril,552
kalam,木ᴷᴬᴸᴬ,0,kalam,571
kameciparis,木ᴷᴬᴹᴱ,0,kameciparis,595
klerodendr,木ᴷᴸᴱᴿ,0,klerodendr,591
komifor,木ᴷᴼᴹᴵ,0,komifor,522
meteorolog,气学家ᴹᴿ,0,meteorolog,8339
traĥe,气管ᵀᴴ̂,0,trah^e,6305
trakeotomi,气管切ᵀᴷ,0,trakeotomi,9769
trakeit,气管炎ᵀᴷ,0,trakeit,9767
eĥin,海胆ᴱᴴ̂,0,eh^in,6745
pirosulfit,火硫盐ᴾᴵ,0,pirosulfit,9477
alĥemi,炼金ᴬᴴ̂,0,alh^emi,8153
hipoĥondri,疑病ᴴᴴ̂,0,hipoh^ondri,8173
rektumoskopi,直肠镜ᴿᴵ,0,rektumoskopi,9567
neŭr,神经ᴺᵁ̆,0,neŭr,4430
stereofoni,立体声ˢᴵ,0,stereofoni,9663
stereoskopi,立体镜ˢᴵ,0,stereoskopi,9668
arĥipelag,群岛ᴬᴴ̂,0,arh^ipelag,7924
spekulari,草ˢᴾᴱᴷ,0,spekulari,2422
strelici,草ˢᵀᴿᴱ,0,strelici,2353
alopekur,草ᴬᴸᴼᴾ,0,alopekur,2302
antoksant,草ᴬᴺᵀᴼ,0,antoksant,2357
arabidops,草ᴬᴿᴬᴮ,0,arabidops,2358
hidrokarid,草ᴴᴵᴰᴿ,0,hidrokarid,2423
kalitrik,草ᴷᴬᴸᴵ,0,kalitrik,2324
partenocis,草ᴾᴬᴿᵀ,0,partenocis,2395
pulmonari,草ᴾᵁᴸᴹ,0,pulmonari,2381
bakteriofaĝ,菌吞ᴮᴳ̂,0,bakteriofag^,8493
meringel,蛋白霜ᴹᴸ,0,meringel,7688
ezofagoskopi,食管镜ᴱᴵ,0,ezofagoskopi,8742
iktiolog,鱼学家ᴵᴷ,0,iktiolog,8995
iĥtiosaŭr,鱼龙ᴵᴴ̂,0,ih^tiosau^r,7447
trigon,三角ᵀᴿ,0,trigon,7011
deltoid,三角洲似,0,deltoid,8596
sterilizator,不育化具,0,sterilizator,9670
aŭtokrati,专制ᴬᴵ,0,au^tokrati,6806
mesoenter,中肠ᴹᴼ,0,mesoenter,9231
mezenter,中肠ᴹᶻ,0,mezenter,9230
pontifik,主祭ᴾᴺ,0,pontifik,6886
optimism,乐主义ᴼ,0,optimism,8886
bimetalism,二金主义,0,bimetalism,8520
meten,亚甲ᴹᴺ,0,meten,7647
antropomorfism,人形主义,0,antropomorfism,8433
pingvin,企鹅ᴾᴵ,0,pingvin,7655
kaŭkalid,伞ᴷᵁ̆,0,kau^kalid,4459
homoteti,位似ᴴᴵ,0,homoteti,7506
tujon,侧柏ᵀᴼ,0,tujon,9785
vaĉ,值ⱽᶜ̂,0,vac^,231
hipnoz,催眠ᴴᶻ,0,hipnoz,6120
precedent,先例ᴾᵀ,0,precedent,8051
fototropism,光向主义,0,fototropism,8798
holomorfi,全形ᴴᴵ,0,holomorfi,9891
panteism,全神主义,0,panteism,9422
okt,八度ᴼᴷ,0,okt,6868
ankiloz,关节强直,0,ankiloz,7489
eĥidn,兽ᴱᴴ̂,0,eh^idn,1465
haliĥer,兽ᴴᴴ̂,0,halih^er,1468
endokrinologi,内分泌学,0,endokrinologi,8695
agronomi,农学ᴬᴵ,0,agronomi,8358
prostatit,前列腺炎,0,prostatit,9531
prostatektomi,前列腺除,0,prostatektomi,9530
ĥemi,化学ᴴ̂,0,ĥemi,3930
duoden,十二指肠,0,duoden,6915
sonet,十四行诗,0,sonet,7470
sinergi,协同作用,0,sinergi,7509
monoteism,单神主义,0,monoteism,9302
impresionism,印象主义,0,impresionism,9004
ovogenez,卵源ᴼᶻ,0,ovogenez,9408
tensiometr,压计ᵀᴼ,0,tensiometr,7635
refleks,反射ᴿˢ,0,refleks,5636
ameboid,变形虫似,0,ameboid,8395
stomatoskopi,口镜ˢᴵ,0,stomatoskopi,9676
arĥe,古ᴬᴴ̂,0,arh^e,4275
arkeologi,古学ᴬᴷ,0,arkeologi,8448
paleontolog,古学家ᴾ,0,paleontolog,8446
epik,史诗ᴱᴷ,0,epik,7327
homotopi,同伦ᴴᴵ,0,homotopi,7739
homomorfi,同形ᴴᴵ,0,homomorfi,8986
epipaleolitik,后古石学,0,epipaleolitik,8719
ipekakuan,吐根ᴵᴷ,0,ipekakuan,7115
monarki,君主ᴹᴵ,0,monarki,6681
monarĥi,君主ᴹᴼ,0,monarh^i,6683
faringoskopi,咽镜ᶠᴵ,0,faringoskopi,8745
askomikot,囊菌ᴬᴷ,0,askomikot,8469
perikardi,围心ᴾᴵ,0,perikardi,9447
grundolog,土学家ᴳ,0,grundolog,8879
geotropism,地向主义,0,geotropism,8849
topolog,地学家ᵀ,0,topolog,8838
geometr,地测ᴳᴱ,0,geometr,8842
kadastr,地籍ᴷᴰ,0,kadastr,6930
metropoliten,地铁ᴹᴾ,0,metropoliten,6879
ĥirurg,外科ᴴ̂,0,h^irurg,5436
kirurgi,外科ᴷᴵ,0,kirurgi,5435
politeism,多神主义,0,politeism,9513
polikro,多色ᴾᴼ,0,polikro,7192
maĵor,大ᴹᴶ̂,0,maj^or,776
glicine,大豆ᴳᴱ,0,glicine,5912
kaĵol,媚ᴷᴶ̂,0,kaj^ol,5441
benzoil,安息香基,0,benzoil,8512
deĉifr,密ᴰᶜ̂,0,dec^ifr,2799
treponem,密螺旋体,0,treponem,7070
radiofoni,射声ᴿᴵ,0,radiofoni,9552
urinologi,尿学ᵁᴺ,0,urinologi,9791
uratemi,尿酸盐血,0,uratemi,9787
pekan,山核桃ᴾ,0,pekan,7305
ramfast,巨嘴鸟ᴿ,0,ramfast,7941
ĉap,帽ᶜ̂ᴬ,0,ĉap,1915
arkitektur,建筑ᴬᴿ,0,arkitektur,6541
arĥitektur,建筑ᴬᵀ,0,arh^itektur,6543
alomorf,异形ᴬᴹ,0,alomorf,7059
difeomorf,微分同胚,0,difeomorf,7690
mikroorganism,微器主义,0,mikroorganism,9266
mikrobreĉi,微角砾岩,0,mikrobrec^i,9251
psikiatri,心医ᴾᴵ,0,psikiatri,7086
kardiolog,心学家ᴷ,0,kardiolog,9062
psikopati,心病ᴾᴵ,0,psikopati,9065
kardiografi,心记ᴷᴵ,0,kardiografi,9900
venere,性病ⱽᴱ,0,venere,6787
paskvil,批文ᴾˢ,0,paskvil,8190
teĥnik,技ᵀᴴ̂,0,teĥnik,4148
antineŭtrin,抗中微子,0,antineu^trin,8420
antikorpuskl,抗粒ᴬᴷ,0,antikorpuskl,8419
antiproton,抗质子子,0,antiproton,9986
krampf,抽筋ᴷᴾ,0,krampf,6061
fototipi,拍型ᶠᴵ,0,fototipi,8797
metakarpe,掌骨ᴹᴱ,0,metakarpe,8073
celsi,摄氏ᶜᴱ,0,celsi,7298
bronkoskopi,支镜ᴮᴵ,0,bronkoskopi,8548
politikologi,政学ᴾᴷ,0,politikologi,9519
astigmatism,散光主义,0,astigmatism,8471
datum,数据ᴰᴹ,0,datum,5842
proletari,无产ᴾᴿ,0,proletari,5623
anarki,无政ᴬᴵ,0,anarki,6413
anarkism,无政主义,0,anarkism,8398
ateism,无神主义,0,ateism,8478
heliotropism,日向主义,0,heliotropism,8902
astrologi,星学ᴬᴸ,0,astrologi,8474
santal,木ˢᴬᴺ,0,santal,602
sekvoj,木ˢᴱᴷ,0,sekvoj,601
aŝok,木ᴬˢ̂,0,as^ok,453
astrakant,木ᴬˢᵀ,0,astrakant,573
aleŭrit,木ᴬᴸᴱ,0,aleu^rit,432
anamirt,木ᴬᴺᴬ,0,anamirt,434
aŭkub,木ᴬᵁ̆,0,au^kub,395
amelanĉ,木ᴬᶜ̂,0,amelanc^,433
baŭhini,木ᴮᵁ̆,0,bau^hini,436
eŭgeni,木ᴱᵁ̆,0,eu^geni,425
gaŭlteri,木ᴳᵁ̆,0,gau^lteri,547
ksiloste,木ᴷˢᴵ,0,ksiloste,555
kastane,木ᴷᴬˢ,0,kastane,518
kalitris,木ᴷᴬᴸ,0,kalitris,550
kamerops,木ᴷᴬᴹ,0,kamerops,551
karagan,木ᴷᴬᴿ,0,karagan,517
katalp,木ᴷᴬᵀ,0,katalp,492
kazuaren,木ᴷᴬᶻ,0,kazuaren,553
kenomel,木ᴷᴱᴺ,0,kenomel,519
kinkon,木ᴷᴵᴺ,0,kinkon,603
klementin,木ᴷᴸᴱ,0,klementin,570
kokolob,木ᴷᴼᴷ,0,kokolob,520
kombret,木ᴷᴼᴹ,0,kombret,521
kopaifer,木ᴷᴼᴾ,0,kopaifer,554
krescenti,木ᴷᴿᴱ,0,krescenti,580
kriptomeri,木ᴷᴿᴵ,0,kriptomeri,610
kaŭri,木ᴷᵁ̆,0,kau^ri,470
kebraĉ,木ᴷᶜ̂,0,kebrac^,493
miroksil,木ᴹᴵᴿ,0,miroksil,560
melaleŭk,木ᴹᵁ̆,0,melaleu^k,558
palisandr,木ᴾᴬᴸ,0,palisandr,609
paŭlini,木ᴾᵁ̆,0,pau^lini,529
ramonĉ,木ᴿᶜ̂,0,ramonc^,506
tibuŝen,木ᵀˢ̂,0,tibus^en,536
magnoliofit,木植ᴹᴼ,0,magnoliofit,9196
raŭf,架ᴿᵁ̆,0,rau^f,6058
ĉasi,架ᶜ̂ˢ,0,c^asi,6057
sekestr,查封ˢˢ,0,sekestr,6641
sekvestraci,查封ˢᶜ,0,sekvestraci,6642
disel,柴油ᴰˢ,0,disel,6232
dendrokronolog,树时学家,0,dendrokronolog,8600
nukleogami,核配ᴺᴼ,0,nukleogami,9339
arĥiv,档ᴬᴴ̂,0,arh^iv,3599
meĥanik,械ᴹᴴ̂,0,meĥanik,3940
mekanikoterapi,械疗ᴹᴷ,0,mekanikoterapi,9225
emetrop,正视ᴱᴹ,0,emetrop,7794
virusolog,毒学家ⱽ,0,virusolog,9759
vipur,毒蛇ⱽᵁ,0,vipur,7581
klimatolog,气候学家,0,klimatolog,9083
atmosferologi,气学ᴬᵀ,0,atmosferologi,8343
meteorologi,气学ᴹᴿ,0,meteorologi,8342
meteolog,气学家ᴹ,0,meteolog,8338
atmometr,气计ᴬᵀ,0,atmometr,8347
gasometr,气计ᴳᴼ,0,gasometr,8346
nitrit,氮盐ᴺᴵ,0,nitrit,9933
klorit,氯盐ᴷᴵ,0,klorit,9909
hidrogeolog,水地学家,0,hidrogeolog,8926
ĥaos,混乱ᴴ̂,0,h^aos,7624
osmozometr,渗计ᴼᴼ,0,osmozometr,9386
gveril,游击ᴳⱽ,0,gveril,6547
greb,潜鸟ᴳᴿ,0,greb,6924
vulkanolog,火山学家,0,vulkanolog,9823
musket,火枪ᴹᵀ,0,musket,7107
termoreguligil,热规使具,0,termoreguligil,9738
demagogi,煽动ᴰᴵ,0,demagogi,7334
fizi,物理ᶠᴵ,0,fizi,4110
aŭstralopitek,猴ᴬᵁ̆,0,au^stralopitek,7402
raĵa,王ᴿᴶ̂,0,raj^a,2621
glicerol,甘油ᴳᴸ,0,glicerol,6812
glicer,甘油ᴳᶜ,0,glicer,6813
limet,甜柠ᴸᵀ,0,limet,7604
fiziolog,生理学家,0,fiziolog,8763
tire,甲状ᵀᴱ,0,tire,5954
elektrodinamism,电力主义,0,elektrodinamism,9998
elektrotipi,电型ᴱᴵ,0,elektrotipi,8672
elektroliz,电解ᴱᶻ,0,elektroliz,8666
terapeŭtik,疗ᵀᵁ̆,0,terapeu^tik,5700
difterit,白喉ᴰᵀ,0,difterit,8149
albuminuri,白蛋白尿,0,albuminuri,8373
mega,百万ᴹᴳ,0,mega,2943
serpil,百里香ˢ,0,serpil,7408
dermatit,皮炎ᴰᵀ,0,dermatit,8607
dermopter,皮翅ᴰᴼ,0,dermopter,8605
oftalmoskopi,目镜ᴼᴵ,0,oftalmoskopi,9351
ciklogir,直升机ᶜ,0,ciklogir,5378
korelativ,相关ᴷᵀ,0,korelativ,6894
aŭtent,真ᴬᵁ̆,0,au^tent,1361
ŝort,短裤ˢ̂,0,s^ort,6329
amiant,石棉ᴬᴹ,0,amiant,8046
selenit,矿盐ˢᴵ,0,selenit,9608
silikat,硅盐ˢᴷ,0,silikat,6086
sulfit,硫盐ˢᴵ,0,sulfit,9689
sulfinat,硫盐ˢᴺ,0,sulfinat,9690
zepelin,硬式飞艇,0,zepelin,7955
fosfit,磷盐ᶠᴵ,0,fosfit,9875
deism,神主义ᴰ,0,deism,8588
teokrati,神治ᵀᴵ,0,teokrati,9715
neŭrokirurgi,神经外科,0,neu^rokirurgi,9327
neŭrolog,神经学家,0,neu^rolog,9328
neŭrospor,神经胞子,0,neu^rospor,9332
mitolog,神话学家,0,mitolog,9279
stereoplanigraf,立体划记,0,stereoplanigraf,9666
alce,立葵ᴬᶜ,0,alce,7555
izomorfi,等形ᴵᴵ,0,izomorfi,9035
ĉur,精液ᶜ̂,0,c^ur,5876
skizofreni,精神分裂,0,skizofreni,8008
glukozuri,糖尿ᴳᶻ,0,glukozuri,6294
glukozemi,糖血ᴳᶻ,0,glukozemi,8865
fibrinogen,纤蛋白生,0,fibrinogen,8753
hierarĥi,级ᴴᴴ̂,0,hierarh^i,1813
papir,纸草ᴾᴬ,0,papir,6998
papirolog,纸草学家,0,papirolog,9424
finiŝ,终ᶠˢ̂,0,finis^,758
ekonomik,经济ᴱᴷ,0,ekonomik,3472
bibliofili,经爱ᴮᴵ,0,bibliofili,8514
ftizolog,结核学家,0,ftizolog,8803
skolopendri,羊齿ˢᴷ,0,skolopendri,6019
aspleni,羊齿ᴬˢ,0,aspleni,6009
densteti,羊齿ᴰᴺ,0,densteti,6011
driopterid,羊齿ᴰᴿ,0,driopterid,6015
psilot,羊齿ᴾˢ,0,psilot,6007
polistik,羊齿ᴾᴸ,0,polistik,6012
platiceri,羊齿ᴾᵀ,0,platiceri,6013
cistopterid,羊齿ᶜˢ,0,cistopterid,6018
otoskopi,耳镜ᴼᴵ,0,otoskopi,9403
otorinolaringologi,耳鼻喉学,0,otorinolaringologi,9401
pubi,耻骨ᴾᴵ,0,pubi,6116
pneŭmonit,肺炎ᴾᴺ,0,pneu^monit,9494
piel,肾盆ᴾᴸ,0,piel,8171
gastroskopi,胃镜ᴳᴵ,0,gastroskopi,8823
kolesterin,胆醇ᴷᴺ,0,kolesterin,7019
embriotomi,胚切ᴱᴼ,0,embriotomi,8683
embriofit,胚植ᴱᴼ,0,embriofit,8677
embriogenez,胚源ᴱᴼ,0,embriogenez,8679
insulinoterapi,胰岛素疗,0,insulinoterapi,9013
arteriit,脉炎ᴬᴿ,0,arteriit,8458
vaskulit,脉炎ⱽˢ,0,vaskulit,8459
impetigin,脓疮ᴵᴺ,0,impetigin,7082
adenopati,腺病ᴬᴼ,0,adenopati,8330
spontane,自发ˢᴱ,0,spontane,6172
aŭtonomi,自治ᴬᴵ,0,au^tonomi,6175
naturalism,自然主义,0,naturalism,9310
naŭtik,航ᴺᵁ̆,0,nau^tik,4293
jaĥt,艇ᴶᴴ̂,0,jah^t,4564
kolorometri,色测ᴷᴼ,0,kolorometri,9103
kolorometr,色计ᴷᴼ,0,kolorometr,9101
artritism,节炎主义,0,artritism,8463
briofit,苔植ᴮᴼ,0,briofit,8544
kormofit,茎叶体植,0,kormofit,9115
salikorni,草ˢᴬᴸ,0,salikorni,2383
sansevier,草ˢᴬᴺ,0,sansevier,2384
sigilari,草ˢᴵᴳ,0,sigilari,2348
skirp,草ˢᴷᴵ,0,skirp,2410
sklerant,草ˢᴷᴸ,0,sklerant,2350
skrofulari,草ˢᴷᴿ,0,skrofulari,2398
spargani,草ˢᴾᴬ,0,spargani,2351
spergulari,草ˢᴾᴱ,0,spergulari,2399
stakis,草ˢᵀᴬ,0,stakis,2415
stratiot,草ˢᵀᴿ,0,stratiot,2352
aspidistr,草ᴬˢᴾ,0,aspidistr,2359
astilb,草ᴬˢᵀ,0,astilb,2196
akonit,草ᴬᴷᴼ,0,akonit,2416
alsin,草ᴬᴸˢ,0,alsin,2409
alokazi,草ᴬᴸᴼ,0,alokazi,2254
anastatik,草ᴬᴺᴬ,0,anastatik,2356
andropogon,草ᴬᴺᴰ,0,andropogon,2388
anturi,草ᴬᴺᵀ,0,anturi,2193
arabis,草ᴬᴿᴬ,0,arabis,2194
arenari,草ᴬᴿᴱ,0,arenari,2255
armoraci,草ᴬᴿᴹ,0,armoraci,2304
aŭbrieti,草ᴬᵁ̆,0,au^brieti,2305
baŝo,草ᴮˢ̂,0,bas^o,2125
eŝolzi,草ᴱˢ̂,0,es^olzi,2206
helode,草ᴴᴱᴸ,0,helode,2413
hidrast,草ᴴᴵᴰ,0,hidrast,2417
ksantosom,草ᴷˢᴬ,0,ksantosom,2370
kalamint,草ᴷᴬᴸ,0,kalamint,2323
kamemor,草ᴷᴬᴹ,0,kamemor,2276
katarant,草ᴷᴬᵀ,0,katarant,2325
klematit,草ᴷᴸᴱ,0,klematit,2326
kolokasi,草ᴷᴼᴸ,0,kolokasi,2421
komelin,草ᴷᴼᴹ,0,komelin,2277
konsolid,草ᴷᴼᴺ,0,konsolid,2328
koridal,草ᴷᴼᴿ,0,koridal,2278
kroton,草ᴷᴿᴼ,0,kroton,2221
kuskut,草ᴷᵁˢ,0,kuskut,2222
knaŭti,草ᴷᵁ̆,0,knau^ti,2218
leŭkoj,草ᴸᵁ̆,0,leu^koj,2225
pasiflor,草ᴾᴬˢ,0,pasiflor,2336
pankraci,草ᴾᴬᴺ,0,pankraci,2420
parietari,草ᴾᴬᴿ,0,parietari,2374
pedikular,草ᴾᴱᴰ,0,pedikular,2375
persikari,草ᴾᴱᴿ,0,persikari,2376
pingvikul,草ᴾᴵᴺ,0,pingvikul,2377
plektrant,草ᴾᴸᴱ,0,plektrant,2378
pogostemon,草ᴾᴼᴳ,0,pogostemon,2396
poligonat,草ᴾᴼᴸ,0,poligonat,2379
pontederi,草ᴾᴼᴺ,0,pontederi,2380
pulsatil,草ᴾᵁᴸ,0,pulsatil,2341
raŭvolfi,草ᴿᵁ̆,0,rau^volfi,2343
teŭkri,草ᵀᵁ̆,0,teu^kri,2249
centaŭri,草ᶜᵁ̆,0,centau^ri,2308
kolokint,药瓜ᴷᴷ,0,kolokint,7852
eŭpatori,菊ᴱᵁ̆,0,eu^patori,4841
leŭkant,菊ᴸᵁ̆,0,leu^kant,4830
aŭrikulari,菌ᴬᵁ̆,0,au^rikulari,5289
pleŭrot,菌ᴾᵁ̆,0,pleu^rot,5266
micetologi,菌学ᴹᶜ,0,micetologi,8499
bakteriolog,菌学家ᴮ,0,bakteriolog,8496
fungolog,菌学家ᶠ,0,fungolog,8495
rap,萝卜ᴿᴾ,0,rap,5046
stafilokok,葡萄球菌,0,stafilokok,7449
uveit,葡萄膜炎,0,uveit,9797
kaŭlerp,藻ᴷᵁ̆,0,kau^lerp,5188
bangiofic,藻藻ᴮᴼ,0,bangiofic,9990
aĥeronti,虫ᴬᴴ̂,0,ah^eronti,2520
aleŭrod,虫ᴬᵁ̆,0,aleu^rod,2484
braĥin,虫ᴮᴴ̂,0,brah^in,2519
eĥinokok,虫ᴱᴴ̂,0,eh^inokok,2521
liĝe,虫ᴸᴳ̂,0,lig^e,2451
kaŭstik,蚀ᴷᵁ̆,0,kau^stik,5971
proteid,蛋白ᴾᴰ,0,proteid,5919
leksikolog,词汇学家,0,leksikolog,9170
kateĥiz,诲ᴷᴴ̂,0,kateh^iz,6392
spektroskopi,谱镜ˢᴵ,0,spektroskopi,9645
stadium,赛场ˢᴹ,0,stadium,5659
hiperestezi,超感ᴴᴵ,0,hiperestezi,8952
kondr,软骨ᴷᴺ,0,kondr,6552
telefoni,远声ᵀᴵ,0,telefoni,9971
rekursi,递归ᴿˢ,0,rekursi,7140
jahurt,酸乳ᴶᴴ,0,jahurt,6818
eŭropi,金ᴱᵁ̆,0,eu^ropi,308
laŭrenci,金ᴸᵁ̆,0,lau^renci,348
osmiat,金盐ᴼˢ,0,osmiat,8536
tantalat,金盐ᵀᴺ,0,tantalat,8540
plumbit,铅盐ᴾᴵ,0,plumbit,9489
stanit,锡盐ˢᴵ,0,stanit,9660
stroboskopi,闪镜ˢᴵ,0,stroboskopi,9681
taĉment,队ᵀᶜ̂,0,tac^ment,4584
vaginism,阴道主义,0,vaginism,9801
pluvometr,雨计ᴾᴼ,0,pluvometr,9491
alabastr,雪花石膏,0,alabastr,7951
seismologi,震学ˢᴱ,0,seismologi,9603
seismograf,震记ˢᴱ,0,seismograf,9599
cianofit,青植ᶜᴼ,0,cianofit,8569
penicilinoterapi,青霉素疗,0,penicilinoterapi,9438
budĝet,预算ᴮᴰ,0,budĝet,4738
reŭmatism,风湿主义,0,reu^matism,9954
reŭmatolog,风湿学家,0,reu^matolog,9573
faeton,马车ᶠᵀ,0,faeton,7132
ekzorciz,驱魔ᴱᶻ,0,ekzorciz,6743
osteopati,骨病ᴼᴱ,0,osteopati,9390
medolit,髓炎ᴹᴰ,0,medolit,9282
mjelopati,髓病ᴹᴶ,0,mjelopati,9215
medolopati,髓病ᴹᴼ,0,medolopati,9216
altometr,高计ᴬᴼ,0,altometr,8388
anĉov,鱼ᴬᶜ̂,0,anc^ov,1522
iĥtio,鱼ᴵᴴ̂,0,ih^tio,1589
leŭcisk,鱼ᴸᵁ̆,0,leu^cisk,1574
merluĉ,鱼ᴹᶜ̂,0,merluc^,1563
perĉ,鱼ᴾᶜ̂,0,perc^,1528
traĥin,鱼ᵀᴴ̂,0,trah^in,1593
aŭk,鸟ᴬᵁ̆,0,au^k,1014
koturn,鸟ᴷᴼᵀ,0,koturn,1118
krakt,鸟ᴷᴿᴬ,0,krakt,1113
kurl,鸟ᴷᵁᴿ,0,kurl,1110
poliplektr,鸟ᴾᴼᴸ,0,poliplektr,1101
ptilonorink,鸟ᴾᵀᴵ,0,ptilonorink,1105
ĉifĉaf,鸟ᶜ̂ᶠ,0,c^ifc^af,1055
kasuar,鹤鸵ᴷˢ,0,kasuar,8119
doliĥot,鼠ᴰᴴ̂,0,dolih^ot,4422
hidroĥer,鼠ᴴᴴ̂,0,hidroh^er,4423
moloĥ,龙ᴹᴴ̂,0,moloh^,5951
karen,龙骨ᴷᴿ,0,karen,6344
kariofil,丁香ᴷ,0,kariofil,6259
lilak,丁香ᴸ,0,lilak,6260
kalejdoskop,万花筒,0,kalejdoskop,7193
terciar,三ᵀᶜ,0,terciar,142
trilobit,三叶受,0,trilobit,9777
trisakarid,三蔗子,0,trisakarid,9779
delt,三角洲,0,delt,6558
trimer,三链节,0,trimer,9778
super,上ˢᴾ,0,super,93
epiteliom,上皮瘤,0,epiteliom,8720
subaltern,下ˢᴸ,0,subaltern,81
sob,下ˢᴼ,0,sob,82
agnostik,不可知,0,agnostik,6831
pulĉinel,丑ᴾᴸ,0,pulc^inel,4949
aŭtokrat,专制ᴬ,0,au^tokrat,6805
oriental,东ᴼᴸ,0,oriental,2960
orientalism,东主义,0,orientalism,9366
orientolog,东学家,0,orientolog,9368
filigran,丝ᶠᴳ,0,filigran,2814
filament,丝ᶠᴸ,0,filament,2813
serioz,严ˢᴿ,0,serioz,2646
strikt,严ˢᵀ,0,strikt,2648
individual,个ᴵᴸ,0,individual,5397
individualism,个主义,0,individualism,9008
median,中ᴹᴰ,0,median,1707
mezant,中ᴹᵀ,0,mezant,1708
neŭtr,中ᴺᴱ,0,neu^tr,1706
neŭtron,中子ᴺ,0,neu^tron,9920
neŭtrin,中微子,0,neu^trin,8100
mezolitik,中石学,0,mezolitik,9245
senjor,主ˢᴺ,0,senjor,1846
subjektiv,主ˢⱽ,0,subjektiv,1844
precip,主ᴾᶜ,0,precip,1841
aortit,主脉炎,0,aortit,8435
optim,乐ᴼᴾ,0,optim,1978
hedonism,乐主义,0,hedonism,8885
optimist,乐家ᴼ,0,optimist,8888
perpleks,乱ᴾᴿ,0,perpleks,4339
papilom,乳头瘤,0,papilom,7371
mastoidit,乳突炎,0,mastoidit,9210
biceps,二头肌,0,biceps,6858
dikotiledon,二子叶,0,dikotiledon,8624
diod,二极管,0,diod,7798
dioksid,二氧化,0,dioksid,9859
diazotat,二氮盐,0,diazotat,8620
diklorid,二氯化,0,diklorid,8623
disulfid,二硫化,0,disulfid,8639
disakarid,二蔗子,0,disakarid,8635
dikromiat,二金盐,0,dikromiat,8625
dimer,二链节,0,dimer,8628
nef,云ᴺᶠ,0,nef,1717
lentan,五色梅,0,lentan,7539
hipotalam,亚丘脑,0,hipotalam,8970
hipokondr,亚软骨,0,hipokondr,8966
hipotenar,亚鱼际,0,hipotenar,8971
simpatektomi,交感除,0,simpatektomi,9624
antropolog,人学家,0,antropolog,8429
sapot,人心果,0,sapot,7701
margarin,人造油,0,margarin,6655
vendet,仇ⱽᴰ,0,vendet,5141
dielektrik,介电ᴰ,0,dielektrik,6312
dielektrikmetr,介电计,0,dielektrikmetr,8621
demoraliz,从德化,0,demoraliz,9854
deoksioz,从氧糖,0,deoksioz,10008
altruism,他主义,0,altruism,8392
kakt,仙人掌,0,kakt,5535
agent,代ᴬᴳ,0,agent,104
prokur,代ᴾᴷ,0,prokur,108
mimik,仿ᴹᴷ,0,mimik,2877
sfenisk,企鹅ˢ,0,sfenisk,7656
simpozi,会ˢᴹ,0,simpozi,3268
kolokv,会ᴷᴸ,0,kolokv,3266
konferenc,会ᴷᶠ,0,konferenc,3264
skandik,伞ˢᴷ,0,skandik,4458
selin,伞ˢᴸ,0,selin,4450
sanikl,伞ˢᴺ,0,sanikl,4454
sizar,伞ˢᴿ,0,sizar,4452
sezel,伞ˢᶻ,0,sezel,4451
angelik,伞ᴬᴳ,0,angelik,4442
ami,伞ᴬᴹ,0,ami,4444
antrisk,伞ᴬᴿ,0,antrisk,4455
kritm,伞ᴷᵀ,0,kritm,4449
pimpinel,伞ᴾᴹ,0,pimpinel,4461
umbelifer,伞ᵁᶠ,0,umbelifer,4443
pseŭd,伪ᴾˢ,0,pseu^d,2821
postiĉ,伪ᴾᵀ,0,postic^,2819
kompani,伴ᴷᴹ,0,kompani,2709
kompan,伴ᴷᴼ,0,kompan,2713
kamarad,伴ᴷᴿ,0,kamarad,2711
ekstens,伸ᴱᴷ,0,ekstens,3193
som,体ˢᴹ,0,som,1678
somat,体ˢᵀ,0,somat,1679
rezidu,余ᴿᶻ,0,rezidu,729
buda,佛ᴮᴬ,0,buda,4312
apostol,使ᴬᴾ,0,apostol,170
ambasador,使ᴬᴿ,0,ambasador,171
konfid,信ᴷᴺ,0,konfid,818
alize,信风ᴬ,0,alize,6908
pasat,信风ᴾ,0,pasat,6909
tak,倾ᵀᴷ,0,tak,188
fint,假ᶠᴺ,0,fint,3210
karis,假虎刺,0,karis,7576
deviaci,偏ᴰᶜ,0,deviaci,5995
paranoj,偏执ᴾ,0,paranoj,6694
stop,停ˢᵀ,0,stop,1893
salubr,健ˢᴸ,0,salubr,1738
aleator,偶ᴬᴸ,0,aleator,1867
pup,偶ᴾᴾ,0,pup,1861
hipnototerapi,催眠疗,0,hipnototerapi,8957
arogant,傲ᴬᴺ,0,arogant,4284
monak,僧ᴹᴷ,0,monak,5862
vokoid,元ⱽᴰ,0,vokoid,4697
fotokemi,光化学,0,fotokemi,8786
fototerapi,光疗ᶠ,0,fototerapi,8795
konkir,克ᴷᴵ,0,konkir,5369
panteist,全神家,0,panteist,9423
okta,八ᴼᵀ,0,okta,147
public,公ᴾᶜ,0,public,1870
heksa,六ᴴᴬ,0,heksa,145
sekstant,六分仪,0,sekstant,7956
epipaktid,兰ᴱᴾ,0,epipaktid,6670
koraloriz,兰ᴷᴿ,0,koraloriz,6671
orkide,兰ᴼᴱ,0,orkide,6659
oncidi,兰ᴼᴺ,0,oncidi,6665
ofri,兰ᴼᶠ,0,ofri,6660
cipripedi,兰ᶜᴾ,0,cipripedi,6669
komun,共ᴷᴹ,0,komun,100
sinonimik,共名学,0,sinonimik,9628
sinkronoskop,共时镜,0,sinkronoskop,9627
framason,共济会,0,framason,6362
kodeks,典ᴷᴰ,0,kodeks,3609
smilodont,兽ˢᴹ,0,smilodont,1463
agvara,兽ᴬᴳ,0,agvara,1428
alcelaf,兽ᴬᴸ,0,alcelaf,1445
armadel,兽ᴬᴿ,0,armadel,1446
blastocer,兽ᴮˢ,0,blastocer,1459
besti,兽ᴮᴵ,0,besti,1418
boselaf,兽ᴮᴸ,0,boselaf,1447
bradip,兽ᴮᴿ,0,bradip,1467
desmod,兽ᴰˢ,0,desmod,1429
dazip,兽ᴰᴬ,0,dazip,1466
dendrolag,兽ᴰᴰ,0,dendrolag,1460
dugong,兽ᴰᴳ,0,dugong,1430
dazipod,兽ᴰᶻ,0,dazipod,1444
ekidn,兽ᴱᴰ,0,ekidn,1420
gvemul,兽ᴳᴹ,0,gvemul,1432
gvanak,兽ᴳⱽ,0,gvanak,1431
ĥironekt,兽ᴴ̂,0,h^ironekt,1469
haliker,兽ᴴᴸ,0,haliker,1448
herpest,兽ᴴᴿ,0,herpest,1449
korsak,兽ᴷˢ,0,korsak,1436
koendu,兽ᴷᴰ,0,koendu,1435
kaguang,兽ᴷᴳ,0,kaguang,1450
karibu,兽ᴷᴿ,0,karibu,1434
kironekt,兽ᴷᵀ,0,kironekt,1455
ljam,兽ᴸᴶ,0,ljam,1413
lutreol,兽ᴸᴸ,0,lutreol,1451
megateri,兽ᴹᴳ,0,megateri,1456
monodelf,兽ᴹᴺ,0,monodelf,1457
marmoz,兽ᴹᴿ,0,marmoz,1437
martes,兽ᴹᵀ,0,martes,1438
mazam,兽ᴹᶻ,0,mazam,1423
orikteropod,兽ᴼᴰ,0,orikteropod,1464
okapi,兽ᴼᴷ,0,okapi,1424
orcin,兽ᴼᴿ,0,orcin,1425
orikterop,兽ᴼᵀ,0,orikterop,1461
ocelot,兽ᴼᶜ,0,ocelot,1439
pipistrel,兽ᴾᴾ,0,pipistrel,1462
procion,兽ᴾᴿ,0,procion,1443
pterop,兽ᴾᵀ,0,pterop,1440
tragelaf,兽ᵀᴳ,0,tragelaf,1458
tamandu,兽ᵀᴹ,0,tamandu,1452
unci,兽ᵁᶜ,0,unci,1417
falanger,兽ᶠᴸ,0,falanger,1453
zibet,兽ᶻᴮ,0,zibet,1427
zoologi,兽ᶻᴸ,0,zoologi,1404
valabi,兽ⱽᴸ,0,valabi,1442
venad,兽ⱽᴺ,0,venad,1426
zoogeografi,兽地志,0,zoogeografi,9828
zoolog,兽学家,0,zoolog,9829
endo,内ᴱᴰ,0,endo,111
imanent,内ᴵᴹ,0,imanent,113
intra,内ᴵᴿ,0,intra,114
endokrin,内分泌,0,endokrin,6367
endokardit,内心炎,0,endokardit,8694
militarism,军主义,0,militarism,9923
legionel,军团菌,0,legionel,7456
agrikultur,农ᴬᴷ,0,agrikultur,5796
krest,冠ᴷˢ,0,krest,4314
kalot,冠ᴷᴸ,0,kalot,4319
koronari,冠ᴷᴿ,0,koronari,4320
ĉampion,冠ᶜ̂,0,ĉampion,4315
koronariit,冠炎ᴷ,0,koronariit,9117
glaciolog,冰学家,0,glaciolog,8857
sprint,冲ˢᴺ,0,sprint,4622
frigid,冷ᶠᴳ,0,frigid,4144
kongel,冻ᴷᴺ,0,kongel,6440
kriogenik,冻生学,0,kriogenik,9132
dekrement,减ᴰᴷ,0,dekrement,722
diminu,减ᴰᴹ,0,diminu,723
koagul,凝ᴷᴳ,0,koagul,5895
kondens,凝ᴷᴺ,0,kondens,5896
prognat,凸ᴾᴳ,0,prognat,5511
eksport,出ᴱᴷ,0,eksport,49
emerĝ,出ᴱᴹ,0,emerg^,50
knokaŭt,击倒ᴷ,0,knokau^t,7856
deci,分ᴰᶜ,0,deci,208
molekul,分ᴹᴸ,0,molekul,205
tomi,切ᵀᴹ,0,tomi,1754
tangent,切ᵀᴺ,0,tangent,1757
skarifik,划ˢᴷ,0,skarifik,2734
pagaj,划ᴾᴳ,0,pagaj,2733
iniciat,创ᴵᶜ,0,iniciat,2549
traŭm,创ᵀᴿ,0,trau^m,2551
konvikt,判ᴷⱽ,0,konvikt,2528
livre,制服ᴸ,0,livre,5134
skovel,刷ˢᴷ,0,skovel,3651
strid,刺ˢᵀ,0,strid,2976
punktur,刺ᴾᴺ,0,punktur,2978
avers,前ᴬᴿ,0,avers,120
avan,前ᴬⱽ,0,avan,119
prostat,前列腺,0,prostat,6614
anatomi,剖ᴬᴵ,0,anatomi,6584
ĉizoj,剪ᶜ̂,0,c^izoj,2677
akcesor,副ᴬᴷ,0,akcesor,4704
epifenomen,副现象,0,epifenomen,8711
sekant,割ˢᴷ,0,sekant,6972
dinamism,力主义,0,dinamism,8629
aŭtomaci,动ᴬᶜ,0,au^tomaci,861
kinez,动ᴷᶻ,0,kinez,862
motor,动ᴹᵀ,0,motor,857
korsar,劫ᴷᴿ,0,korsar,6156
ŝkop,勺ˢ̂,0,s^kop,2557
bandaĝ,包ᴮᴺ,0,bandaĝ,2595
kemiterapi,化学疗,0,kemiterapi,9073
deka,十ᴰᴬ,0,deka,151
decimal,十ᴰᶜ,0,decimal,152
novembr,十一月,0,novembr,361
dodekafon,十二声,0,dodekafon,8645
decembr,十二月,0,decembr,362
dodekaedr,十二面,0,dodekaedr,8644
kilo,千ᴷᴵ,0,kilo,137
kilobajt,千字节,0,kilobajt,9075
parvenu,升ᴾⱽ,0,parvenu,3287
centaŭr,半人马,0,centau^r,7543
hemiceluloz,半胞糖,0,hemiceluloz,8322
hemiĥord,半脊索,0,hemih^ord,9884
kooper,协ᴷᴼ,0,kooper,4656
menu,单ᴹᴱ,0,menu,1154
monism,单主义,0,monism,9284
monokotiledon,单子叶,0,monokotiledon,9290
dromedar,单峰驼,0,dromedar,7523
monooksid,单氧化,0,monooksid,9297
monoteist,单神家,0,monoteist,9303
monosakarid,单蔗子,0,monosakarid,9300
monomer,单链节,0,monomer,9295
dokt,博ᴰᴼ,0,dokt,2805
erudit,博ᴱᵀ,0,erudit,2804
filantrop,博爱者,0,filantrop,8756
orakol,占ᴼᴿ,0,orakol,1240
halogenid,卤化ᴴ,0,halogenid,8884
sigel,印ˢᴳ,0,sigel,3004
print,印ᴾᴺ,0,print,3007
patric,印ᴾᵀ,0,patric,3008
impresionist,印象家,0,impresionist,9005
ovol,卵ᴼᴸ,0,ovol,2591
ovariit,卵巢炎,0,ovariit,9405
ovariektomi,卵巢除,0,ovariektomi,9404
salpingit,卵管炎,0,salpingit,9956
presuriz,压ᴾˢ,0,presuriz,1273
preg,压ᴾᴳ,0,preg,1272
barometr,压计ᴮ,0,barometr,7633
tensimetr,压计ᵀ,0,tensimetr,7634
centimetr,厘ᶜᴹ,0,centimetr,5316
primitiv,原ᴾᴹ,0,primitiv,266
pamp,原ᴾᴾ,0,pamp,269
primar,原ᴾᴿ,0,primar,268
proto,原ᴾᵀ,0,proto,267
arketip,原型ᴬ,0,arketip,8451
protokanajl,原恶棍,0,protokanajl,9532
ĝemin,双ᴳ̂,0,g^emin,282
brig,双帆船,0,brig,6945
refleksologi,反射学,0,refleksologi,9563
reaktor,反应堆,0,reaktor,6140
generator,发电ᴳ,0,generator,5884
ameb,变形虫,0,ameb,6042
kameleon,变色龙,0,kameleon,7483
ordinaci,叙ᴼᶜ,0,ordinaci,7056
renegat,叛ᴿᴺ,0,renegat,3971
stomatolog,口学家,0,stomatolog,9673
palatit,口顶炎,0,palatit,9413
arĥa,古ᴬᴬ,0,arh^a,4279
arkaik,古ᴬᴵ,0,arkaik,4280
arĥaik,古ᴬᴷ,0,arh^aik,4281
arkeo,古ᴬᴼ,0,arkeo,4276
arka,古ᴬᴿ,0,arka,4274
paleont,古ᴾᴺ,0,paleont,4278
arĥaism,古主义,0,arh^aism,8442
paleontologi,古学ᴾ,0,paleontologi,8449
arĥeolog,古学家,0,arh^eolog,8444
paleolitik,古石学,0,paleolitik,9416
platform,台ᴾᴸ,0,platform,4905
peron,台ᴾᴿ,0,peron,4902
limb,叶ᴸᴹ,0,limb,2083
frond,叶ᶠᴿ,0,frond,2084
semafor,号ˢᴹ,0,semafor,2580
kongru,合ᴷᴳ,0,kongru,4627
konjunkci,合ᴷᴶ,0,konjunkci,4628
kluĉ,合ᴷᴸ,0,kluc^,4625
konform,合ᴷᴺ,0,konform,4624
kombinaci,合ᴷᶜ,0,kombinaci,4629
korus,合唱ᴷ,0,korus,5388
izotop,同位素,0,izotop,6995
homozigot,同合子,0,homozigot,8989
nominal,名ᴺᴺ,0,nominal,875
tropism,向主义,0,tropism,9783
heliant,向日葵,0,heliant,7585
neg,否ᴺᴱ,0,neg,4878
negaci,否ᴺᶜ,0,negaci,4876
tonel,吨ᵀᴸ,0,tonel,5131
inklud,含ᴵᴰ,0,inklud,2707
implic,含ᴵᴹ,0,implic,2706
aŭskult,听ᴬˢ,0,aŭskult,987
ŝmac,吸ˢ̂,0,s^mac,5089
sorb,吸ˢᴿ,0,sorb,5088
hirud,吸血虫,0,hirud,7716
vampir,吸血鬼,0,vampir,6843
blag,吹ᴮᴳ,0,blag,2772
fat,命ᶠᴬ,0,fat,3705
pacif,和ᴾᶠ,0,pacif,666
pacifism,和主义,0,pacifism,9411
kluk,咕ᴷᴸ,0,kluk,3313
psokopter,咬虫翅,0,psokopter,9543
faringit,咽炎ᶠ,0,faringit,7359
filozofi,哲ᶠᴵ,0,filozofi,4526
labi,唇ᴸᴮ,0,labi,2924
labial,唇ᴸᴸ,0,labial,2925
solo,唯ˢᴼ,0,solo,1314
ronĝ,啃ᴿᴺ,0,rong^,6650
kvocient,商ᴷⱽ,0,kvocient,1664
knal,啪ᴷᴺ,0,knal,5760
he,喂ᴴᴱ,0,he,716
hoj,喂ᴴᴶ,0,hoj,717
laringolog,喉学家,0,laringolog,9164
anhel,喘ᴬᴺ,0,anhel,7207
ŝat,喜ˢ̂,0,ŝat,772
erupt,喷ᴱᵀ,0,erupt,4569
metonimi,喻ᴹᴺ,0,metonimi,5751
ŝuŝ,嘶ˢ̂,0,s^us^,6724
organism,器主义,0,organism,9365
divertikulektomi,囊室除,0,divertikulektomi,8642
cisticerk,囊尾虫,0,cisticerk,7857
foliklit,囊炎ᶠ,0,foliklit,8550
kvaternar,四ᴷᵀ,0,kvaternar,134
tetramer,四链节,0,tetramer,9747
etiolog,因学家,0,etiolog,8732
aglomer,团ᴬᴸ,0,aglomer,1799
bolus,团ᴮˢ,0,bolus,1798
kohort,团ᴷᴴ,0,kohort,1800
perikardiit,围心炎,0,perikardiit,9448
ŝtat,国ˢ̂,0,ŝtat,823
cirkonferenc,圆ᶜᴺ,0,cirkonferenc,1991
paniklit,圆锥炎,0,paniklit,9418
saturn,土ˢᵀ,0,saturn,615
pedolog,土学家,0,pedolog,8878
sakral,圣ˢᴷ,0,sakral,3046
ikonologi,圣像学,0,ikonologi,8998
ikonoklast,圣像屑,0,ikonoklast,8997
ikonografi,圣像志,0,ikonografi,8996
ikonostaz,圣像滞,0,ikonostaz,9000
ikonoskop,圣像镜,0,ikonoskop,8999
eŭkaristi,圣餐ᴱ,0,eu^karisti,6750
ĉe,在ᶜ̂,0,ĉe,97
geografi,地ᴳᴳ,0,geografi,945
teren,地ᵀᴺ,0,teren,944
topo,地ᵀᴾ,0,topo,946
geokemi,地化学,0,geokemi,8835
geosinklinal,地向斜,0,geosinklinal,8846
topologi,地学ᵀ,0,topologi,8840
geolog,地学家,0,geolog,8837
geomorfologi,地形学,0,geomorfologi,8843
geokronologi,地时学,0,geokronologi,8836
geotermik,地热学,0,geotermik,8848
geofizik,地物理,0,geofizik,8832
topograf,地记ᵀ,0,topograf,8834
aren,场ᴬᴿ,0,aren,3337
iskiatalgi,坐神痛,0,iskiatalgi,9023
fortik,坚ᶠᵀ,0,fortik,2826
konfirmaci,坚信礼,0,konfirmaci,7994
prolaps,垂ᴾᴸ,0,prolaps,7096
perpendikular,垂ᴾᴿ,0,perpendikular,7093
ptoz,垂ᴾᵀ,0,ptoz,7095
pituitari,垂体ᴾ,0,pituitari,7022
matric,型ᴹᵀ,0,matric,3548
tipografart,型记艺,0,tipografart,9752
redut,垒ᴿᴰ,0,redut,8104
bazament,基ᴮᴹ,0,bazament,3450
okluzi,堵ᴼᴷ,0,okluzi,3388
plastik,塑ᴾᴷ,0,plastik,5031
plasti,塑ᴾᴸ,0,plasti,5033
ekolog,境学家,0,ekolog,9863
kriptonim,墓窖名,0,kriptonim,9137
postament,墩ᴾˢ,0,postament,6521
foni,声ᶠᴵ,0,foni,1318
fonometr,声计ᶠ,0,fonometr,8773
karapac,壳ᴷᴾ,0,karapac,4186
kartoĉ,壳ᴷᵀ,0,kartoc^,4184
dispozici,处ᴰᶻ,0,dispozici,840
himen,处女膜,0,himen,8166
procesor,处理器,0,procesor,8031
prepar,备ᴾᴾ,0,prepar,1730
kompleks,复ᴷˢ,0,kompleks,2628
komplik,复ᴷᴹ,0,komplik,2627
restaŭr,复ᴿˢ,0,restau^r,2630
reprograf,复ᴿᴿ,0,reprograf,2635
recidiv,复ᴿᶜ,0,recidiv,2634
ekto,外ᴱᴷ,0,ekto,90
ekt,外ᴱᵀ,0,ekt,89
ekzo,外ᴱᶻ,0,ekzo,88
ksen,外ᴷˢ,0,ksen,91
vulvit,外阴炎,0,vulvit,9825
plur,多ᴾᴿ,0,plur,865
politeist,多神家,0,politeist,9514
polisakarid,多蔗子,0,polisakarid,9945
polimer,多链节,0,polimer,9942
piment,多香果,0,piment,7606
violonĉel,大提琴,0,violonc^el,6513
marmor,大理石,0,marmor,5985
glicin,大豆ᴳ,0,glicin,5911
seraf,天使ˢ,0,seraf,4005
aspartat,天冬盐,0,aspartat,8470
observatori,天文台,0,observatori,6815
uran,天王星,0,uran,5742
sfinglipid,天蛾脂,0,sfinglipid,9619
central,央ᶜᴸ,0,central,3149
centromer,央链节,0,centromer,8565
cefalaspidomorf,头甲形,0,cefalaspidomorf,8555
klem,夹ᴷᴸ,0,klem,4662
klip,夹ᴷᴾ,0,klip,4663
femin,女ᶠᴱ,0,femin,241
ginekolog,女学家,0,ginekolog,8850
sopran,女高音,0,sopran,6445
ŝmink,妆ˢ̂,0,s^mink,3726
putin,妓ᴾᵀ,0,putin,5997
prostituci,妓ᴾᶜ,0,prostituci,6000
komision,委ᴷᴺ,0,komision,3820
komitat,委ᴷᵀ,0,komitat,3819
alpini,姜ᴬᴸ,0,alpini,6757
etlinger,姜ᴱᵀ,0,etlinger,6761
kardamom,姜ᴷᴰ,0,kardamom,6762
aboc,字ᴬᴮ,0,aboc,2929
ekzistencial,存ᴱᴺ,0,ekzistencial,1783
konservativ,存ᴷᵀ,0,konservativ,1782
ekzistencialism,存主义,0,ekzistencialism,8658
ontologi,存在学,0,ontologi,9362
logi,学ᴸᴳ,0,logi,828
lingvistik,学ᴸᴺ,0,lingvistik,831
kosmolog,宇学家,0,kosmolog,9123
kosmonaŭtik,宇航学,0,kosmonau^tik,9126
garnizon,守ᴳᴺ,0,garnizon,2090
eŭtanazi,安乐死,0,eu^tanazi,6424
benzo,安息香,0,benzo,6031
mandaren,官ᴹᴺ,0,mandaren,3502
destin,定ᴰˢ,0,destin,1787
determin,定ᴰᵀ,0,determin,1788
reel,实ᴿᴱ,0,reel,2070
laboratori,实验室,0,laboratori,5571
reviz,审ᴿᴱ,0,reviz,5066
revizor,审ᴿᴿ,0,revizor,5068
deklaraci,宣ᴰᶜ,0,deklaraci,2751
ependimit,室膜炎,0,ependimit,8706
kapacitanc,容ᴷᴺ,0,kapacitanc,2941
liberal,宽ᴸᴮ,0,liberal,1691
larg,宽ᴸᴳ,0,larg,1692
parazitologi,寄生学,0,parazitologi,9428
paraziticid,寄生杀,0,paraziticid,9427
ĉifr,密ᶜ̂,0,c^ifr,2798
kodon,密码子,0,kodon,6847
alegori,寓ᴬᴸ,0,alegori,4008
apolog,寓ᴬᴾ,0,apolog,4009
oligomer,寡链节,0,oligomer,9356
kontrast,对ᴷˢ,0,kontrast,62
troposfer,对流层,0,troposfer,7672
kondukt,导ᴷᵀ,0,kondukt,1668
ĉiĉeron,导ᶜ̂,0,c^ic^eron,1669
hermet,封ᴴᴱ,0,hermet,2542
ŝot,射ˢ̂,0,s^ot,2608
projekci,射ᴾᴿ,0,projekci,2610
radiolog,射学家,0,radiolog,9556
radiofotografi,射拍志,0,radiofotografi,9553
aktinoterapi,射疗ᴬ,0,aktinoterapi,8370
aktinometr,射计ᴬ,0,aktinometr,8368
minor,小ᴹᴿ,0,minor,184
serenad,小夜曲,0,serenad,7454
vikun,小羊驼,0,vikun,7966
uro,尿ᵁᴼ,0,uro,4687
urolog,尿学家,0,urolog,9795
karbamid,尿素ᴷ,0,karbamid,6130
ureat,尿素盐,0,ureat,9788
ureemi,尿素血,0,ureemi,9789
urat,尿酸盐,0,urat,7825
stratum,层ˢᴹ,0,stratum,3191
espoz,展ᴱˢ,0,espoz,3198
ekspozici,展ᴱᴷ,0,ekspozici,3196
ekspon,展ᴱᴺ,0,ekspon,3197
evoluci,展ᴱᶜ,0,evoluci,3199
ŝoĥt,屠ˢ̂,0,s^oh^t,5314
karj,山核桃,0,karj,7304
filadelf,山梅花,0,filadelf,7479
petrolog,岩学家,0,petrolog,9461
enorm,巨ᴱᴺ,0,enorm,167
tukan,巨嘴鸟,0,tukan,7940
sklerotit,巩膜炎,0,sklerotit,9635
ŝaman,巫ˢ̂,0,s^aman,7644
propriet,己ᴾᵀ,0,propriet,706
bazar,市ᴮᶻ,0,bazar,1345
municip,市ᴹᴺ,0,municip,1347
ŝtof,布ˢ̂,0,ŝtof,3099
tik,布ᵀᴷ,0,tik,3100
ĵib,帆ᴶ̂,0,j^ib,4245
velar,帆ⱽᴿ,0,velar,4246
hals,帆索ᴴ,0,hals,7845
goelet,帆船ᴳ,0,goelet,7929
lugr,帆船ᴸ,0,lugr,7928
imperator,帝ᴵᵀ,0,imperator,4138
prote,帝王花,0,prote,7172
balte,带ᴮᴸ,0,balte,3435
bandolier,带ᴮᴺ,0,bandolier,3438
banderol,带ᴮᴿ,0,banderol,3437
ruband,带ᴿᴮ,0,ruband,3434
zonul,带ᶻᴸ,0,zonul,3440
beret,帽ᴮᴱ,0,beret,1922
kapuĉ,帽ᴷᴾ,0,kapuc^,1918
kasket,帽ᴷᵀ,0,kasket,1921
kapucen,帽ᴷᶜ,0,kapucen,1919
kuf,帽ᴷᶠ,0,kuf,1917
stratosfer,平流层,0,stratosfer,7892
ĥimer,幻ᴴ̂,0,h^imer,3518
halucinaci,幻ᴴᶜ,0,halucinaci,3523
fantast,幻ᶠˢ,0,fantast,3524
festival,庆ᶠⱽ,0,festival,1930
fon,底ᶠᴼ,0,fon,2088
abrogaci,废ᴬᴮ,0,abrogaci,4927
abrog,废ᴬᴿ,0,abrog,4926
abolici,废ᴬᶜ,0,abolici,4924
ruin,废ᴿᴺ,0,ruin,4922
pistak,开心果,0,pistak,7286
aperitiv,开胃酒,0,aperitiv,7953
disident,异ᴰˢ,0,disident,1613
diferenci,异ᴰᴵ,0,diferenci,1616
diferencial,异ᴰᴸ,0,diferencial,1614
ekzotik,异ᴱᴷ,0,ekzotik,1615
heterozigot,异合子,0,heterozigot,8917
heterogamet,异配子,0,heterogamet,8914
abandon,弃ᴬᴰ,0,abandon,4168
mod,式ᴹᴰ,0,mod,2573
modal,式ᴹᴸ,0,modal,2576
tonus,张ᵀˢ,0,tonus,6099
arkus,弧ᴬˢ,0,arkus,4025
ŝrapnel,弹ˢ̂,0,s^rapnel,4310
elastomer,弹链节,0,elastomer,8663
atribut,归ᴬᵀ,0,atribut,6985
repertuar,录ᴿᴾ,0,repertuar,2723
morfi,形ᴹᴵ,0,morfi,767
figur,形ᶠᴳ,0,figur,763
formal,形ᶠᴸ,0,formal,764
mikrokredit,微信受,0,mikrokredit,9259
mikroflaŭr,微植相,0,mikroflau^r,9253
mikromezuril,微测具,0,mikromezuril,9263
mikrobiologi,微生学,0,mikrobiologi,9249
mikropipet,微移液,0,mikropipet,9267
mikrospor,微胞子,0,mikrospor,9922
zefir,微风ᶻ,0,zefir,7048
kardi,心ᴷᴰ,0,kardi,813
psik,心ᴾˢ,0,psik,812
psikolog,心学家,0,psikolog,9061
kardiopati,心病ᴷ,0,kardiopati,9066
kardimiopati,心肌病,0,kardimiopati,9059
nepr,必ᴺᴾ,0,nepr,1232
alegr,快ᴬᴸ,0,alegr,1391
kolerik,怒ᴷᴷ,0,kolerik,1660
seksolog,性学家,0,seksolog,9604
impotent,性无能,0,impotent,7818
venerologi,性病学,0,venerologi,9812
ĝeneral,总ᴳ̂,0,ĝeneral,2668
polipoz,息肉症,0,polipoz,9512
malign,恶ᴹᴳ,0,malign,5477
mav,恶ᴹⱽ,0,mav,5478
ĉagren,恼ᶜ̂,0,ĉagren,4068
platan,悬铃木,0,platan,5616
trist,悲ᵀˢ,0,trist,4709
tragik,悲ᵀᴷ,0,tragik,4707
pesimism,悲主义,0,pesimism,9458
pasi,情ᴾˢ,0,pasi,3239
patos,情ᴾᵀ,0,patos,3242
ideal,想ᴵᴰ,0,ideal,1721
gajak,愈疮木,0,gajak,7525
signif,意ˢᴳ,0,signif,1646
intenc,意ᴵᴺ,0,intenc,1647
ideolog,意学家,0,ideolog,8992
idiotism,愚主义,0,idiotism,8993
sens,感ˢˢ,0,sens,1303
sentiment,感ˢᴹ,0,sentiment,1307
influenc,感ᴵᶠ,0,influenc,1306
volont,愿ⱽᴺ,0,volont,966
travesti,戏仿ᵀ,0,travesti,6927
prestidigitator,戏法员,0,prestidigitator,9525
polemolog,战学家,0,polemolog,9500
tonsil,扁桃ᵀ,0,tonsil,5927
tonsilit,扁桃炎,0,tonsilit,9763
tonsilektomi,扁桃除,0,tonsilektomi,9762
ĝeni,才ᴳ̂,0,g^eni,637
korbel,托ᴷᴿ,0,korbel,6949
buk,扣ᴮᴷ,0,buk,2782
ekzekuci,执ᴱᶜ,0,ekzekuci,5345
ekzekv,执ᴱⱽ,0,ekzekv,5346
amplifik,扩ᴬᴷ,0,amplifik,6403
ĵam,扰ᴶ̂,0,j^am,2847
ratifik,批ᴿᴷ,0,ratifik,6556
teknologi,技ᵀᴸ,0,teknologi,4147
inhib,抑ᴵᴺ,0,inhib,6170
protestant,抗ᴾᴺ,0,protestant,3347
rezistanc,抗ᴿᴺ,0,rezistanc,3348
antibiotik,抗生布,0,antibiotik,8412
refrakt,折ᴿᶠ,0,refrakt,3203
riport,报ᴿᴵ,0,riport,1628
refer,报ᴿᶠ,0,refer,1627
telegram,报ᵀᴹ,0,telegram,1625
kramf,抽筋ᴷ,0,kramf,6060
konvulsiterapi,抽风疗,0,konvulsiterapi,9113
bazidimicet,担子菌,0,bazidimicet,8507
trakci,拉ᵀᴷ,0,trakci,1325
fotogliptik,拍玉雕,0,fotogliptik,8783
fotolitografi,拍石志,0,fotolitografi,8788
fototelegraf,拍远记,0,fototelegraf,8793
traktor,拖ᵀᴷ,0,traktor,3558
ŝvabr,拭ˢ̂,0,s^vabr,3118
indikator,指ᴵᵀ,0,indikator,1150
indic,指ᴵᶜ,0,indic,1149
vibraci,振ⱽᶜ,0,vibraci,5766
oscilator,振具ᴼ,0,oscilator,9382
damaĝ,损ᴰᴹ,0,damaĝ,3154
eksklud,排ᴱᴰ,0,eksklud,4508
ekskreci,排ᴱᴿ,0,ekskreci,4509
kotlet,排ᴷᵀ,0,kotlet,4507
ŝov,推ˢ̂,0,ŝov,1823
propuls,推ᴾᴿ,0,propuls,1825
piktur,描ᴾᴷ,0,piktur,2972
interpol,插ᴵᵀ,0,interpol,6718
ŝancel,摇ˢ̂,0,ŝancel,4044
karambol,撞ᴷᴿ,0,karambol,5444
gimnast,操ᴳᴵ,0,gimnast,3961
manipul,操ᴹᴾ,0,manipul,3959
falĉator,收割具,0,falc^ator,8743
agres,攻ᴬᴳ,0,agres,2760
polit,政ᴾᴼ,0,polit,3339
politolog,政学家,0,politolog,9516
efekt,效ᴱᵀ,0,efekt,2072
antagon,敌ᴬᴺ,0,antagon,6372
antagonism,敌主义,0,antagonism,8410
pedagogi,教ᴾᴵ,0,pedagogi,1806
dispers,散ᴰᴾ,0,dispers,261
distr,散ᴰᵀ,0,distr,257
difuz,散ᴰᶠ,0,difuz,259
diverĝ,散ᴰⱽ,0,diverg^,260
diskredit,散信受,0,diskredit,8637
pietat,敬ᴾᴵ,0,pietat,3031
piet,敬ᴾᵀ,0,piet,3029
pietism,敬主义,0,pietism,9464
numeral,数ᴺᴿ,0,numeral,1950
apret,整ᴬᴾ,0,apret,949
apretur,整ᴬᴿ,0,apretur,952
rektifik,整ᴿᴷ,0,rektifik,953
kursiv,斜ᴷᴿ,0,kursiv,2533
strabometr,斜计ˢ,0,strabometr,9086
neo,新ᴺᴱ,0,neo,879
neologism,新ᴺᴸ,0,neologism,878
neolitik,新石学,0,neolitik,9319
kvadrat,方ᴷⱽ,0,kvadrat,1487
metodologi,方法学,0,metodologi,9240
galen,方铅矿,0,galen,8082
giro,旋ᴳᴼ,0,giro,5813
piruet,旋ᴾᴿ,0,piruet,5815
etnolog,族学家,0,etnolog,8736
nihil,无ᴺᴴ,0,nihil,78
nihilism,无主义,0,nihilism,9334
senestez,无感ˢ,0,senestez,9840
anarkist,无政家,0,anarkist,8399
anastigmat,无散光,0,anastigmat,8077
anaerobi,无气生,0,anaerobi,8397
anoksemi,无氧血,0,anoksemi,8408
abiogenez,无生源,0,abiogenez,8323
ateist,无神家,0,ateist,8479
anizotrop,无等向,0,anizotrop,8407
fig,无花果,0,fig,5492
dimanĉ,日ᴰᴹ,0,dimanĉ,360
heliografi,日光信,0,heliografi,8897
koron,日光环,0,koron,7564
heliograf,日光镜,0,heliograf,8896
kronostratigrafi,时层志,0,kronostratigrafi,9148
preskript,时效ᴾ,0,preskript,7027
stupor,昏ˢᵀ,0,stupor,4218
komat,昏ᴷᴹ,0,komat,4217
sider,星ˢᴰ,0,sider,2663
satelit,星ˢᵀ,0,satelit,2662
astrolog,星学家,0,astrolog,8472
astronaŭtik,星航学,0,astronau^tik,8476
jaroviz,春化ᴶ,0,jaroviz,8164
haloo,晕ᴴᴼ,0,haloo,6628
vespr,晚ⱽᴿ,0,vespr,1363
panoram,景ᴾᴺ,0,panoram,3505
sprit,智ˢᴾ,0,sprit,1828
tempest,暴风ᵀ,0,tempest,3978
kanzon,曲ᴷᴺ,0,kanzon,3828
hoke,曲棍球,0,hoke,6365
alternativ,替ᴬᵀ,0,alternativ,4265
lund,月ᴸᴰ,0,lund,626
dum,期ᴰᴹ,0,dum,123
sasafras,木ˢˢ,0,sasafras,566
sparti,木ˢᴬ,0,sparti,510
sorbus,木ˢᴮ,0,sorbus,509
sapind,木ˢᴰ,0,sapind,508
semekarp,木ˢᴱ,0,semekarp,567
sekvojadendr,木ˢᴶ,0,sekvojadendr,597
skin,木ˢᴷ,0,skin,464
sterkuli,木ˢᴸ,0,sterkuli,568
simarub,木ˢᴹ,0,simarub,430
strikn,木ˢᴺ,0,strikn,511
strofant,木ˢᴼ,0,strofant,569
spire,木ˢᴾ,0,spire,485
sarak,木ˢᴿ,0,sarak,483
strob,木ˢᵀ,0,strob,486
sumak,木ˢᵁ,0,sumak,487
sofor,木ˢᶠ,0,sofor,484
sviteni,木ˢⱽ,0,sviteni,533
angostur,木ᴬˢ,0,angostur,538
argani,木ᴬᴬ,0,argani,413
andromed,木ᴬᴰ,0,andromed,537
alatern,木ᴬᴱ,0,alatern,431
agatid,木ᴬᴳ,0,agatid,408
azimen,木ᴬᴵ,0,azimen,416
akebi,木ᴬᴷ,0,akebi,393
albizi,木ᴬᴸ,0,albizi,409
amirid,木ᴬᴹ,0,amirid,410
anagir,木ᴬᴺ,0,anagir,411
arktostafil,木ᴬᴼ,0,arktostafil,594
artokarp,木ᴬᴾ,0,artokarp,541
arali,木ᴬᴿ,0,arali,394
antiar,木ᴬᵀ,0,antiar,412
aŭkume,木ᴬᵁ,0,au^kume,414
aviceni,木ᴬᶜ,0,aviceni,435
akvifoli,木ᴬᶠ,0,akvifoli,539
azarol,木ᴬᶻ,0,azarol,415
avero,木ᴬⱽ,0,avero,396
bosveli,木ᴮˢ,0,bosveli,438
baobab,木ᴮᴮ,0,baobab,600
budle,木ᴮᴰ,0,budle,398
bignoni,木ᴮᴳ,0,bignoni,437
biks,木ᴮᴷ,0,biks,382
bold,木ᴮᴸ,0,bold,383
banjan,木ᴮᴺ,0,banjan,417
brusoneti,木ᴮᴼ,0,brusoneti,576
bertoleti,木ᴮᴿ,0,bertoleti,574
balat,木ᴮᵀ,0,balat,397
burser,木ᴮᵁ,0,burser,407
brunfelsi,木ᴮᶠ,0,brunfelsi,575
bugenvil,木ᴮⱽ,0,bugenvil,542
dalbergi,木ᴰᴮ,0,dalbergi,544
deodar,木ᴰᴰ,0,deodar,421
delonik,木ᴰᴷ,0,delonik,441
dileni,木ᴰᴸ,0,dileni,422
damar,木ᴰᴹ,0,damar,401
dipterik,木ᴰᴾ,0,dipterik,545
drimis,木ᴰᴿ,0,drimis,423
dipterokarp,木ᴰᵀ,0,dipterokarp,593
duri,木ᴰᵁ,0,duri,385
eskul,木ᴱˢ,0,eskul,404
eritroksil,木ᴱᴷ,0,eritroksil,589
ele,木ᴱᴸ,0,ele,380
empetr,木ᴱᴹ,0,empetr,424
eritren,木ᴱᴺ,0,eritren,443
epakrid,木ᴱᴾ,0,epakrid,442
ereti,木ᴱᴿ,0,ereti,403
eŭkalipt,木ᴱᵀ,0,eŭkalipt,607
efedr,木ᴱᶠ,0,efedr,402
grosulari,木ᴳˢ,0,grosulari,572
gardeni,木ᴳᴱ,0,gardeni,606
gink,木ᴳᴷ,0,gink,599
glediĉi,木ᴳᴸ,0,gledic^i,445
grumiŝam,木ᴳᴹ,0,grumis^am,447
gari,木ᴳᴿ,0,gari,387
guta,木ᴳᵀ,0,guta,388
garcini,木ᴳᶜ,0,garcini,444
gvaran,木ᴳⱽ,0,gvaran,426
hipokastan,木ᴴˢ,0,hipokastan,587
hikori,木ᴴᴷ,0,hikori,427
hamamelid,木ᴴᴸ,0,hamamelid,579
himene,木ᴴᴹ,0,himene,428
hipoman,木ᴴᴺ,0,hipoman,446
hipofe,木ᴴᴾ,0,hipofe,429
hur,木ᴴᴿ,0,hur,448
hematoksil,木ᴴᵀ,0,hematoksil,590
ĵaŭd,木ᴶ̂,0,ĵaŭd,365
jaborand,木ᴶᴮ,0,jaborand,548
johimb,木ᴶᴴ,0,johimb,489
jakarand,木ᴶᴷ,0,jakarand,549
kupres,木ᴷˢ,0,kupres,406
kvasi,木ᴷᴬ,0,kvasi,473
kobe,木ᴷᴮ,0,kobe,454
kad,木ᴷᴰ,0,kad,449
kubeb,木ᴷᴱ,0,kubeb,471
kanang,木ᴷᴳ,0,kanang,490
koril,木ᴷᴵ,0,koril,390
kajeput,木ᴷᴶ,0,kajeput,516
kokl,木ᴷᴷ,0,kokl,457
kola,木ᴷᴸ,0,kola,369
kumar,木ᴷᴹ,0,kumar,472
kalun,木ᴷᴺ,0,kalun,469
kolute,木ᴷᴼ,0,kolute,494
kopaiv,木ᴷᴾ,0,kopaiv,405
kornus,木ᴷᴿ,0,kornus,371
karite,木ᴷᵀ,0,karite,491
kus,木ᴷᵁ,0,kus,450
kacur,木ᴷᶜ,0,kacur,468
kofe,木ᴷᶠ,0,kofe,456
kluzi,木ᴷᶻ,0,kluzi,392
kava,木ᴷⱽ,0,kava,455
lentisk,木ᴸˢ,0,lentisk,525
laburn,木ᴸᴮ,0,laburn,495
liriodendr,木ᴸᴰ,0,liriodendr,592
lagerstrom,木ᴸᴳ,0,lagerstrom,611
likvidambar,木ᴸᴷ,0,likvidambar,596
longan,木ᴸᴺ,0,longan,497
larici,木ᴸᴿ,0,larici,496
lorant,木ᴸᵀ,0,lorant,498
lecitid,木ᴸᶜ,0,lecitid,524
lavsoni,木ᴸⱽ,0,lavsoni,523
malus,木ᴹˢ,0,malus,475
manilkar,木ᴹᴬ,0,manilkar,557
maduk,木ᴹᴰ,0,maduk,474
metroksil,木ᴹᴱ,0,metroksil,582
magnoli,木ᴹᴳ,0,magnoli,374
mahagon,木ᴹᴴ,0,mahagon,604
miristik,木ᴹᴵ,0,miristik,559
makeri,木ᴹᴷ,0,makeri,499
moli,木ᴹᴸ,0,moli,458
musend,木ᴹᴺ,0,musend,501
monodor,木ᴹᴼ,0,monodor,527
mirik,木ᴹᴿ,0,mirik,476
mangostan,木ᴹᵀ,0,mangostan,581
mug,木ᴹᵁ,0,mug,451
mangifer,木ᴹᶠ,0,mangifer,556
mezere,木ᴹᶻ,0,mezere,500
mangrov,木ᴹⱽ,0,mangrov,526
negund,木ᴺᴳ,0,negund,502
okrom,木ᴼᴷ,0,okrom,477
opul,木ᴼᴾ,0,opul,460
psidi,木ᴾˢ,0,psidi,481
pirakant,木ᴾᴬ,0,pirakant,563
podokarp,木ᴾᴰ,0,podokarp,564
pterokarp,木ᴾᴱ,0,pterokarp,583
pirus,木ᴾᴵ,0,pirus,480
pajen,木ᴾᴶ,0,pajen,478
pilokarp,木ᴾᴷ,0,pilokarp,562
palakvi,木ᴾᴸ,0,palakvi,528
pumili,木ᴾᴹ,0,pumili,505
pandan,木ᴾᴺ,0,pandan,503
papaŭ,木ᴾᴾ,0,papau^,479
pinastr,木ᴾᴿ,0,pinastr,530
pitang,木ᴾᵀ,0,pitang,504
pistaci,木ᴾᶜ,0,pistaci,531
paŭlovni,木ᴾⱽ,0,pau^lovni,561
rusk,木ᴿˢ,0,rusk,463
robur,木ᴿᴮ,0,robur,482
robini,木ᴿᴵ,0,robini,507
ramn,木ᴿᴹ,0,ramn,462
rambutan,木ᴿᵀ,0,rambutan,565
rafi,木ᴿᶠ,0,rafi,461
ravenal,木ᴿⱽ,0,ravenal,532
teobrom,木ᵀᴮ,0,teobrom,535
tamarind,木ᵀᴰ,0,tamarind,608
tipuan,木ᵀᴵ,0,tipuan,513
tujops,木ᵀᴶ,0,tujops,514
taksodi,木ᵀᴷ,0,taksodi,534
terminali,木ᵀᴹ,0,terminali,584
tonk,木ᵀᴺ,0,tonk,465
telope,木ᵀᴾ,0,telope,512
terebint,木ᵀᴿ,0,terebint,375
tetraklin,木ᵀᵀ,0,tetraklin,585
cestr,木ᶜˢ,0,cestr,399
ĉat,木ᶜ̂,0,c^at,378
cedrel,木ᶜᴰ,0,cedrel,418
ceratoni,木ᶜᴱ,0,ceratoni,543
cikas,木ᶜᴷ,0,cikas,400
celtid,木ᶜᴸ,0,celtid,419
cinamom,木ᶜᴺ,0,cinamom,440
cercid,木ᶜᴿ,0,cercid,420
celastr,木ᶜᵀ,0,celastr,439
cercidifil,木ᶜᶠ,0,cercidifil,588
cezalpini,木ᶜᶻ,0,cezalpini,577
forsiti,木ᶠˢ,0,forsiti,605
foradendr,木ᶠᴰ,0,foradendr,578
fenik,木ᶠᴺ,0,fenik,391
fortunel,木ᶠᴿ,0,fortunel,546
vikstremi,木ⱽᴷ,0,vikstremi,586
bombak,木棉ᴮ,0,bombak,6570
karik,木瓜ᴷ,0,karik,6244
cidoni,木瓜ᶜ,0,cidoni,6245
futurolog,未学家,0,futurolog,8806
ŝanc,机ˢ̂,0,ŝanc,2933
robot,机器人,0,robot,7734
prunus,李ᴾˢ,0,prunus,5626
anzu,杏ᴬᴺ,0,anzu,5157
sabin,杜松ˢ,0,sabin,7080
striat,条ˢᵀ,0,striat,4203
teniicid,条虫杀,0,teniicid,9711
pini,松ᴾᴵ,0,pini,3867
vajr,松鼠皮,0,vajr,8013
plak,板ᴾᴷ,0,plak,1967
panel,板ᴾᴺ,0,panel,1968
elektrod,极ᴱᴸ,0,elektrod,3480
paroks,极ᴾᴷ,0,paroks,3479
polar,极ᴾᴿ,0,polar,3477
paroksism,极主义,0,paroksism,9429
paradize,极乐鸟,0,paradize,8136
analitik,析ᴬᵀ,0,analitik,4272
ĝangal,林ᴳ̂,0,g^angal,5170
aliz,果ᴬᴸ,0,aliz,1166
graviol,果ᴳᴸ,0,graviol,1174
grapfrukt,果ᴳᴿ,0,grapfrukt,1171
kurm,果ᴷᴿ,0,kurm,1173
loganber,果ᴸᴳ,0,loganber,1176
mespil,果ᴹˢ,0,mespil,1169
rubus,果ᴿᴮ,0,rubus,1168
ĉerimoli,果ᶜ̂,0,c^erimoli,1175
frag,果ᶠᴳ,0,frag,1159
framb,果ᶠᴹ,0,framb,1162
fruktolog,果学家,0,fruktolog,8801
skafald,架ˢᴷ,0,skafald,6056
ĉarpent,架ᶜ̂,0,c^arpent,6055
kromosom,染色体,0,kromosom,6449
kromatin,染色质,0,kromatin,7898
limonad,柠檬水,0,limonad,7971
kegl,柱ᴷᴳ,0,kegl,4118
balustrad,栏ᴮᴸ,0,balustrad,4932
dendrologi,树学ᴰ,0,dendrologi,8441
dendrokronologi,树时学,0,dendrokronologi,8601
tromboz,栓症ᵀ,0,tromboz,8675
sampl,样ˢᴹ,0,sampl,5093
ribosom,核糖体,0,ribosom,6469
radikl,根ᴿᴸ,0,radikl,3351
pupitr,案ᴾᴾ,0,pupitr,5042
dokument,档ᴰᴷ,0,dokument,3597
ĉevron,梁ᶜ̂,0,c^evron,5723
navet,梭ᴺᵀ,0,navet,6255
meĥanism,械ᴹˢ,0,meĥanism,3941
mekanism,械ᴹᴱ,0,mekanism,3942
mekan,械ᴹᴷ,0,mekan,3944
meĥan,械ᴹᴺ,0,meh^an,3943
inspekt,检ᴵᴺ,0,inspekt,3169
lazaret,检疫院,0,lazaret,7799
ŝed,棚ˢ̂,0,s^ed,4065
barak,棚ᴮᴿ,0,barak,4063
fitogeografi,植地志,0,fitogeografi,8760
plantolog,植学家,0,plantolog,9484
piper,椒ᴾᴱ,0,piper,5029
elips,椭圆ᴱ,0,elips,5609
kompendi,概ᴷᴹ,0,kompendi,4488
ŝablon,模ˢ̂,0,s^ablon,4391
deficit,欠ᴰᶠ,0,deficit,3397
vodevil,歌舞剧,0,vodevil,8087
promen,步ᴾᴿ,0,promen,1960
kripl,残ᴷᴾ,0,kripl,4360
pulul,殖ᴾᴸ,0,pulul,4614
epizod,段ᴱᴾ,0,epizod,4512
toksin,毒ᵀᴺ,0,toksin,4251
virulent,毒ⱽᴸ,0,virulent,4252
virus,毒ⱽᴿ,0,virus,4249
virusologi,毒学ⱽ,0,virusologi,9761
toksolog,毒学家,0,toksolog,9758
karbunkl,毒疮ᴷ,0,karbunkl,7907
furunk,毒疮ᶠ,0,furunk,7906
pleŭronekt,比目鱼,0,pleu^ronekt,7203
trikofit,毛癣菌,0,trikofit,7975
mili,毫ᴹᴵ,0,mili,3947
demokrat,民ᴰᴱ,0,demokrat,1263
pleb,民ᴾᴸ,0,pleb,1264
civilizaci,民化态,0,civilizaci,8320
argon,气ᴬᴳ,0,argon,1382
atmosfer,气ᴬᵀ,0,atmosfer,1376
helium,气ᴴᴹ,0,helium,1385
ksenon,气ᴷˢ,0,ksenon,1388
niton,气ᴺᵀ,0,niton,1387
pneŭmatik,气ᴾᴷ,0,pneu^matik,1379
aklimatiz,气候化,0,aklimatiz,8361
klimatologi,气候学,0,klimatologi,9907
klimatoterapi,气候疗,0,klimatoterapi,9084
meteologi,气学ᴹ,0,meteologi,8341
aerolog,气学家,0,aerolog,8337
gasogen,气生ᴳ,0,gasogen,8811
traĥeotomi,气管切,0,trah^eotomi,9768
trakeofit,气管植,0,trakeofit,9770
traĥeit,气管炎,0,trah^eit,9766
aeronaŭtik,气航学,0,aeronau^tik,8350
aerometr,气计ᴬ,0,aerometr,8345
sulfamat,氨硫盐,0,sulfamat,9685
kloridemi,氯化血,0,kloridemi,9911
hidrogeologi,水地学,0,hidrogeologi,8927
hidrolog,水学家,0,hidrolog,8935
hidroaeroplan,水气划,0,hidroaeroplan,8919
hidroksid,水氧化,0,hidroksid,8933
hidrokarbid,水炭子,0,hidrokarbid,8930
hidrosulfit,水硫盐,0,hidrosulfit,8942
stakioz,水苏糖,0,stakioz,10007
postul,求ᴾˢ,0,postul,894
petici,求ᴾᶜ,0,petici,895
konverĝ,汇ᴷᴺ,0,konverg^,6072
ĥan,汗ᴴ̂,0,h^an,3404
benzinometr,汽油计,0,benzinometr,8511
sink,沉ˢᴺ,0,sink,5822
sedimentolog,沉学家,0,sedimentolog,9596
bitum,沥青ᴮ,0,bitum,6159
peĉ,沥青ᴾ,0,pec^,6158
kolz,油菜ᴷ,0,kolz,6480
krati,治ᴷᴵ,0,krati,1290
regi,治ᴿᴵ,0,regi,1288
metodik,法ᴹᴷ,0,metodik,1901
blaz,泡ᴮᴸ,0,blaz,5196
ŝlim,泥ˢ̂,0,s^lim,4349
dakriocistit,泪囊炎,0,dakriocistit,8580
jalap,泻块根,0,jalap,8005
oceanolog,洋学家,0,oceanolog,9344
spele,洞ˢᴾ,0,spele,3252
kavern,洞ᴷᴿ,0,kavern,3249
speleolog,洞学家,0,speleolog,9646
vigl,活ⱽᴳ,0,vigl,960
vivulicid,活者杀,0,vivulicid,9821
skol,派ˢᴸ,0,skol,4763
deriv,派ᴰᴿ,0,deriv,4762
metri,测ᴹᵀ,0,metri,1941
ukij,浮世绘,0,ukij,7587
eĥinoderm,海胆皮,0,eh^inoderm,8652
impregn,浸ᴵᴹ,0,impregn,4234
marin,浸ᴹᴿ,0,marin,4231
eluvi,淋ᴱⱽ,0,eluvi,4089
limfat,淋ᴸᵀ,0,limfat,4087
limfatism,淋主义,0,limfatism,9177
gonokokemi,淋菌血,0,gonokokemi,8868
flegm,淡ᶠᴸ,0,flegm,6192
sinkretism,混主义,0,sinkretism,9626
oratori,清唱剧,0,oratori,7428
kanalizaci,渠ᴷᶻ,0,kanalizaci,5430
ŝlak,渣ˢ̂,0,s^lak,5490
tepid,温ᵀᴾ,0,tepid,3545
termi,温ᵀᴿ,0,termi,3544
tramp,游ᵀᴹ,0,tramp,2948
higr,湿ᴴᴳ,0,higr,4135
etimolog,源学家,0,etimolog,8730
ŝus,滑ˢ̂,0,s^us,3223
sinovi,滑ˢᴺ,0,sinovi,3222
sket,滑ˢᵀ,0,sket,3224
skut,滑ˢᵁ,0,skut,3225
glat,滑ᴳᴬ,0,glat,3221
staz,滞ˢᶻ,0,staz,6068
kolimb,潜鸟ᴷ,0,kolimb,6923
podicip,潜鸟ᴾ,0,podicip,6925
delikvesk,潮解ᴰ,0,delikvesk,8151
stimulin,激素ˢ,0,stimulin,7549
pirgeometr,火地计,0,pirgeometr,9469
vulkanologi,火山学,0,vulkanologi,9824
pirheliometr,火日计,0,pirheliometr,9470
pirogajl,火树瘤,0,pirogajl,9472
flameng,火烈鸟,0,flameng,8003
pirosulfat,火硫盐,0,pirosulfat,9476
lucern,灯ᴸᶜ,0,lucern,2912
poliomjelit,灰髓炎,0,poliomjelit,9509
spiritual,灵ˢᴸ,0,spiritual,2655
spiritualism,灵主义,0,spiritualism,9653
cibet,灵猫香,0,cibet,8024
primatologi,灵长学,0,primatologi,9526
kataklism,灾ᴷᴷ,0,kataklism,4596
kalorifer,炉ᴷᴸ,0,kalorifer,3655
fornel,炉ᶠᴸ,0,fornel,3657
koriz,炎ᴷᴿ,0,koriz,3811
poent,点ᴾᵀ,0,poent,1277
cigar,烟ᶜᴵ,0,cigar,2840
karbonar,烧炭党,0,karbonar,7742
termik,热ᵀᴷ,0,termik,2870
furor,热ᶠᴿ,0,furor,2869
termoelektron,热电子,0,termoelektron,9725
termosifon,热虹吸,0,termosifon,9740
termoregulig,热规使,0,termoregulig,9737
kulinar,烹ᴷᴸ,0,kulinar,1683
fokusterapi,焦点疗,0,fokusterapi,8767
iluminaci,照ᴵᶜ,0,iluminaci,3580
filolog,爱学家,0,filolog,8759
patri,父ᴾᴵ,0,patri,892
lamel,片ᴸᴸ,0,lamel,1250
medalion,牌ᴹᴺ,0,medalion,6203
gingivit,牙肉炎,0,gingivit,8852
ĉement,牙骨质,0,c^ement,7648
pastr,牧ᴾˢ,0,pastr,3861
pastor,牧ᴾᴼ,0,pastor,3863
medikag,牧草ᴹ,0,medikag,6874
fiziografi,物理志,0,fiziografi,8762
fizioterapi,物理疗,0,fizioterapi,9873
specifik,特ˢᴷ,0,specifik,3081
specif,特ˢᶠ,0,specif,3078
koncesi,特许ᴷ,0,koncesi,5870
ŝpic,犬ˢ̂,0,ŝpic,1641
fanatik,狂ᶠᴺ,0,fanatik,3779
furioz,狂ᶠᶻ,0,furioz,3776
skarlatin,猩红热,0,skarlatin,8034
eritroni,猪牙花,0,eritroni,8147
strig,猫头鹰,0,strig,5666
simfalang,猴ˢᴹ,0,simfalang,7400
atel,猴ᴬᴸ,0,atel,7377
aluat,猴ᴬᵀ,0,aluat,7382
galag,猴ᴳᴸ,0,galag,7389
hulman,猴ᴴᴸ,0,hulman,7390
kalitriks,猴ᴷᵀ,0,kalitriks,7397
kaliceb,猴ᴷᶜ,0,kaliceb,7392
lagotrik,猴ᴸᴳ,0,lagotrik,7396
mandril,猴ᴹᴺ,0,mandril,7393
pitek,猴ᴾᴷ,0,pitek,7403
parantrop,猴ᴾᴺ,0,parantrop,7399
presbit,猴ᴾᴿ,0,presbit,7394
tarsi,猴ᵀᴿ,0,tarsi,7388
cerkopitek,猴ᶜᴿ,0,cerkopitek,7401
aktinidi,猴桃ᴬ,0,aktinidi,7005
jasp,玉ᴶˢ,0,jasp,6780
jaspis,玉ᴶᴾ,0,jaspis,6781
raĝ,王ᴿᴬ,0,rag^,2619
rojal,王ᴿᴶ,0,rojal,2620
rojalism,王主义,0,rojalism,9581
rojalist,王党者,0,rojalist,9582
cirkul,环ᶜᴿ,0,cirkul,3362
aktual,现ᴬᴷ,0,aktual,687
vitre,玻ⱽᴱ,0,vitre,2026
globin,珠蛋白,0,globin,6223
balon,球ᴮᴺ,0,balon,2983
glomerul,球ᴳᴹ,0,glomerul,2985
globulin,球蛋白,0,globulin,7003
racional,理ᴿᴺ,0,racional,1987
harmonik,琴ᴴᴹ,0,harmonik,5022
elateri,瓜ᴱᴸ,0,elateri,4979
kukumis,瓜ᴷˢ,0,kukumis,4977
kantalup,瓜ᴷᴺ,0,kantalup,4980
kukurb,瓜ᴷᴿ,0,kukurb,4970
momordik,瓜ᴹᴹ,0,momordik,4981
melopep,瓜ᴹᴾ,0,melopep,4971
potiron,瓜ᴾᵀ,0,potiron,4978
vathorometr,瓦钟计,0,vathorometr,9809
fiol,瓶ᶠᴵ,0,fiol,2777
patat,甘薯ᴾ,0,patat,7865
bi,生ᴮᴵ,0,bi,884
bio,生ᴮᴼ,0,bio,885
gener,生ᴳᴿ,0,gener,886
plazi,生ᴾᴸ,0,plazi,888
biokemi,生化学,0,biokemi,8525
biontologi,生在学,0,biontologi,8530
biogeografi,生地志,0,biogeografi,8523
biolog,生学家,0,biolog,8526
biofizik,生物理,0,biofizik,8521
fiziologi,生理学,0,fiziologi,9980
tireotomi,甲状切,0,tireotomi,9755
tiroidit,甲状炎,0,tiroidit,9757
tiroidektomi,甲状除,0,tiroidektomi,9756
elektronik,电ᴱᴺ,0,elektronik,3175
galvanoterapi,电疗ᴳ,0,galvanoterapi,7850
galvanometr,电计ᴳ,0,galvanometr,8668
galvanoskop,电镜ᴳ,0,galvanoskop,8670
bariton,男中音,0,bariton,7143
tenor,男高音,0,tenor,6398
skeptik,疑ˢᴷ,0,skeptik,1496
kazuist,疑难家,0,kazuist,9072
ekzem,疹ᴱᴹ,0,ekzem,6730
patolog,病学家,0,patolog,9433
sindrom,症ˢᴺ,0,sindrom,6084
algiolog,痛学家,0,algiolog,8374
varik,瘤ⱽᴬ,0,varik,5687
plegi,瘫ᴾᴸ,0,plegi,5002
paraliz,瘫ᴾᴿ,0,paraliz,5001
parez,瘫ᴾᶻ,0,parez,5003
karcinom,癌ᴷᴿ,0,karcinom,4577
katarakt,白内障,0,katarakt,8155
albugineit,白膜炎,0,albugineit,8372
albumin,白蛋白,0,albumin,6593
leŭkemi,白血病,0,leu^kemi,8044
platenat,白金盐,0,platenat,9939
centezimal,百ᶜᶻ,0,centezimal,140
megavat,百万瓦,0,megavat,9916
ŝutr,百叶窗,0,s^utr,7722
kokluŝ,百日咳,0,koklus^,7578
timian,百里香,0,timian,7407
dermat,皮ᴰᵀ,0,dermat,2862
dermatolog,皮学家,0,dermatolog,8608
kaset,盒ᴷᵀ,0,kaset,3071
koalici,盟ᴷᴸ,0,koalici,5085
oftalm,目ᴼᶠ,0,oftalm,1237
oftalmolog,目学家,0,oftalmolog,9347
palpebrit,目皮炎,0,palpebrit,9417
cekumit,盲肠炎,0,cekumit,8559
helikopter,直升机,0,helikopter,5377
rektumoskop,直肠镜,0,rektumoskop,9566
ortoromb,直角菱,0,ortoromb,9380
fizionomi,相ᶠᴺ,0,fizionomi,5061
provincial,省ᴾᴸ,0,provincial,3382
provincialism,省主义,0,provincialism,9537
tarzit,眼板炎,0,tarzit,9699
kobr,眼镜蛇,0,kobr,7943
vokt,督ⱽᴷ,0,vokt,6187
celakant,矛尾鱼,0,celakant,8080
gnoz,知ᴳᶻ,0,gnoz,931
amfibrak,短长短,0,amfibrak,7871
gipsofil,石膏爱,0,gipsofil,8853
antimon,矿ᴬᴺ,0,antimon,4388
minera,矿ᴹᴵ,0,minera,4387
mineral,矿ᴹᴿ,0,mineral,4382
selenid,矿化ˢ,0,selenid,8453
mineralog,矿学家,0,mineralog,9271
selenat,矿盐ˢ,0,selenat,9607
telurit,矿盐ᵀ,0,telurit,9609
tomahok,砍ᵀᴹ,0,tomahok,3798
ĉifon,破ᶜ̂,0,ĉifon,1736
tetanos,破伤风,0,tetanos,7559
silici,硅ˢᴵ,0,silici,5737
silik,硅ˢᴷ,0,silik,5736
sulfin,硫ˢᴺ,0,sulfin,5707
sulfur,硫ˢᴿ,0,sulfur,5705
sulfcianat,硫青盐,0,sulfcianat,9686
konstat,确ᴷˢ,0,konstat,658
fragment,碎ᶠᴳ,0,fragment,4121
karboni,碳ᴷᴵ,0,karboni,4589
karbur,碳ᴷᴿ,0,karbur,4588
magnetofon,磁ᴹᶠ,0,magnetofon,4859
magnetit,磁铁矿,0,magnetit,10025
pumik,磨ᴾᴹ,0,pumik,3127
fosfo,磷ᶠᴼ,0,fosfo,5740
fosfor,磷ᶠᴿ,0,fosfor,5739
fosfaturi,磷盐尿,0,fosfaturi,8780
fosfatemi,磷盐血,0,fosfatemi,8779
manifestaci,示ᴹᶠ,0,manifestaci,852
ĝentil,礼ᴳ̂,0,ĝentil,2063
social,社ˢᴸ,0,social,3370
societ,社ˢᵀ,0,societ,3371
sociolog,社学家,0,sociolog,9638
atavism,祖主义,0,atavism,8477
teism,神主义,0,teism,8587
teolog,神学家,0,teolog,9716
deist,神家ᴰ,0,deist,8590
neŭrotrop,神经向,0,neu^rotrop,9333
nervologi,神经学,0,nervologi,9323
neŭrasteni,神经弱,0,neu^rasteni,9326
neŭrit,神经炎,0,neu^rit,9930
neŭropati,神经病,0,neu^ropati,9330
neŭroz,神经症,0,neu^roz,9931
neŭralgi,神经痛,0,neu^ralgi,9325
neŭrom,神经瘤,0,neu^rom,9329
neŭropter,神经翅,0,neu^ropter,9331
mitologi,神话学,0,mitologi,9280
mitomani,神话狂,0,mitomani,9925
balot,票ᴮᴬ,0,balot,3143
ĉek,票ᶜ̂,0,ĉek,3142
prohib,禁ᴾᴿ,0,prohib,4669
ion,离子ᴵ,0,ion,5805
jonosfer,离子球,0,jonosfer,9047
partikular,私ᴾᵀ,0,partikular,3343
kolĉik,秋水仙,0,kolc^ik,7894
speci,种ˢᴵ,0,speci,2002
spec,种ˢᴾ,0,spec,2000
sekci,科ˢᴷ,0,sekci,3050
sekretari,秘ˢᴿ,0,sekretari,3054
kabal,秘ᴷᴮ,0,kabal,3057
konfidenci,秘ᴷᴵ,0,konfidenci,3056
ĉart,租ᶜ̂,0,c^art,3291
kvalif,称ᴷⱽ,0,kvalif,4481
procedur,程ᴾᴰ,0,procedur,4492
proces,程ᴾᶜ,0,proces,4490
procez,程ᴾᶻ,0,procez,4491
vaku,空ⱽᵁ,0,vaku,3375
permeabl,穿ᴾᴿ,0,permeabl,56
perfor,穿ᴾᶠ,0,perfor,57
tred,穿ᵀᴰ,0,tred,55
manis,穿山甲,0,manis,7839
sturm,突ˢᵀ,0,sturm,3094
stereotomi,立体切,0,stereotomi,9669
stereofon,立体声,0,stereofon,9662
stereografi,立体志,0,stereografi,9664
stereometri,立体测,0,stereometri,9665
stereoskop,立体镜,0,stereoskop,9667
konkurs,竞ᴷˢ,0,konkurs,4341
konkurenc,竞ᴷᴺ,0,konkurenc,4342
bambuz,竹ᴮᶻ,0,bambuz,4723
fasm,竹节虫,0,fasm,7307
flut,笛ᶠᴸ,0,flut,3761
fifr,笛ᶠᶠ,0,fifr,3762
semio,符ˢᴱ,0,semio,3068
simbol,符ˢᴹ,0,simbol,3067
ekvivalent,等ᴱᴷ,0,ekvivalent,2076
kariokinez,等分ᴷ,0,kariokinez,7779
izoŝunt,等分流,0,izos^unt,9038
izocianat,等青盐,0,izocianat,9025
komput,算ᴷᴹ,0,komput,1649
ŝalm,管ˢ̂,0,s^alm,3903
administraci,管ᴬᶜ,0,administraci,3905
kontener,箱ᴷᴺ,0,kontener,2897
kofr,箱ᴷᶠ,0,kofr,2896
kategori,类ᴷᵀ,0,kategori,4601
pudr,粉ᴾᴰ,0,pudr,3765
polen,粉ᴾᴺ,0,polen,3766
polenolog,粉学家,0,polenolog,9502
granul,粒ᴳᴺ,0,granul,211
granol,粒ᴳᴼ,0,granol,214
granulocitemi,粒胞血,0,granulocitemi,10018
spermati,精ˢᴵ,0,spermati,4776
niks,精ᴺᴷ,0,niks,4774
verumontanit,精丘炎,0,verumontanit,9813
spermicid,精液杀,0,spermicid,9651
spermogoni,精液源,0,spermogoni,9652
sakarid,糖ˢᴰ,0,sakarid,2017
glik,糖ᴳᴵ,0,glik,2016
gluk,糖ᴳᴸ,0,gluk,2015
glucid,糖ᴳᶜ,0,glucid,2018
kand,糖ᴷᴰ,0,kand,2013
glikogenogenez,糖原源,0,glikogenogenez,8859
glikogenoliz,糖原解,0,glikogenoliz,8860
glukuri,糖尿ᴳ,0,glukuri,6293
spalir,系ˢᴾ,0,spalir,3534
genealog,系学家,0,genealog,8827
vegan,素ⱽᴺ,0,vegan,3602
rizofor,红树ᴿ,0,rizofor,7802
eritropoezin,红生素,0,eritropoezin,8723
hemati,红胞ᴴ,0,hemati,6892
eritrocitemi,红胞血,0,eritrocitemi,10017
fibrin,纤蛋白,0,fibrin,7249
konvenci,约ᴷⱽ,0,konvenci,4345
kaskad,级ᴷˢ,0,kaskad,1811
mediastinit,纵隔炎,0,mediastinit,9211
papirologi,纸草学,0,papirologi,9425
franĝ,纹ᶠᴺ,0,frang^,6090
line,线ᴸᴱ,0,line,1938
linear,线ᴸᴿ,0,linear,1939
organiz,组ᴼᴿ,0,organiz,251
detal,细ᴰᵀ,0,detal,2796
mikrobologi,细菌学,0,mikrobologi,9250
mikrobicid,细菌杀,0,mikrobicid,9248
trik,织ᵀᴿ,0,trik,3889
trikot,织ᵀᵀ,0,trikot,3890
histolog,织学家,0,histolog,8976
final,终ᶠᴸ,0,final,757
knot,结ᴷᵀ,0,knot,1701
skrofol,结核ˢ,0,skrofol,6467
ftizologi,结核学,0,ftizologi,8804
tuberkulin,结核素,0,tuberkulin,6652
litiaz,结石ᴸ,0,litiaz,7572
kojlostomi,结肠漏,0,kojlostomi,9092
kojlit,结肠炎,0,kojlit,9912
kojlektomi,结肠除,0,kojlektomi,9091
konjunktivit,结膜炎,0,konjunktivit,9111
scil,绵枣儿,0,scil,8074
remit,缓ᴿᴹ,0,remit,6488
redaktor,编ᴿᴿ,0,redaktor,3632
ŝrump,缩ˢ̂,0,s^rump,6248
retikul,网ᴿᴷ,0,retikul,3034
retinit,网膜炎,0,retinit,9570
retinopati,网膜病,0,retinopati,9571
penal,罚ᴾᴸ,0,penal,3018
kloŝ,罩ᴷᴸ,0,klos^,3934
krim,罪ᴷᴿ,0,krim,2560
krimolog,罪学家,0,krimolog,9130
karakul,羊ᴷᴿ,0,karakul,2641
muflon,羊ᴹᶠ,0,muflon,2639
pergamen,羊皮纸,0,pergamen,7741
selaginel,羊齿ˢ,0,selaginel,6014
azol,羊齿ᴬ,0,azol,6006
davali,羊齿ᴰ,0,davali,6008
kriptogram,羊齿ᴷ,0,kriptogram,6016
nefrolepid,羊齿ᴺ,0,nefrolepid,6017
pterid,羊齿ᴾ,0,pterid,6005
ceterak,羊齿ᶜ,0,ceterak,6010
pteridofit,羊齿植,0,pteridofit,9545
rea,美洲鸵,0,rea,7681
pterig,翅ᴾᴳ,0,pterig,5719
revers,翻ᴿⱽ,0,revers,3877
pteraspidmorf,翼甲形,0,pteraspidmorf,9544
ŝpat,耕ˢ̂,0,s^pat,2910
pubiotomi,耻骨切,0,pubiotomi,9547
feder,联ᶠᴱ,0,feder,3446
federal,联ᶠᴸ,0,federal,3447
kim,聚伞ᴷ,0,kim,8089
bugr,肛交ᴮ,0,bugr,6622
ile,肠ᴵᴸ,0,ile,4609
enterit,肠炎ᴱ,0,enterit,9003
pneŭmoni,肺ᴾᴵ,0,pneu^moni,4498
pneŭmon,肺ᴾᴺ,0,pneu^mon,4497
pjelit,肾盆炎,0,pjelit,9480
onkologi,肿瘤学,0,onkologi,9360
onkogen,肿瘤生,0,onkogen,9359
turgesk,胀ᵀˢ,0,turgesk,5781
gaster,胃ᴳᴱ,0,gaster,3385
gastrospasm,胃抽筋,0,gastrospasm,8824
stomakit,胃炎ˢ,0,stomakit,8817
gastrenterit,胃肠炎,0,gastrenterit,8815
kardjotomi,胃门切,0,kardjotomi,9069
kardjalgi,胃门痛,0,kardjalgi,9068
kolecistit,胆囊炎,0,kolecistit,9097
kolesterolemi,胆醇血,0,kolesterolemi,9099
embriolog,胚学家,0,embriolog,8680
cito,胞ᶜᵀ,0,cito,4745
citoz,胞ᶜᶻ,0,citoz,4746
sporofit,胞子植,0,sporofit,9657
sporogoni,胞子源,0,sporogoni,9658
sporangi,胞子脉,0,sporangi,9962
citologi,胞学ᶜ,0,citologi,8554
citolog,胞学家,0,citolog,8574
karot,胡萝卜,0,karot,3803
pankreas,胰ᴾˢ,0,pankreas,6423
insulin,胰岛素,0,insulin,6601
gum,胶ᴳᴹ,0,gum,3582
koloid,胶ᴷᴸ,0,koloid,3584
bust,胸ᴮˢ,0,bust,2054
pleŭrit,胸膜炎,0,pleu^rit,9487
kompetent,能ᴷᴹ,0,kompetent,904
steat,脂ˢᵀ,0,steat,2855
lipid,脂ᴸᴾ,0,lipid,2854
lipoprotein,脂蛋白,0,lipoprotein,9181
angi,脉ᴬᴺ,0,angi,5203
vaskul,脉ⱽˢ,0,vaskul,5205
angiit,脉炎ᴬ,0,angiit,8457
vejnit,脉炎ⱽ,0,vejnit,8456
koroidit,脉膜炎,0,koroidit,9913
tabet,脊髓病,0,tabet,6947
cerebr,脑ᶜᴿ,0,cerebr,3468
meningit,脑膜炎,0,meningit,9228
pio,脓ᴾᴵ,0,pio,5630
striptiz,脱衣舞,0,striptiz,6571
kasi,腊肠树,0,kasi,7987
sapr,腐ˢᴿ,0,sapr,4503
parotidit,腮腺炎,0,parotidit,9430
adenoidit,腺似炎,0,adenoidit,8327
plastr,膏ᴾᴸ,0,plastr,5331
aŭtism,自主义,0,au^tism,9849
naturaliz,自然化,0,naturaliz,9978
naturalist,自然家,0,naturalist,9311
aŭtobiografi,自生志,0,au^tobiografi,8483
ozonterapi,臭氧疗,0,ozonterapi,9410
ozonometr,臭氧计,0,ozonometr,9409
sesdeknaŭ,舔吸ˢ,0,sesdeknau^,7496
kajak,舟ᴷᴶ,0,kajak,3460
kanot,舟ᴷᵀ,0,kanot,3458
navigaci,航ᴺᶜ,0,navigaci,4292
fregat,舰ᶠᴿ,0,fregat,6889
benign,良ᴮᴳ,0,benign,739
erot,色ᴱᴿ,0,erot,1190
kromat,色ᴷᴿ,0,kromat,1189
erotologi,色情学,0,erotologi,8725
erotomani,色情狂,0,erotomani,8726
kromofotografi,色拍志,0,kromofotografi,9142
kromolitografi,色石志,0,kromolitografi,9143
strof,节ˢᵀ,0,strof,4940
artr,节ᴬᴿ,0,artr,4941
dietik,节ᴰᴷ,0,dietik,4943
ganglion,节ᴳᴺ,0,ganglion,4944
gangliit,节炎ᴳ,0,gangliit,8462
granit,花岗岩,0,granit,6862
feston,花环ᶠ,0,feston,5513
ŝos,芽ˢ̂,0,s^os,4741
pomolog,苹学家,0,pomolog,9521
stramoni,茄ˢᵀ,0,stramoni,5122
hiosciam,茄ᴴᶜ,0,hiosciam,5121
korm,茎叶体,0,korm,7736
kokon,茧ᴷᴷ,0,kokon,5537
sesleri,草ˢˢ,0,sesleri,2291
stapeli,草ˢᴬ,0,stapeli,2293
sangvisorb,草ˢᴮ,0,sangvisorb,2397
sued,草ˢᴰ,0,sued,2124
stelari,草ˢᴱ,0,stelari,2294
sagitari,草ˢᴳ,0,sagitari,2300
saraceni,草ˢᴵ,0,saraceni,2346
smilak,草ˢᴷ,0,smilak,2248
salsol,草ˢᴸ,0,salsol,2244
samol,草ˢᴹ,0,samol,2181
sanpaŭli,草ˢᴺ,0,sanpau^li,2344
saponari,草ˢᴼ,0,saponari,2345
spergul,草ˢᴾ,0,spergul,2292
sklare,草ˢᴿ,0,sklare,2247
sature,草ˢᵀ,0,sature,2245
skutelari,草ˢᵁ,0,skutelari,2385
scirp,草ˢᶜ,0,scirp,2182
simfit,草ˢᶠ,0,simfit,2246
sizimbri,草ˢᶻ,0,sizimbri,2349
sensitiv,草ˢⱽ,0,sensitiv,2347
asklepiad,草ᴬˢ,0,asklepiad,2118
aliari,草ᴬᴬ,0,aliari,2191
abutil,草ᴬᴮ,0,abutil,2190
arund,草ᴬᴰ,0,arund,2154
armeri,草ᴬᴱ,0,armeri,2195
argemon,草ᴬᴳ,0,argemon,2256
anil,草ᴬᴵ,0,anil,2132
ajug,草ᴬᴶ,0,ajug,2128
akant,草ᴬᴷ,0,akant,2106
alis,草ᴬᴸ,0,alis,2131
arum,草ᴬᴹ,0,arum,2127
anagal,草ᴬᴺ,0,anagal,2111
akor,草ᴬᴼ,0,akor,2129
apocin,草ᴬᴾ,0,apocin,2188
air,草ᴬᴿ,0,air,2120
akte,草ᴬᵀ,0,akte,2130
arunk,草ᴬᵁ,0,arunk,2155
androzac,草ᴬᶜ,0,androzac,2303
amofil,草ᴬᶠ,0,amofil,2192
aizo,草ᴬᶻ,0,aizo,2126
bromus,草ᴮˢ,0,bromus,2200
barbare,草ᴮᴮ,0,barbare,2257
bemeri,草ᴮᴱ,0,bemeri,2199
bromeli,草ᴮᴵ,0,bromeli,2259
bekabung,草ᴮᴷ,0,bekabung,2306
balote,草ᴮᴸ,0,balote,2197
butom,草ᴮᴹ,0,butom,2156
brunel,草ᴮᴺ,0,brunel,2201
borag,草ᴮᴿ,0,borag,2107
bistort,草ᴮᵀ,0,bistort,2258
biskutel,草ᴮᵁ,0,biskutel,2307
bazili,草ᴮᶻ,0,bazili,2198
daktilis,草ᴰˢ,0,daktilis,2312
difenbaki,草ᴰᴮ,0,difenbaki,2363
digitari,草ᴰᴳ,0,digitari,2313
digital,草ᴰᴵ,0,digital,2418
donak,草ᴰᴷ,0,donak,2161
drimi,草ᴰᴹ,0,drimi,2162
dione,草ᴰᴺ,0,dione,2160
dioskore,草ᴰᴿ,0,dioskore,2314
diktamn,草ᴰᵀ,0,diktamn,2263
dafodil,草ᴰᶠ,0,dafodil,2262
drozer,草ᴰᶻ,0,drozer,2202
eglanteri,草ᴱᴬ,0,eglanteri,2364
ebul,草ᴱᴮ,0,ebul,2099
egilop,草ᴱᴳ,0,egilop,2203
elitrigi,草ᴱᴵ,0,elitrigi,2316
ejŝhorni,草ᴱᴶ,0,ejs^horni,2315
eleokarit,草ᴱᴷ,0,eleokarit,2365
elode,草ᴱᴸ,0,elode,2163
elatin,草ᴱᴺ,0,elatin,2204
erodi,草ᴱᴿ,0,erodi,2164
eritre,草ᴱᵀ,0,eritre,2187
erofil,草ᴱᶠ,0,erofil,2205
eŭfrazi,草ᴱᶻ,0,eu^frazi,2264
gosipi,草ᴳˢ,0,gosipi,2209
ginseng,草ᴳᴳ,0,ginseng,2270
galeops,草ᴳᴸ,0,galeops,2268
gomb,草ᴳᴹ,0,gomb,2135
gnidi,草ᴳᴺ,0,gnidi,2168
glosopterid,草ᴳᴾ,0,glosopterid,2403
gesneri,草ᴳᴿ,0,gesneri,2269
gratiol,草ᴳᵀ,0,gratiol,2272
glorioz,草ᴳᶻ,0,glorioz,2271
holost,草ᴴˢ,0,holost,2211
hidrokarit,草ᴴᴬ,0,hidrokarit,2392
hesperid,草ᴴᴰ,0,hesperid,2319
helikoni,草ᴴᴱ,0,helikoni,2317
harpagofit,草ᴴᴳ,0,harpagofit,2391
hidrastid,草ᴴᴵ,0,hidrastid,2368
holk,草ᴴᴷ,0,holk,2136
helebor,草ᴴᴸ,0,helebor,2113
humul,草ᴴᴹ,0,humul,2169
hemant,草ᴴᴺ,0,hemant,2210
hordelim,草ᴴᴼ,0,hordelim,2321
hipurid,草ᴴᴾ,0,hipurid,2274
herniari,草ᴴᴿ,0,herniari,2318
hipeastr,草ᴴᵀ,0,hipeastr,2320
halofit,草ᴴᶠ,0,halofit,2273
isat,草ᴵˢ,0,isat,2408
iberis,草ᴵᴮ,0,iberis,2212
izolepid,草ᴵᴸ,0,izolepid,2322
imortel,草ᴵᴹ,0,imortel,2275
isolep,草ᴵᴼ,0,isolep,2411
ipome,草ᴵᴾ,0,ipome,2170
impatient,草ᴵᵀ,0,impatient,2369
izatid,草ᴵᶻ,0,izatid,2213
kareks,草ᴷˢ,0,kareks,2110
kala,草ᴷᴬ,0,kala,2138
kaladi,草ᴷᴰ,0,kaladi,2215
kalate,草ᴷᴱ,0,kalate,2216
kalamagrostid,草ᴷᴳ,0,kalamagrostid,2407
keir,草ᴷᴵ,0,keir,2140
krokiz,草ᴷᴷ,0,krokiz,2109
kokleari,草ᴷᴸ,0,kokleari,2116
kleom,草ᴷᴹ,0,kleom,2171
kenopodi,草ᴷᴺ,0,kenopodi,2115
korkor,草ᴷᴼ,0,korkor,2219
katari,草ᴷᴿ,0,katari,2217
kalt,草ᴷᵀ,0,kalt,2139
krinum,草ᴷᵁ,0,krinum,2220
kalceolari,草ᴷᶜ,0,kalceolari,2393
krozofor,草ᴷᶠ,0,krozofor,2329
kolokazi,草ᴷᶻ,0,kolokazi,2327
litops,草ᴸˢ,0,litops,2228
logani,草ᴸᴬ,0,logani,2230
labrusk,草ᴸᴮ,0,labrusk,2279
leguzi,草ᴸᴱ,0,leguzi,2223
lige,草ᴸᴳ,0,lige,2142
lentibulari,草ᴸᴵ,0,lentibulari,2402
levkoj,草ᴸᴷ,0,levkoj,2412
loli,草ᴸᴸ,0,loli,2143
litrum,草ᴸᴹ,0,litrum,2229
linari,草ᴸᴺ,0,linari,2227
limoni,草ᴸᴼ,0,limoni,2226
lepidi,草ᴸᴾ,0,lepidi,2224
litosperm,草ᴸᴿ,0,litosperm,2371
latre,草ᴸᵀ,0,latre,2172
luzul,草ᴸᶻ,0,luzul,2173
lavandul,草ᴸⱽ,0,lavandul,2330
misĥant,草ᴹˢ,0,mish^ant,2283
marubi,草ᴹᴮ,0,marubi,2232
moldavik,草ᴹᴰ,0,moldavik,2332
meniant,草ᴹᴱ,0,meniant,2281
martagon,草ᴹᴳ,0,martagon,2331
manihot,草ᴹᴴ,0,manihot,2280
mirabil,草ᴹᴵ,0,mirabil,2282
molini,草ᴹᴸ,0,molini,2234
monard,草ᴹᴺ,0,monard,2235
monster,草ᴹᴼ,0,monster,2284
menisperm,草ᴹᴾ,0,menisperm,2372
marant,草ᴹᴿ,0,marant,2231
matiol,草ᴹᵀ,0,matiol,2233
mezembriant,草ᴹᶻ,0,mezembriant,2404
nasturti,草ᴺˢ,0,nasturti,2333
niktag,草ᴺᴷ,0,niktag,2189
nepent,草ᴺᴺ,0,nepent,2236
nopal,草ᴺᴼ,0,nopal,2177
nardostaki,草ᴺᴿ,0,nardostaki,2394
nepet,草ᴺᵀ,0,nepet,2176
nasturci,草ᴺᶜ,0,nasturci,2419
orobank,草ᴼᴮ,0,orobank,2285
ornitogal,草ᴼᴳ,0,ornitogal,2373
oronti,草ᴼᴼ,0,oronti,2238
opunti,草ᴼᴾ,0,opunti,2237
oriz,草ᴼᴿ,0,oriz,2145
pense,草ᴾˢ,0,pense,2180
patienc,草ᴾᴬ,0,patienc,2299
pedali,草ᴾᴰ,0,pedali,2239
potentil,草ᴾᴱ,0,potentil,2339
poligal,草ᴾᴳ,0,poligal,2289
paroniki,草ᴾᴵ,0,paroniki,2335
perilj,草ᴾᴶ,0,perilj,2241
pankrati,草ᴾᴷ,0,pankrati,2334
plumbag,草ᴾᴸ,0,plumbag,2287
polemoni,草ᴾᴹ,0,polemoni,2337
panak,草ᴾᴺ,0,panak,2178
poliant,草ᴾᴼ,0,poliant,2288
papav,草ᴾᴾ,0,papav,2103
paris,草ᴾᴿ,0,paris,2153
pejotl,草ᴾᵀ,0,pejotl,2240
portulak,草ᴾᵁ,0,portulak,2338
pecaj,草ᴾᶜ,0,pecaj,2179
psilofit,草ᴾᶠ,0,psilofit,2301
pozidoni,草ᴾᶻ,0,pozidoni,2340
papaver,草ᴾⱽ,0,papaver,2286
rafanistr,草ᴿˢ,0,rafanistr,2382
rubi,草ᴿᴮ,0,rubi,2149
read,草ᴿᴰ,0,read,2147
rumeks,草ᴿᴷ,0,rumeks,2243
rami,草ᴿᴹ,0,rami,2146
ranunkol,草ᴿᴺ,0,ranunkol,2117
rapunkol,草ᴿᴾ,0,rapunkol,2342
rinant,草ᴿᵀ,0,rinant,2242
reum,草ᴿᵁ,0,reum,2148
raflezi,草ᴿᶠ,0,raflezi,2290
taps,草ᵀˢ,0,taps,2150
tradeskanti,草ᵀᴰ,0,tradeskanti,2405
tormentil,草ᵀᴱ,0,tormentil,2387
tetragoni,草ᵀᴳ,0,tetragoni,2386
timele,草ᵀᴵ,0,timele,2250
trakeli,草ᵀᴷ,0,trakeli,2296
tlasp,草ᵀᴸ,0,tlasp,2184
tam,草ᵀᴹ,0,tam,2122
tilandsi,草ᵀᴺ,0,tilandsi,2354
troli,草ᵀᴼ,0,troli,2186
trap,草ᵀᴾ,0,trap,2123
trili,草ᵀᴿ,0,trili,2185
taliktr,草ᵀᵀ,0,taliktr,2295
tife,草ᵀᶠ,0,tife,2151
tazet,草ᵀᶻ,0,tazet,2183
utrikulari,草ᵁᵀ,0,utrikulari,2400
cerasti,草ᶜˢ,0,cerasti,2260
cimbopogon,草ᶜᴮ,0,cimbopogon,2389
cinodont,草ᶜᴰ,0,cinodont,2310
centrant,草ᶜᴱ,0,centrant,2309
cinoglos,草ᶜᴳ,0,cinoglos,2311
cimbalari,草ᶜᴹ,0,cimbalari,2361
cinar,草ᶜᴺ,0,cinar,2157
ciper,草ᶜᴾ,0,ciper,2152
circe,草ᶜᴿ,0,circe,2158
citin,草ᶜᵀ,0,citin,2159
cimicifug,草ᶜᶜ,0,cimicifug,2362
ceratofil,草ᶜᶠ,0,ceratofil,2360
cinozur,草ᶜᶻ,0,cinozur,2261
fraksinel,草ᶠˢ,0,fraksinel,2367
falarid,草ᶠᴰ,0,falarid,2265
fragari,草ᶠᴳ,0,fragari,2267
fikari,草ᶠᴵ,0,fikari,2207
floks,草ᶠᴷ,0,floks,2165
fitolak,草ᶠᴸ,0,fitolak,2266
filodendr,草ᶠᴺ,0,filodendr,2366
filipendul,草ᶠᴾ,0,filipendul,2390
formi,草ᶠᴿ,0,formi,2166
fiteŭm,草ᶠᵀ,0,fiteu^m,2208
frezi,草ᶠᶻ,0,frezi,2167
zoster,草ᶻˢ,0,zoster,2414
zigofil,草ᶻᴳ,0,zigofil,2298
verbask,草ⱽᴮ,0,verbask,2297
vakari,草ⱽᴷ,0,vakari,2252
valerianel,草ⱽᴸ,0,valerianel,2401
veronik,草ⱽᴺ,0,veronik,2253
vincetoksik,草ⱽᶜ,0,vincetoksik,2406
verbezen,草ⱽᶻ,0,verbezen,2355
preri,草原ᴾ,0,preri,6460
razen,草坪ᴿ,0,razen,7271
vagabond,荡ⱽᴮ,0,vagabond,5139
farmaci,药ᶠᶜ,0,farmaci,4015
farmakolog,药学家,0,farmakolog,8746
skolim,菊ˢᴷ,0,skolim,4821
silib,菊ˢᴸ,0,silib,4813
seratul,菊ˢᴿ,0,seratul,4836
agerat,菊ᴬᴳ,0,agerat,4816
ajapan,菊ᴬᴶ,0,ajapan,4817
antenari,菊ᴬᴺ,0,antenari,4837
arkte,菊ᴬᴿ,0,arkte,4808
buftalm,菊ᴮᶠ,0,buftalm,4824
balzamit,菊ᴮᶻ,0,balzamit,4838
erigeron,菊ᴱᴿ,0,erigeron,4840
grindeli,菊ᴳᴿ,0,grindeli,4842
ksanti,菊ᴷˢ,0,ksanti,4822
kardu,菊ᴷᴰ,0,kardu,4811
kamemel,菊ᴷᴸ,0,kamemel,4828
kompozit,菊ᴷᴹ,0,kompozit,4803
koniz,菊ᴷᴺ,0,koniz,4812
kosmos,菊ᴷᴼ,0,kosmos,4823
koreops,菊ᴷᴾ,0,koreops,4829
kartam,菊ᴷᵀ,0,kartam,4818
leontodon,菊ᴸᴺ,0,leontodon,4846
lapsan,菊ᴸᴾ,0,lapsan,4819
matrikari,菊ᴹᵀ,0,matrikari,4847
pilozel,菊ᴾᴸ,0,pilozel,4833
parteni,菊ᴾᴺ,0,parteni,4832
prenantes,菊ᴾᴿ,0,prenantes,4848
ptarmik,菊ᴾᵀ,0,ptarmik,4834
tragopogon,菊ᵀᴬ,0,tragopogon,4850
taget,菊ᵀᴳ,0,taget,4815
topinambur,菊ᵀᴺ,0,topinambur,4849
tragopog,菊ᵀᴾ,0,tragopog,4844
taraksak,菊ᵀᴿ,0,taraksak,4843
cinerari,菊ᶜᴺ,0,cinerari,4839
ŝitak,菌ˢ̂,0,ŝitak,5294
skizofit,菌ˢᴷ,0,skizofit,5214
sporotrikum,菌ˢᴹ,0,sporotrikum,5292
sporotrik,菌ˢᴾ,0,sporotrik,5282
strofari,菌ˢᵀ,0,strofari,5280
armilari,菌ᴬᴿ,0,armilari,5270
bakter,菌ᴮᴬ,0,bakter,5234
botrit,菌ᴮᴿ,0,botrit,5235
botul,菌ᴮᵀ,0,botul,5225
bacil,菌ᴮᶜ,0,bacil,5213
boviste,菌ᴮⱽ,0,boviste,5254
ecidi,菌ᴱᴰ,0,ecidi,5227
entolom,菌ᴱᴺ,0,entolom,5256
erizif,菌ᴱᴿ,0,erizif,5236
giromitr,菌ᴳᴿ,0,giromitr,5273
higrocib,菌ᴴᴳ,0,higrocib,5274
higrofor,菌ᴴᴿ,0,higrofor,5275
hifolom,菌ᴴᶠ,0,hifolom,5257
kolibi,菌ᴷᴮ,0,kolibi,5240
klitocib,菌ᴷᴸ,0,klitocib,5276
kandid,菌ᴷᴺ,0,kandid,5233
kortinari,菌ᴷᴼ,0,kortinari,5285
kopren,菌ᴷᴾ,0,kopren,5241
kortici,菌ᴷᴿ,0,kortici,5259
kraterel,菌ᴷᵀ,0,kraterel,5277
klavari,菌ᴷⱽ,0,klavari,5258
lepist,菌ᴸˢ,0,lepist,5245
lobari,菌ᴸᴮ,0,lobari,5246
likoperd,菌ᴸᴷ,0,likoperd,5278
lekanor,菌ᴸᴺ,0,lekanor,5261
lepiot,菌ᴸᴾ,0,lepiot,5244
laktari,菌ᴸᴿ,0,laktari,5260
leptospir,菌ᴸᵀ,0,leptospir,5283
lecide,菌ᴸᶜ,0,lecide,5243
marasmi,菌ᴹˢ,0,marasmi,5262
miceli,菌ᴹᴱ,0,miceli,5248
mikot,菌ᴹᴵ,0,mikot,5223
morkel,菌ᴹᴷ,0,morkel,5295
meruli,菌ᴹᴸ,0,meruli,5247
micen,菌ᴹᴺ,0,micen,5224
monili,菌ᴹᴼ,0,monili,5249
mukor,菌ᴹᴿ,0,mukor,5229
macutak,菌ᴹᵀ,0,macutak,5296
micet,菌ᴹᶜ,0,micet,5218
mikoriz,菌ᴹᶻ,0,mikoriz,5263
peronospor,菌ᴾˢ,0,peronospor,5290
penicili,菌ᴾᴵ,0,penicili,5297
paksil,菌ᴾᴷ,0,paksil,5250
plute,菌ᴾᴸ,0,plute,5231
plasmopar,菌ᴾᴹ,0,plasmopar,5286
penicil,菌ᴾᴺ,0,penicil,5265
polipor,菌ᴾᴾ,0,polipor,5267
parmeli,菌ᴾᴿ,0,parmeli,5264
pukcini,菌ᴾᶜ,0,pukcini,5268
rokcel,菌ᴿᴷ,0,rokcel,5251
rocel,菌ᴿᶜ,0,rocel,5293
rizokarp,菌ᴿᶻ,0,rizokarp,5279
trikolom,菌ᵀᴷ,0,trikolom,5281
tremel,菌ᵀᴹ,0,tremel,5253
umbilikari,菌ᵁᴹ,0,umbilikari,5291
ustilag,菌ᵁᵀ,0,ustilag,5269
ĉampinjon,菌ᶜ̂,0,c^ampinjon,5284
fungus,菌ᶠˢ,0,fungus,5216
foliot,菌ᶠᴸ,0,foliot,5237
fistulin,菌ᶠᵀ,0,fistulin,5271
fitoftor,菌ᶠᶠ,0,fitoftor,5272
volvariel,菌ⱽᴸ,0,volvariel,5288
bakteriologi,菌学ᴮ,0,bakteriologi,8500
fungologi,菌学ᶠ,0,fungologi,8498
mikolog,菌学家,0,mikolog,8494
baktericid,菌杀ᴮ,0,baktericid,8491
asparag,菜ᴬˢ,0,asparag,2922
amarant,菜ᴬᴹ,0,amarant,2920
brokol,菜ᴮᴷ,0,brokol,2921
lap,菜ᴸᴾ,0,lap,2917
jakv,菠萝蜜,0,jakv,7015
karoten,萝卜素,0,karoten,6916
luciol,萤ᴸᶜ,0,luciol,7711
batalion,营ᴮᵀ,0,batalion,6612
kantonment,营ᴷᴺ,0,kantonment,6611
kvartir,营ᴷⱽ,0,kvartir,6610
signifikanc,著ˢᴺ,0,signifikanc,7113
uve,葡萄膜,0,uve,7729
ŝalot,葱ˢ̂,0,ŝalot,4750
ampelopraz,葱ᴬᴹ,0,ampelopraz,4751
safran,藏红花,0,safran,7237
balanit,藤壶炎,0,balanit,8501
klamidomonad,藻ᴷᴰ,0,klamidomonad,5190
klorel,藻ᴷᴸ,0,klorel,5183
kombu,藻ᴷᴹ,0,kombu,5178
koralin,藻ᴷᴺ,0,koralin,5189
undari,藻ᵁᴺ,0,undari,5185
fic,藻ᶠᶜ,0,fic,5174
volvok,藻ⱽᴸ,0,volvok,5187
algolog,藻学家,0,algolog,8376
bangific,藻藻ᴮ,0,bangific,9989
ulvofic,藻藻ᵁ,0,ulvofic,9988
tortur,虐ᵀᵀ,0,tortur,4240
fiktiv,虚ᶠᵀ,0,fiktiv,5354
virtual,虚ⱽᴿ,0,virtual,5355
sarkopsil,虫ˢˢ,0,sarkopsil,2524
simuli,虫ˢᴹ,0,simuli,2480
spatang,虫ˢᴾ,0,spatang,2497
sarkopt,虫ˢᴿ,0,sarkopt,2495
saturni,虫ˢᵀ,0,saturni,2496
afis,虫ᴬˢ,0,afis,2443
afrodit,虫ᴬᴰ,0,afrodit,2483
akeronti,虫ᴬᴵ,0,akeronti,2505
arkti,虫ᴬᴷ,0,arkti,2457
alcioni,虫ᴬᴸ,0,alcioni,2482
anobi,虫ᴬᴺ,0,anobi,2435
atropos,虫ᴬᴾ,0,atropos,2488
argonaŭt,虫ᴬᴿ,0,argonau^t,2442
antedon,虫ᴬᵀ,0,antedon,2487
afid,虫ᴬᶠ,0,afid,2432
alveolin,虫ᴬⱽ,0,alveolin,2504
bostrik,虫ᴮˢ,0,bostrik,2489
blapt,虫ᴮᴾ,0,blapt,2458
brakin,虫ᴮᴿ,0,brakin,2471
buprest,虫ᴮᵀ,0,buprest,2490
demodeks,虫ᴰᴹ,0,demodeks,2499
dermest,虫ᴰᴿ,0,dermest,2492
difilobotri,虫ᴰᶠ,0,difilobotri,2514
drozofil,虫ᴰᶻ,0,drozofil,2503
ekinokok,虫ᴱᴷ,0,ekinokok,2508
elater,虫ᴱᴸ,0,elater,2440
elatr,虫ᴱᵀ,0,elatr,2444
elafr,虫ᴱᶠ,0,elafr,2459
geris,虫ᴳˢ,0,geris,2461
goliat,虫ᴳᴸ,0,goliat,2468
glosin,虫ᴳᴺ,0,glosin,2474
gordi,虫ᴳᴿ,0,gordi,2455
ikneŭmon,虫ᴵᴷ,0,ikneu^mon,2510
ip,虫ᴵᴾ,0,ip,2446
ksestobi,虫ᴷˢ,0,ksestobi,2511
karab,虫ᴷᴮ,0,karab,2456
koriks,虫ᴷᴷ,0,koriks,2476
kalosom,虫ᴷᴸ,0,kalosom,2493
kantarid,虫ᴷᴺ,0,kantarid,2523
kopris,虫ᴷᴾ,0,kopris,2475
krizomel,虫ᴷᴿ,0,krizomel,2502
katokal,虫ᴷᵀ,0,katokal,2494
kokcinel,虫ᴷᶜ,0,kokcinel,2522
krizop,虫ᴷᶻ,0,krizop,2477
libel,虫ᴸᴮ,0,libel,2518
leptinotars,虫ᴸᴺ,0,leptinotars,2515
lept,虫ᴸᴾ,0,lept,2450
licen,虫ᴸᶜ,0,licen,2462
makaon,虫ᴹᴷ,0,makaon,2478
mant,虫ᴹᴺ,0,mant,2517
nere,虫ᴺᴱ,0,nere,2516
nekrofor,虫ᴺᴷ,0,nekrofor,2512
nereid,虫ᴺᴿ,0,nereid,2479
notonekt,虫ᴺᵀ,0,notonekt,2513
oksiur,虫ᴼᴷ,0,oksiur,2469
piral,虫ᴾᴿ,0,piral,2463
taban,虫ᵀᴮ,0,taban,2436
trogi,虫ᵀᴳ,0,trogi,2465
trombidi,虫ᵀᴹ,0,trombidi,2500
tenebri,虫ᵀᴺ,0,tenebri,2498
tipul,虫ᵀᴾ,0,tipul,2438
trips,虫ᵀᴿ,0,trips,2464
tortrik,虫ᵀᵀ,0,tortrik,2485
ĉik,虫ᶜ̂,0,c^ik,2447
cecidomi,虫ᶜᴰ,0,cecidomi,2506
cerambik,虫ᶜᴹ,0,cerambik,2501
cerkari,虫ᶜᴿ,0,cerkari,2491
cetoni,虫ᶜᵀ,0,cetoni,2472
cicindel,虫ᶜᶜ,0,cicindel,2507
flebotom,虫ᶠᴮ,0,flebotom,2509
falen,虫ᶠᴸ,0,falen,2460
frigan,虫ᶠᴿ,0,frigan,2470
fuzulin,虫ᶠᶻ,0,fuzulin,2486
vukeri,虫ⱽᴷ,0,vukeri,2481
vanes,虫ⱽᴺ,0,vanes,2466
apendicit,虫垂炎,0,apendicit,8437
apendicektomi,虫垂除,0,apendicektomi,8436
entomolog,虫学家,0,entomolog,8703
oksiuricid,虫杀ᴼ,0,oksiuricid,9012
irisotomi,虹膜切,0,irisotomi,9022
irisit,虹膜炎,0,irisit,9021
irisektomi,虹膜除,0,irisektomi,9020
astak,虾ᴬˢ,0,astak,5541
dromi,虾ᴰᴿ,0,dromi,5546
krangon,虾ᴷᴺ,0,krangon,5555
kril,虾ᴷᴿ,0,kril,5544
karcin,虾ᴷᶜ,0,karcin,5552
leandr,虾ᴸᴺ,0,leandr,5549
pandal,虾ᴾᴰ,0,pandal,5551
palemon,虾ᴾᴸ,0,palemon,5557
akroĥord,蛇ᴬᴷ,0,akroh^ord,3698
bungar,蛇ᴮᴺ,0,bungar,3693
koronel,蛇ᴷᴺ,0,koronel,3697
krajt,蛇ᴷᴿ,0,krajt,3691
natrik,蛇ᴺᵀ,0,natrik,3695
serpentolog,蛇学家,0,serpentolog,9614
serpenten,蛇纹石,0,serpenten,7024
sufle,蛋奶酥,0,sufle,7507
opal,蛋白石,0,opal,6726
mering,蛋白霜,0,mering,7687
amblistom,蛙ᴬˢ,0,amblistom,5055
aksolotl,蛙ᴬᴷ,0,aksolotl,5053
ambistom,蛙ᴬᴹ,0,ambistom,5054
bomben,蛙ᴮᴹ,0,bomben,5052
bombinator,蛙ᴮᵀ,0,bombinator,5056
argiop,蛛ᴬᴳ,0,argiop,4018
argironet,蛛ᴬᴿ,0,argironet,4022
avikulari,蛛ᴬⱽ,0,avikulari,4023
tegenari,蛛ᵀᴳ,0,tegenari,4021
araknoidit,蛛膜炎,0,araknoidit,8439
lofi,蛤蟆鱼,0,lofi,7245
barbarism,蛮主义,0,barbarism,8502
petazit,蜂斗菜,0,petazit,8086
fulgoromorf,蜡蝉形,0,fulgoromorf,8805
silen,蝇子草,0,silen,7944
ĵiĵicikad,蝉ᴶ̂,0,ĵiĵicikad,5323
cukcukcikad,蝉ᶜᶜ,0,cukcukcikad,5322
vespertilion,蝠ⱽᴸ,0,vespertilion,8219
pieris,蝶ᴾˢ,0,pieris,5013
papilion,蝶ᴾᴺ,0,papilion,5011
pierid,蝶ᴾᴿ,0,pierid,5012
helic,螺ᴴᶜ,0,helic,4199
spiroket,螺旋体,0,spiroket,7215
hemat,血ᴴᵀ,0,hemat,1998
serologi,血清学,0,serologi,9613
globulemi,血球血,0,globulemi,10019
angiom,血管瘤,0,angiom,8132
skistosom,血虫ˢ,0,skistosom,7709
andant,行ᴬᴺ,0,andant,176
komplement,补ᴷᴸ,0,komplement,5359
esprim,表ᴱˢ,0,esprim,3184
ekspresion,表ᴱᴷ,0,ekspresion,3187
etat,表ᴱᵀ,0,etat,3185
ekspresionism,表主义,0,ekspresionism,8654
epiglot,表声门,0,epiglot,8716
epigrafik,表记学,0,epigrafik,9869
epidiaskop,表通镜,0,epidiaskop,8710
kakeksi,衰ᴷᴷ,0,kakeksi,6336
kanguru,袋鼠ᴷ,0,kanguru,7344
tajlor,裁ᵀᴿ,0,tajlor,4221
kliv,裂ᴷᴸ,0,kliv,2698
bistr,褐ᴮˢ,0,bistr,2052
barbaden,西番莲,0,barbaden,7867
reglament,规ᴿᴹ,0,reglament,3024
televizi,视ᵀᶻ,0,televizi,3639
kerat,角ᴷᵀ,0,kerat,1906
breĉi,角砾岩,0,brec^i,8161
tikso,触ᵀᴷ,0,tikso,1760
dialektolog,言学家,0,dialektolog,8614
avert,警ᴬⱽ,0,avert,2765
kogn,认ᴷᴳ,0,kogn,808
konfes,认ᴷᶠ,0,konfes,806
konsili,议ᴷᴵ,0,konsili,1193
parlament,议ᴾᴸ,0,parlament,1194
palavr,议ᴾⱽ,0,palavr,1195
ĵurnal,记ᴶ̂,0,ĵurnal,1220
grafism,记主义,0,grafism,8869
grafolog,记学家,0,grafolog,8870
grafospasm,记抽筋,0,grafospasm,8872
predik,讲ᴾᴰ,0,predik,3622
lic,许ᴸᴵ,0,lic,1257
disert,论ᴰᴿ,0,disert,3162
silogism,论主义,0,silogism,9623
demonstr,证ᴰᴹ,0,demonstr,4035
depozici,证ᴰᶻ,0,depozici,4036
demonstrativ,证被能,0,demonstrativ,8599
koment,评ᴷᴹ,0,koment,3407
apel,诉ᴬᴾ,0,apel,1973
terminolog,词学家,0,terminolog,9720
leksikologi,词汇学,0,leksikologi,9171
leksikografi,词汇志,0,leksikografi,9169
leksikograf,词汇记,0,leksikograf,9168
poet,诗ᴾᵀ,0,poet,3508
poezi,诗ᴾᶻ,0,poezi,3509
indukci,诱ᴵᶜ,0,indukci,3894
modul,调ᴹᴰ,0,modul,3553
tonal,调ᵀᴸ,0,tonal,3554
paletr,调色板,0,paletr,7685
konvers,谈ᴷᴼ,0,konvers,3612
koluzi,谋ᴷᴸ,0,koluzi,6110
komplot,谋ᴷᴹ,0,komplot,6111
harmon,谐ᴴᴬ,0,harmon,4548
harmoni,谐ᴴᴿ,0,harmoni,4547
proverbolog,谚学家,0,proverbolog,9535
glutamat,谷氨盐,0,glutamat,8866
antilid,豆ᴬᴺ,0,antilid,4790
azuki,豆ᴬᶻ,0,azuki,4788
koronil,豆ᴷᴿ,0,koronil,4793
krotalari,豆ᴷᵀ,0,krotalari,4799
fazeolus,豆ᶠˢ,0,fazeolus,4795
fenugrek,豆ᶠᴺ,0,fenugrek,4796
fazeol,豆ᶠᶻ,0,fazeol,4783
voandze,豆ⱽᴺ,0,voandze,4794
arkiteŭt,贝ᴬᴿ,0,arkiteu^t,4644
korbikul,贝ᴷᴿ,0,korbikul,4647
meleagren,贝ᴹᴸ,0,meleagren,4648
pinktad,贝ᴾᴷ,0,pinktad,4642
panope,贝ᴾᴾ,0,panope,4640
pekten,贝ᴾᵀ,0,pekten,4632
testacel,贝ᵀˢ,0,testacel,4645
tridakn,贝ᵀᴷ,0,tridakn,4643
kvestor,财务官,0,kvestor,7257
respons,责ᴿˢ,0,respons,3040
proton,质子子,0,proton,9985
ŝakr,贩ˢ̂,0,s^akr,5309
deprec,贬ᴰᴾ,0,deprec,6951
konsistenc,贯ᴷᴺ,0,konsistenc,5932
afrank,贴ᴬᴿ,0,afrank,3997
nobel,贵ᴺᴱ,0,nobel,4432
aprec,赏ᴬᶜ,0,aprec,7362
gratif,赏ᴳᴿ,0,gratif,7363
gratifikaci,赏ᴳᶜ,0,gratifikaci,7364
kompliment,赞ᴷᴹ,0,kompliment,1673
absolv,赦ᴬᴮ,0,absolv,7195
hiperkrit,超临界,0,hiperkrit,8953
metamorfoz,超形症,0,metamorfoz,9983
metafizik,超物理,0,metafizik,9917
metatars,超足根,0,metatars,9238
transformator,越形具,0,transformator,9771
pod,足ᴾᴼ,0,pod,1259
tarsalgi,足根痛,0,tarsalgi,9698
ŝpur,距ˢ̂,0,s^pur,3749
ŝose,路ˢ̂,0,ŝose,963
kik,踢ᴷᴷ,0,kik,6881
hirak,蹄兔ᴴ,0,hirak,7768
aŭtobus,车ᴬᴮ,0,aŭtobus,2035
aŭtomobil,车ᴬᴹ,0,aŭtomobil,2036
bicikl,车ᴮᶜ,0,bicikl,2033
kaleŝ,车ᴷᴸ,0,kales^,2038
taksi,车ᵀᴷ,0,taksi,2039
torn,车ᵀᴺ,0,torn,2037
trajektori,轨ᵀᴶ,0,trajektori,3357
ĝir,转ᴳ̂,0,ĝir,1335
relaj,转ᴿᴱ,0,relaj,1341
relajs,转ᴿᴸ,0,relajs,1337
transpon,转ᵀˢ,0,transpon,1340
kondrit,软骨炎,0,kondrit,9109
kondrom,软骨瘤,0,kondrom,9110
kondrektomi,软骨除,0,kondrektomi,9108
ŝaft,轴ˢ̂,0,s^aft,5166
komparativ,较ᴷᵀ,0,komparativ,2902
ureter,输尿管,0,ureter,8092
kajen,辣ᴷᴶ,0,kajen,6239
vasabi,辣根ⱽ,0,vasabi,8293
diskrimin,辨ᴰᴷ,0,diskrimin,3470
apologi,辩ᴬᴾ,0,apologi,3994
diskurs,辩ᴰˢ,0,diskurs,3995
ekskuz,辩ᴱᴷ,0,ekskuz,3992
polemik,辩ᴾᴹ,0,polemik,3993
listel,边ᴸˢ,0,listel,3683
emigraci,迁ᴱᶜ,0,emigraci,4379
pase,过ᴾᴱ,0,pase,130
preter,过ᴾᴿ,0,preter,129
peroksid,过氧化,0,peroksid,9456
permanganat,过锰盐,0,permanganat,9455
progresi,进ᴾᴵ,0,progresi,3016
telefotograf,远拍记,0,telefotograf,9702
koneks,连ᴷˢ,0,koneks,648
konekt,连ᴷᴺ,0,konekt,647
dekadenc,退ᴰᴷ,0,dekadenc,4781
retret,退ᴿᵀ,0,retret,4780
emeritur,退休金,0,emeritur,7574
adekvat,适ᴬᴰ,0,adekvat,2741
akomod,适ᴬᴷ,0,akomod,2740
proskripci,逐ᴾᴾ,0,proskripci,6443
ŝerc,逗ˢ̂,0,ŝerc,3685
rapidometr,速计ᴿ,0,rapidometr,9561
taoism,道主义,0,taoism,9696
perversi,邪ᴾᴵ,0,perversi,7214
filateli,邮ᶠᴵ,0,filateli,1821
parcial,部ᴾᶜ,0,parcial,1245
gametofit,配子植,0,gametofit,8809
gametogenez,配子源,0,gametogenez,10016
stekiometri,配比测,0,stekiometri,9661
brand,酒ᴮᴺ,0,brand,2685
ĝin,酒ᴳ̂,0,g^in,2686
ĉampan,酒ᶜ̂,0,c^ampan,2689
vodk,酒ⱽᴰ,0,vodk,2690
vinolog,酒学家,0,vinolog,9816
tartrat,酒石盐,0,tartrat,9963
enzimologi,酵素学,0,enzimologi,8705
ekstaz,醉ᴱᴷ,0,ekstaz,4092
gros,醋栗ᴳ,0,gros,5638
eksplik,释ᴱˢ,0,eksplik,7075
eksplic,释ᴱᶜ,0,eksplic,7076
barit,重晶石,0,barit,7404
lami,野芝麻,0,lami,6981
vici,野豌豆,0,vici,7785
fazan,野鸡ᶠ,0,fazan,6118
stronci,金ˢᵀ,0,stronci,319
bismut,金ᴮˢ,0,bismut,291
bari,金ᴮᴬ,0,bari,331
berkeli,金ᴮᴷ,0,berkeli,344
berili,金ᴮᴿ,0,berili,290
ejnŝtejni,金ᴱᴶ,0,ejns^tejni,350
gadolini,金ᴳᴰ,0,gadolini,322
germanium,金ᴳᴿ,0,germanium,324
galium,金ᴳᵁ,0,galium,326
glucini,金ᴳᶜ,0,glucini,329
holmi,金ᴴᴸ,0,holmi,338
iterbi,金ᴵᴮ,0,iterbi,309
indium,金ᴵᴹ,0,indium,327
iridi,金ᴵᴿ,0,iridi,302
itri,金ᴵᵀ,0,itri,298
kobalt,金ᴷᴮ,0,kobalt,310
kaliforni,金ᴷᴸ,0,kaliforni,325
kromi,金ᴷᴿ,0,kromi,304
lantan,金ᴸᴺ,0,lantan,311
luteci,金ᴸᶜ,0,luteci,312
magnezi,金ᴹᴳ,0,magnezi,317
molibden,金ᴹᴸ,0,molibden,323
mendelevi,金ᴹᴺ,0,mendelevi,351
niob,金ᴺᴮ,0,niob,332
neodim,金ᴺᴰ,0,neodim,341
nobeli,金ᴺᴼ,0,nobeli,340
neptuni,金ᴺᴾ,0,neptuni,345
osmi,金ᴼˢ,0,osmi,300
protaktini,金ᴾᴷ,0,protaktini,353
prometi,金ᴾᴿ,0,prometi,347
plutoni,金ᴾᵀ,0,plutoni,318
prazeodim,金ᴾᶻ,0,prazeodim,352
rubidi,金ᴿᴮ,0,rubidi,342
reni,金ᴿᴺ,0,reni,333
rodi,金ᴿᴼ,0,rodi,334
terbi,金ᵀᴮ,0,terbi,339
tungsten,金ᵀᴳ,0,tungsten,330
tekneci,金ᵀᴷ,0,tekneci,346
tuli,金ᵀᴸ,0,tuli,335
talium,金ᵀᴹ,0,talium,328
tantal,金ᵀᴺ,0,tantal,316
cezi,金ᶜᶻ,0,cezi,294
vanad,金ⱽᴬ,0,vanad,307
volfram,金ⱽᴸ,0,volfram,320
salangan,金丝燕,0,salangan,7784
akaci,金合欢,0,akaci,6788
bismutat,金盐ᴮ,0,bismutat,8539
niobat,金盐ᴺ,0,niobat,8535
reniat,金盐ᴿ,0,reniat,8537
titanat,金盐ᵀ,0,titanat,8538
nit,钉ᴺᵀ,0,nit,3853
madz,钉头锤,0,madz,7671
horloĝ,钟ᴴᴸ,0,horloĝ,1180
natr,钠ᴺᴬ,0,natr,5733
kroĉet,钩ᴷᵀ,0,kroc^et,3826
ĥelicer,钳ᴴ̂,0,h^elicer,6598
dril,钻ᴰᴿ,0,dril,4055
fero,铁ᶠᴼ,0,fero,1926
adiant,铁线草,0,adiant,7435
streptokok,链球菌,0,streptokok,7372
kaserol,锅ᴷˢ,0,kaserol,3806
akut,锐ᴬᵀ,0,akut,2746
akrocianoz,锐青症,0,akrocianoz,8363
male,锤ᴹᴸ,0,male,3844
skop,镜ˢᴷ,0,skop,3713
lens,镜ᴸᴺ,0,lens,3714
lorn,镜ᴸᴿ,0,lorn,3715
kanap,长椅ᴷ,0,kanap,7641
portal,门ᴾᵀ,0,portal,1266
scintil,闪ˢᶜ,0,scintil,3217
flagr,闪ᶠᴳ,0,flagr,3215
interlingvist,间语家,0,interlingvist,9018
skadr,队ˢᴰ,0,skadr,4583
skadron,队ˢᴺ,0,skadron,4585
profilakt,防ᴾᴿ,0,profilakt,2794
profilaktik,防ᴾᶠ,0,profilaktik,2793
falus,阳具ᶠ,0,falus,6776
penisit,阴茎炎,0,penisit,9439
klitorektomi,阴蒂除,0,klitorektomi,9087
vaginit,阴道炎,0,vaginit,9802
vaginalgi,阴道痛,0,vaginalgi,9799
kolegi,院ᴷᴸ,0,kolegi,1895
prior,院长ᴾ,0,prior,6465
ektomi,除ᴱᴷ,0,ektomi,3485
elimin,除ᴱᴸ,0,elimin,3486
meteorism,陨主义,0,meteorism,9239
ostrakoderm,陶片皮,0,ostrakoderm,9397
segregaci,隔ˢᴳ,0,segregaci,5422
separ,隔ˢᴿ,0,separ,5418
separat,隔ˢᵀ,0,separat,5421
obstrukc,障ᴼᴿ,0,obstrukc,2769
kardel,雀ᴷᴿ,0,kardel,4575
pirol,雀ᴾᴿ,0,pirol,4573
ŝik,雅ˢ̂,0,s^ik,3791
koncentr,集ᴷᴺ,0,koncentr,974
kolektiv,集ᴷⱽ,0,kolektiv,975
skulptur,雕ˢᴿ,0,skulptur,3572
anaglif,雕ᴬᴺ,0,anaglif,3571
ĉiz,雕ᶜ̂,0,c^iz,3568
luĝ,雪车ᴸ,0,lug^,5652
seism,震ˢᴱ,0,seism,4954
seismolog,震学家,0,seismolog,9601
kolera,霍乱ᴷ,0,kolera,6427
penicilin,青霉素,0,penicilin,7219
sedativ,静ˢᴰ,0,sedativ,1329
kalm,静ᴷᴸ,0,kalm,1331
kvi,静ᴷⱽ,0,kvi,1330
spaget,面ˢᴾ,0,spaget,4214
fonet,音ᶠᴼ,0,fonet,3627
fonetism,音主义,0,fonetism,8768
klimaks,顶ᴷᴷ,0,klimaks,1854
kulminaci,顶ᴷᶜ,0,kulminaci,1856
vertic,顶ⱽᶜ,0,vertic,1851
arkegoni,颈卵器,0,arkegoni,7514
topik,题ᵀᴾ,0,topik,3413
titol,题ᵀᵀ,0,titol,3410
tez,题ᵀᶻ,0,tez,3412
faci,颜ᶠᶜ,0,faci,1367
kontingent,额ᴷᴺ,0,kontingent,3663
tifon,风ᵀᶠ,0,tifon,1358
ventol,风ⱽᴸ,0,ventol,1357
hiacint,风信子,0,hiacint,8096
reŭmatologi,风湿学,0,reu^matologi,9574
ezofagit,食管炎,0,ezofagit,8740
ezofagoskop,食管镜,0,ezofagoskop,8741
dekor,饰ᴰᴱ,0,dekor,3331
pasament,饰带ᴾ,0,pasament,6988
satur,饱ˢᴿ,0,satur,1740
keks,饼ᴷˢ,0,keks,4305
kraken,饼ᴷᴷ,0,kraken,4304
bergamot,香柑ᴮ,0,bergamot,6478
origan,香草ᴼ,0,origan,7278
rosmaren,香草ᴿ,0,rosmaren,7279
latir,香豌豆,0,latir,6438
hipogrif,马狮鹰,0,hipogrif,8964
replik,驳ᴿᴾ,0,replik,4919
empiri,验ᴱᴹ,0,empiri,1873
empir,验ᴱᴾ,0,empir,1874
empirism,验主义,0,empirism,8684
mistif,骗ᴹᴵ,0,mistif,3106
truk,骗ᵀᴷ,0,truk,3107
ĉarlatan,骗ᶜ̂,0,c^arlatan,3109
epifizit,骨端炎,0,epifizit,8713
medol,髓ᴹᴰ,0,medol,5857
altitud,高ᴬᵀ,0,altitud,733
aŭtoklav,高压锅,0,au^toklav,7650
hipsometri,高测ᴴ,0,hipsometri,8391
hipsometr,高计ᴴ,0,hipsometr,8389
sukub,魔ˢᴷ,0,sukub,3919
satan,魔ˢᵀ,0,satan,3916
demon,魔ᴰᴹ,0,demon,3917
serasalm,鱼ˢˢ,0,serasalm,1582
simbrank,鱼ˢᴬ,0,simbrank,1577
sebast,鱼ˢᴮ,0,sebast,1565
sardin,鱼ˢᴰ,0,sardin,1530
seriol,鱼ˢᴱ,0,seriol,1594
sturg,鱼ˢᴳ,0,sturg,1592
silur,鱼ˢᴵ,0,silur,1521
skombr,鱼ˢᴷ,0,skombr,1523
salvelen,鱼ˢᴸ,0,salvelen,1581
salm,鱼ˢᴹ,0,salm,1514
salmon,鱼ˢᴺ,0,salmon,1558
spar,鱼ˢᴾ,0,spar,1518
seran,鱼ˢᴿ,0,seran,1545
surmulet,鱼ˢᵀ,0,surmulet,1583
skvaten,鱼ˢⱽ,0,skvaten,1576
aland,鱼ᴬᴰ,0,aland,1590
akantias,鱼ᴬᴷ,0,akantias,1578
aloz,鱼ᴬᴸ,0,aloz,1527
acipenser,鱼ᴬᴾ,0,acipenser,1584
anarik,鱼ᴬᴿ,0,anarik,1561
anchov,鱼ᴬᶜ,0,anchov,1526
barbi,鱼ᴮᴮ,0,barbi,1546
blakbas,鱼ᴮᴸ,0,blakbas,1569
brosm,鱼ᴮᴹ,0,brosm,1548
bonit,鱼ᴮᴺ,0,bonit,1547
bops,鱼ᴮᴾ,0,bops,1539
eglefin,鱼ᴱᴳ,0,eglefin,1531
ekzocet,鱼ᴱᴷ,0,ekzocet,1571
engraŭl,鱼ᴱᴺ,0,engrau^l,1532
eperlan,鱼ᴱᴾ,0,eperlan,1572
gad,鱼ᴳᴰ,0,gad,1509
ĥondrostom,鱼ᴴ̂,0,h^ondrostom,1596
iktio,鱼ᴵᴷ,0,iktio,1543
kobitid,鱼ᴷᴮ,0,kobitid,1524
kondrostom,鱼ᴷᴰ,0,kondrostom,1585
kalmar,鱼ᴷᴹ,0,kalmar,1559
kongr,鱼ᴷᴺ,0,kongr,1550
korifen,鱼ᴷᴿ,0,korifen,1568
labrak,鱼ᴸᴷ,0,labrak,1595
lamn,鱼ᴸᴹ,0,lamn,1541
lampetr,鱼ᴸᴾ,0,lampetr,1573
latimeri,鱼ᴸᵀ,0,latimeri,1579
leptocefal,鱼ᴸᶜ,0,leptocefal,1586
misgurn,鱼ᴹˢ,0,misgurn,1533
mugil,鱼ᴹᴳ,0,mugil,1520
miksin,鱼ᴹᴷ,0,miksin,1560
mola,鱼ᴹᴸ,0,mola,1536
muren,鱼ᴹᴺ,0,muren,1591
molv,鱼ᴹⱽ,0,molv,1542
nemakejl,鱼ᴺᴹ,0,nemakejl,1580
prist,鱼ᴾˢ,0,prist,1553
pagr,鱼ᴾᴬ,0,pagr,1588
pagel,鱼ᴾᴳ,0,pagel,1552
pilĉard,鱼ᴾᴸ,0,pilc^ard,1534
piranj,鱼ᴾᴺ,0,piranj,1564
petromiz,鱼ᴾᵀ,0,petromiz,1525
remor,鱼ᴿᴹ,0,remor,1554
rutel,鱼ᴿᵀ,0,rutel,1555
turbot,鱼ᵀᴮ,0,turbot,1567
trakin,鱼ᵀᴷ,0,trakin,1566
timal,鱼ᵀᴹ,0,timal,1556
tinn,鱼ᵀᴺ,0,tinn,1529
trigl,鱼ᵀᴿ,0,trigl,1544
trut,鱼ᵀᵀ,0,trut,1587
ĉot,鱼ᶜ̂,0,c^ot,1517
foksen,鱼ᶠᴷ,0,foksen,1562
zoarc,鱼ᶻᴿ,0,zoarc,1557
iĥtiolog,鱼学家,0,ih^tiolog,8994
karas,鲤ᴷˢ,0,karas,5561
kajman,鳄ᴷᴶ,0,kajman,5463
saksikol,鸟ˢˢ,0,saksikol,1094
ŝtern,鸟ˢ̂,0,s^tern,1048
streptopeli,鸟ˢᴱ,0,streptopeli,1106
sit,鸟ˢᴵ,0,sit,1013
sterkorari,鸟ˢᴷ,0,sterkorari,1103
sul,鸟ˢᴸ,0,sul,1017
somateri,鸟ˢᴹ,0,somateri,1095
serpentari,鸟ˢᴺ,0,serpentari,1102
sirapt,鸟ˢᴾ,0,sirapt,1067
serin,鸟ˢᴿ,0,serin,1047
sturn,鸟ˢᵀ,0,sturn,1004
alka,鸟ᴬᴬ,0,alka,1109
albatros,鸟ᴬᴮ,0,albatros,1122
agami,鸟ᴬᴳ,0,agami,1033
alced,鸟ᴬᴸ,0,alced,1030
antus,鸟ᴬᴺ,0,antus,1112
apterig,鸟ᴬᴾ,0,apterig,1071
alektor,鸟ᴬᴿ,0,alektor,1072
avocet,鸟ᴬⱽ,0,avocet,1052
bobolink,鸟ᴮᴮ,0,bobolink,1088
bukorak,鸟ᴮᴷ,0,bukorak,1120
bombicil,鸟ᴮᴹ,0,bombicil,1089
bantam,鸟ᴮᴺ,0,bantam,1053
bernikl,鸟ᴮᴿ,0,bernikl,1073
bucer,鸟ᴮᶜ,0,bucer,1034
bufag,鸟ᴮᶠ,0,bufag,1032
bonazi,鸟ᴮᶻ,0,bonazi,1054
dromaj,鸟ᴰᴶ,0,dromaj,1114
diomede,鸟ᴰᴹ,0,diomede,1075
dromice,鸟ᴰᴿ,0,dromice,1076
emu,鸟ᴱᴹ,0,emu,1107
galinag,鸟ᴳᴺ,0,galinag,1078
gip,鸟ᴳᴾ,0,gip,1016
guf,鸟ᴳᶠ,0,guf,1108
hipsipet,鸟ᴴˢ,0,hipsipet,1123
ĥaradri,鸟ᴴ̂,0,h^aradri,1119
himantopod,鸟ᴴᴰ,0,himantopod,1104
haliaet,鸟ᴴᴸ,0,haliaet,1079
hematop,鸟ᴴᴹ,0,hematop,1080
himantop,鸟ᴴᴺ,0,himantop,1090
jabiru,鸟ᴶᴮ,0,jabiru,1058
kreks,鸟ᴷˢ,0,kreks,1039
katart,鸟ᴷᴬ,0,katart,1050
kolibr,鸟ᴷᴮ,0,kolibr,1011
karduel,鸟ᴷᴰ,0,karduel,1081
karadri,鸟ᴷᴵ,0,karadri,1070
kokotraŭst,鸟ᴷᴷ,0,kokotrau^st,1099
kalidr,鸟ᴷᴸ,0,kalidr,1060
kormoran,鸟ᴷᴹ,0,kormoran,1121
kairin,鸟ᴷᴺ,0,kairin,1059
kondor,鸟ᴷᴼ,0,kondor,1117
krek,鸟ᴷᴿ,0,krek,1022
kiti,鸟ᴷᵀ,0,kiti,1021
kuruk,鸟ᴷᵁ,0,kuruk,1040
koraci,鸟ᴷᶜ,0,koraci,1051
kvecal,鸟ᴷⱽ,0,kvecal,1061
lagopod,鸟ᴸᴰ,0,lagopod,1087
lagop,鸟ᴸᴳ,0,lagop,1041
lokustel,鸟ᴸᴷ,0,lokustel,1091
limoz,鸟ᴸᴹ,0,limoz,1042
lori,鸟ᴸᴿ,0,lori,1024
litorn,鸟ᴸᵀ,0,litorn,1062
merl,鸟ᴹᴱ,0,merl,1010
mergul,鸟ᴹᴳ,0,mergul,1115
melopsitak,鸟ᴹᴸ,0,melopsitak,1100
merĝ,鸟ᴹᴿ,0,merg^,1025
motacil,鸟ᴹᵀ,0,motacil,1009
nikte,鸟ᴺᴷ,0,nikte,1044
numeni,鸟ᴺᴹ,0,numeni,1063
nucifrag,鸟ᴺᶜ,0,nucifrag,1092
neofron,鸟ᴺᶠ,0,neofron,1082
oriol,鸟ᴼᴸ,0,oriol,1003
perisore,鸟ᴾˢ,0,perisore,1093
platale,鸟ᴾᴬ,0,platale,1084
perdrik,鸟ᴾᴰ,0,perdrik,1007
pterokl,鸟ᴾᴱ,0,pterokl,1086
pirokorak,鸟ᴾᴵ,0,pirokorak,1097
pinikol,鸟ᴾᴷ,0,pinikol,1083
pelikan,鸟ᴾᴸ,0,pelikan,1006
pronel,鸟ᴾᴺ,0,pronel,1065
porfiri,鸟ᴾᴼ,0,porfiri,1085
pipi,鸟ᴾᴾ,0,pipi,1026
pirul,鸟ᴾᴿ,0,pirul,1045
petrel,鸟ᴾᵀ,0,petrel,1064
ploce,鸟ᴾᶜ,0,ploce,1031
pufin,鸟ᴾᶠ,0,pufin,1046
pluvi,鸟ᴾⱽ,0,pluvi,1027
tanagr,鸟ᵀᴬ,0,tanagr,1116
tadorn,鸟ᵀᴰ,0,tadorn,1068
tangar,鸟ᵀᴳ,0,tangar,1069
tinunkol,鸟ᵀᴷ,0,tinunkol,1096
tinam,鸟ᵀᴺ,0,tinam,1028
tring,鸟ᵀᴿ,0,tring,1049
tetraon,鸟ᵀᵀ,0,tetraon,1008
uri,鸟ᵁᴿ,0,uri,1018
ĉeti,鸟ᶜ̂,0,c^eti,1019
cinkl,鸟ᶜᴺ,0,cinkl,1029
certi,鸟ᶜᴿ,0,certi,1035
cirkaet,鸟ᶜᵀ,0,cirkaet,1074
cirku,鸟ᶜᵁ,0,cirku,1036
frankolin,鸟ᶠᴷ,0,frankolin,1012
fulmar,鸟ᶠᴸ,0,fulmar,1056
fenikur,鸟ᶠᴺ,0,fenikur,1077
falaropod,鸟ᶠᴿ,0,falaropod,1098
fenikopter,鸟ᶠᵀ,0,fenikopter,1124
ornitolog,鸟学家,0,ornitolog,9373
neoti,鸟巢兰,0,neoti,8112
koktel,鸡尾酒,0,koktel,6240
kantarel,鸡油菌,0,kantarel,7451
kvak,鸣ᴷᴷ,0,kvak,4732
kuku,鸣ᴷᵁ,0,kuku,4736
ĉirp,鸣ᶜ̂,0,c^irp,4730
kornik,鸦ᴷᴺ,0,kornik,5456
teba,鸦片ᵀ,0,teba,6178
kakatu,鹦ᴷᴷ,0,kakatu,5008
maltoz,麦芽糖,0,maltoz,10001
narkotik,麻ᴺᴷ,0,narkotik,6197
narkoz,麻ᴺᶻ,0,narkoz,6198
efedrin,麻黄碱,0,efedrin,7531
flavin,黄ᶠᴺ,0,flavin,2080
hesperornit,黄昏鸟,0,hesperornit,7504
buterat,黄油被,0,buterat,8551
buterometr,黄油计,0,buterometr,8552
pirit,黄铁矿,0,pirit,7596
tombak,黄铜ᵀ,0,tombak,5581
negr,黑ᴺᴱ,0,negr,1234
smut,黑穗病,0,smut,7486
timbal,鼓ᵀᴸ,0,timbal,4675
timpanit,鼓室炎,0,timpanit,9750
miringotomi,鼓膜切,0,miringotomi,9278
miringit,鼓膜炎,0,miringit,9277
skunk,鼠ˢᴷ,0,skunk,4419
arvikol,鼠ᴬᴿ,0,arvikol,4413
dolikot,鼠ᴰᴸ,0,dolikot,4414
leming,鼠ᴸᴹ,0,leming,4421
mustel,鼠ᴹˢ,0,mustel,4403
mikrot,鼠ᴹᴷ,0,mikrot,4411
mel,鼠ᴹᴸ,0,mel,4397
muskarden,鼠ᴹᴿ,0,muskarden,4418
miokastor,鼠ᴹᵀ,0,miokastor,4417
mefit,鼠ᴹᶠ,0,mefit,4400
oposum,鼠ᴼᴾ,0,oposum,4406
ĉinĉil,鼠ᶜ̂,0,c^inc^il,4410
salvi,鼠尾草,0,salvi,7903
nazal,鼻ᴺᴸ,0,nazal,1713
rostr,鼻ᴿˢ,0,rostr,1712
dental,齿ᴰᴸ,0,dental,1482
stegosaŭr,龙ˢᴳ,0,stegosau^r,5945
stelion,龙ˢᵀ,0,stelion,5940
sfenodont,龙ˢᶠ,0,sfenodont,5944
akonti,龙ᴬᴷ,0,akonti,5939
apatosaŭr,龙ᴬᴾ,0,apatosau^r,5942
mozasaŭr,龙ᴹᶻ,0,mozasau^r,5941
pterodaktil,龙ᴾᴰ,0,pterodaktil,5950
pteranodont,龙ᴾᵀ,0,pteranodont,5949
agav,龙舌兰,0,agav,6364
dracen,龙血树,0,dracen,7819
ĥeloni,龟ᴴ̂,0,h^eloni,5106
karet,龟ᴷᴿ,0,karet,5108
iĝ,成ᴵᴳ,1,igx,197
leandr,虾ᴸᴱ,1,Leandr,5550
monofizit,一性,0,monofizit,7406
januar,一月,0,januar,354
unitari,一神,0,unitari,7222
siring,丁香,0,siring,6258
hepta,七ᴴ,0,hepta,156
juli,七月,0,juli,621
kardan,万向,0,kardan,6912
hura,万岁,0,hura,7283
miriametr,万米,0,miriametr,9275
miriapod,万足,0,miriapod,9276
trisom,三体,0,trisom,9780
mart,三月,0,mart,612
trinitr,三硝,0,trinitr,7016
trigonometri,三角,0,trigonometri,7010
superpozici,上位,0,superpozici,9692
kolonel,上校,0,kolonel,5564
epiteli,上皮,0,epiteli,7501
apelaci,上诉,0,apelaci,6266
senat,上院,0,senat,5648
menton,下巴,0,menton,3849
katafor,下指,0,katafor,8159
ahims,不害,0,ahims,7241
steril,不育,0,steril,6137
disonanc,不谐,0,disonanc,8059
nelg,不长,0,nelg,7933
malgraŭ,不顾,0,malgraŭ,101
arleken,丑ᴬ,0,arleken,4948
bufon,丑ᴮ,0,bufon,4951
histrion,丑ᴴ,0,histrion,4950
klaŭn,丑ᴷ,0,klau^n,4946
pajac,丑ᴾ,0,pajac,4947
despot,专制,0,despot,6804
komisar,专员,0,komisar,5565
talam,丘脑,0,talam,8091
makis,丛ᴹ,0,makis,5680
vepr,丛ⱽ,0,vepr,5679
orientologi,东学,0,orientologi,9369
orientalist,东家,0,orientalist,9367
faden,丝ᶠ,0,faden,2812
filari,丝虫,0,filari,7073
hermafrodit,两性,0,hermafrodit,6451
amfibi,两栖,0,amfibi,6490
aŭster,严ᴬ,0,au^ster,2650
drakon,严ᴰ,0,drakon,2649
rigor,严ᴿ,0,rigor,2647
individualist,个家,0,individualist,9009
neŭtral,中ᴺ,0,neŭtral,1705
mezocefal,中头,0,mezocefal,9243
mezon,中子,0,mezon,9919
mezoderm,中皮,0,mezoderm,9244
mesenter,中肠,0,mesenter,9229
ald,中音,0,ald,6034
tandem,串联,0,tandem,7824
krit,临界,0,krit,6214
testik,丸ᵀ,0,testik,4899
testikit,丸炎,0,testikit,9745
erizipel,丹毒,0,erizipel,8220
subjekt,主ˢ,0,subjekt,1842
nominativ,主ᴺ,0,nominativ,1843
prezid,主ᴾ,0,prezid,1840
tonik,主ᵀ,0,tonik,1845
ism,主义,0,ism,248
episkop,主教,0,episkop,5866
prepost,主祭,0,prepost,6885
aort,主脉,0,aort,7100
kondut,举ᴷ,0,kondut,835
levator,举具,0,levator,9174
deont,义ᴰ,0,deont,6003
deontologi,义学,0,deontologi,8603
niel,乌银,0,niel,6218
sangvin,乐ˢ,0,sangvin,1979
hedon,乐ᴴ,0,hedon,1980
orkestr,乐ᴼ,0,orkestr,1977
plezur,乐ᴾ,0,plezur,1976
hedonist,乐家,0,hedonist,8887
moviment,乐章,0,moviment,8281
meloman,乐迷,0,meloman,7751
multiplik,乘ᴹ,0,multiplik,956
etoksi,乙氧,0,etoksi,8738
septembr,九月,0,septembr,616
nek,也不,0,nek,682
skrib,书ˢ,0,skrib,938
uncial,书体,0,uncial,7417
kaligraf,书法,0,kaligraf,6855
pelmel,乱ᴾ,0,pelmel,4338
turbul,乱ᵀ,0,turbul,4337
incest,乱伦,0,incest,8244
emulsi,乳ᴱ,0,emulsi,1689
mam,乳ᴹ,0,mam,1687
cic,乳ᶜ,0,cic,1688
mamografi,乳志,0,mamografi,9207
mamalgi,乳痛,0,mamalgi,9205
stalaktit,乳石,0,stalaktit,7873
mastoid,乳突,0,mastoid,7921
laktoz,乳糖,0,laktoz,10000
mamektomi,乳除,0,mamektomi,9206
oliban,乳香,0,oliban,7812
afer,事ᴬ,0,afer,668
event,事ᴱ,0,event,670
fakt,事ᶠ,0,fakt,669
divalent,二价,0,divalent,8641
disom,二体,0,disom,8638
diploid,二倍,0,diploid,8630
digram,二字,0,digram,8622
dut,二度,0,dut,6838
dimorf,二形,0,dimorf,9858
februar,二月,0,februar,622
diazot,二氮,0,diazot,8619
ditionat,二硫,0,ditionat,8640
dipter,二翅,0,dipter,8634
dikro,二色,0,dikro,7122
dipod,二足,0,dipod,9860
binar,二进,0,binar,7827
bigami,二配,0,bigami,9851
duet,二重,0,duet,7452
bimetal,二金,0,bimetal,8519
binom,二项,0,binom,7876
bident,二齿,0,bident,8518
pice,云杉,0,pice,5612
glim,云母,0,glim,6455
nefometr,云计,0,nefometr,9312
nefoskop,云镜,0,nefoskop,9313
mutual,互ᴹ,0,mutual,3514
taŭtomer,互变,0,tau^tomer,6954
penta,五ᴾ,0,penta,154
pentagram,五图,0,pentagram,9440
maj,五月,0,maj,620
pentametr,五米,0,pentametr,9441
pentagon,五角,0,pentagon,7896
hipotensi,亚压,0,hipotensi,8972
hiponim,亚名,0,hiponim,8967
hipocentr,亚央,0,hipocentr,8958
hipoestez,亚感,0,hipoestez,8961
hipostaz,亚滞,0,hipostaz,8969
hipocikl,亚环,0,hipocikl,10011
metilen,亚甲,0,metilen,7646
hipoderm,亚皮,0,hipoderm,8959
hipogastr,亚胃,0,hipogastr,8962
hipoglos,亚舌,0,hipoglos,8963
hipotez,亚题,0,hipotez,8973
lin,亚麻,0,lin,5588
diplomat,交ᴰ,0,diplomat,3642
koit,交ᴷ,0,koit,3643
simfoni,交响,0,simfoni,7177
simpat,交感,0,simpat,7216
kopul,交配,0,kopul,7009
akuŝ,产ᴬ,0,akuŝ,2028
puerper,产后,0,puerper,8037
akuŝologi,产学,0,akus^ologi,8371
obstetrik,产科,0,obstetrik,7328
sibarit,享乐,0,sibarit,8102
bril,亮ᴮ,0,bril,1475
leŭcin,亮ᴸ,0,leu^cin,1476
simpati,亲ˢ,0,simpati,1655
intim,亲ᴵ,0,intim,1653
parenc,亲ᴾ,0,parenc,1654
antrop,人ᴬ,0,antrop,697
oni,人ᴼ,0,oni,696
person,人ᴾ,0,person,695
antropoid,人似,0,antropoid,8428
antropofag,人吞,0,antropofag,9844
antropocentr,人央,0,antropocentr,8427
antropologi,人学,0,antropologi,8430
antropomorf,人形,0,antropomorf,8432
antropometri,人测,0,antropometri,8431
ostaĝ,人质,0,ostag^,7274
pralin,仁糖,0,pralin,7098
permitiv,介电,0,permitiv,6311
deoksi,从氧,0,deoksi,9856
deflor,从花,0,deflor,8586
sil,仓ˢ,0,sil,3294
hamstr,仓鼠,0,hamstr,6339
altru,他ᴬ,0,altru,674
ili,他们,0,ili,654
altruist,他家,0,altruist,8393
heteronomi,他律,0,heteronomi,8915
surogat,代ˢ,0,surogat,109
era,代ᴱ,0,era,107
generaci,代ᴳ,0,generaci,106
pronom,代ᴾ,0,pronom,105
algebr,代数,0,algebr,6318
metabol,代谢,0,metabol,6387
edikt,令ᴱ,0,edikt,1955
imperativ,令ᴵ,0,imperativ,1956
komand,令ᴷ,0,komand,1954
ukaz,令ᵁ,0,ukaz,1957
komandit,令受,0,komandit,9979
kurz,价ᴷ,0,kurz,3011
tarif,价ᵀ,0,tarif,3010
valent,价ⱽ,0,valent,3012
investitur,任ᴵ,0,investitur,629
kapric,任ᴷ,0,kapric,628
porci,份ᴾ,0,porci,116
mim,仿ᴹ,0,mim,2876
pastiĉ,仿ᴾ,0,pastic^,2878
pingven,企鹅,0,pingven,7654
elit,优ᴱ,0,elit,5208
optimum,优ᴼ,0,optimum,5209
eŭgenik,优生,0,eu^genik,7280
sesi,会ˢ,0,sesi,3265
asemble,会ᴬ,0,asemble,3263
miting,会ᴹ,0,miting,3267
kanonik,会士,0,kanonik,6345
sium,伞ˢ,0,sium,4447
anet,伞ᴬ,0,anet,4441
bupleŭr,伞ᴮ,0,bupleu^r,4456
daŭk,伞ᴰ,0,dau^k,4445
etuz,伞ᴱ,0,etuz,4446
hidrokotil,伞ᴴ,0,hidrokotil,4462
karum,伞ᴷ,0,karum,4448
levistik,伞ᴸ,0,levistik,4460
paraŝut,伞ᴾ,0,paraŝut,4439
tapsi,伞ᵀ,0,tapsi,4453
umbel,伞ᵁ,0,umbel,4440
ferolag,伞ᶠ,0,ferolag,4457
legend,传ᴸ,0,legend,3255
propagand,传ᴾ,0,propagand,3256
transmisi,传ᵀ,0,transmisi,3257
faks,传真,0,faks,6559
lez,伤ᴸ,0,lez,3120
apokrif,伪ᴬ,0,apokrif,2820
kamufl,伪ᴷ,0,kamufl,2818
pseŭdo,伪ᴾ,0,pseŭdo,2817
pseŭdonim,伪名,0,pseu^donim,9540
hipokrit,伪善,0,hipokrit,6289
pseŭdomorf,伪形,0,pseu^domorf,9948
pseŭdoartr,伪节,0,pseu^doartr,9539
pseŭdopod,伪足,0,pseu^dopod,9541
akompan,伴ᴬ,0,akompan,2710
partner,伴ᴾ,0,partner,2712
analog,似ᴬ,0,analog,1832
oid,似ᴼ,0,oid,1831
apozici,位ᴬ,0,apozici,4476
bit,位ᴮ,0,bit,4474
lokaliz,位ᴸ,0,lokaliz,4475
pozici,位ᴾ,0,pozici,4473
homotet,位似,0,homotet,7505
depresi,低ᴰ,0,depresi,6162
bordun,低音,0,bordun,7663
dekolt,低领,0,dekolt,6763
domicil,住所,0,domicil,7032
sport,体ˢ,0,sport,1677
fart,体ᶠ,0,fart,1676
propriocept,体感,0,propriocept,7803
celom,体腔,0,celom,6897
somatogami,体配,0,somatogami,9639
kia,何a,0,kia,13
kie,何e,0,kie,14
kio,何o,0,kio,11
kiu,何u,0,kiu,12
kies,何之,0,kies,17
kial,何因,0,kial,18
kiam,何时,0,kiam,15
kiel,何样,0,kiel,19
kiom,何量,0,kiom,16
sald,余ˢ,0,sald,728
ceter,余ᶜ,0,ceter,727
pagod,佛塔,0,pagod,8253
aŭtor,作ᴬ,0,aŭtor,1835
operac,作战,0,operac,8040
ambasad,使ᴬ,0,ambasad,169
legat,使ᴸ,0,legat,174
misi,使ᴹ,0,misi,172
nunci,使ᴺ,0,nunci,173
kaz,例ᴷ,0,kaz,1924
stevard,侍ˢ,0,stevard,3814
grum,侍ᴳ,0,grum,3815
paĝi,侍ᴾ,0,pag^i,3813
ĉambelan,侍臣,0,c^ambelan,6940
liver,供ᴸ,0,liver,3856
proviz,供ᴾ,0,proviz,3857
rekognosk,侦ᴿ,0,rekognosk,6149
tempi,侧头,0,tempi,6942
tujan,侧柏,0,tujan,9784
insult,侮ᴵ,0,insult,4151
markiz,侯ᴹ,0,markiz,5037
konstip,便秘,0,konstip,6470
negliĝ,便袍,0,neglig^,7936
forc,促ᶠ,0,forc,3999
sekular,俗ˢ,0,sekular,3309
banal,俗ᴮ,0,banal,3304
kiĉ,俗ᴷ,0,kic^,3308
laik,俗ᴸ,0,laik,3306
profan,俗ᴾ,0,profan,3307
filistr,俗ᶠ,0,filistr,3310
vulgar,俗ⱽ,0,vulgar,3305
slang,俗语,0,slang,7949
garanti,保ᴳ,0,garanti,4028
kaŭci,保ᴷ,0,kau^ci,4029
patron,保ᴾ,0,patron,4027
polis,保单,0,polis,7312
epistol,信ᴱ,0,epistol,820
leter,信ᴸ,0,leter,816
mesaĝ,信ᴹ,0,mesaĝ,817
cirkuler,信ᶜ,0,cirkuler,819
fid,信ᶠ,0,fid,815
akredit,信任,0,akredit,8036
kurier,信使,0,kurier,5877
fideikomis,信委,0,fideikomis,7536
fuz,信管,0,fuz,6382
trad,信风,0,trad,6907
orden,修会,0,orden,6307
pedikur,修脚,0,pedikur,7337
retorik,修辞,0,retorik,6623
klostr,修院,0,klostr,6383
epitet,修饰,0,epitet,7787
ploid,倍ᴾ,0,ploid,180
anastrof,倒ᴬ,0,anastrof,6378
inversi,倒ᴵ,0,inversi,6377
pretekst,借口,0,pretekst,4477
merit,值ᴹ,0,merit,230
valor,值ⱽ,0,valor,229
inklin,倾ᴵ,0,inklin,186
tendenc,倾ᵀ,0,tendenc,187
dekant,倾析,0,dekant,6770
peruk,假发,0,peruk,6859
jodl,假声,0,jodl,7814
ĵos,假植,0,j^os,8299
prud,假正,0,prud,6272
protez,假肢,0,protez,6128
bias,偏ᴮ,0,bias,5994
ekart,偏ᴱ,0,ekart,5993
jor,偏ᴶ,0,jor,5992
ekscentrik,偏心,0,ekscentrik,7763
bigot,偏执,0,bigot,6693
suspend,停ˢ,0,suspend,1892
kape,停ᴷ,0,kape,1891
armistic,停战,0,armistic,8239
akcidenc,偶ᴬ,0,akcidenc,1866
eventual,偶ᴱ,0,eventual,1863
hazard,偶ᴴ,0,hazard,1862
kontingenc,偶ᴷ,0,kontingenc,1865
marionet,偶ᴹ,0,marionet,1864
idol,偶像,0,idol,6152
klepto,偷ᴷ,0,klepto,2658
marod,偷ᴹ,0,marod,2657
kleptomani,偷狂,0,kleptomani,9906
solvent,偿ˢ,0,solvent,6332
amortiz,偿ᴬ,0,amortiz,6331
ristorn,偿ᴿ,0,ristorn,6333
stok,储ˢ,0,stok,2725
afrodizi,催情,0,afrodizi,6395
hipnot,催眠,0,hipnot,6119
orgojl,傲ᴼ,0,orgojl,4285
statu,像ˢ,0,statu,923
bonz,僧ᴮ,0,bonz,5861
cenobit,僧ᶜ,0,cenobit,5863
muskardin,僵病,0,muskardin,7323
pediatr,儿医,0,pediatr,8227
kateĉu,儿茶,0,katec^u,6636
megom,兆ᴹ,0,megom,5744
megommetr,兆计,0,megommetr,9219
precedenc,先例,0,precedenc,8050
profet,先知,0,profet,5621
fotosintez,光合,0,fotosintez,8791
diafragm,光圈,0,diafragm,6515
foton,光子,0,foton,9878
optik,光学,0,optik,5776
fotometri,光测,0,fotometri,8789
aŭreol,光环,0,au^reol,7311
fotosfer,光球,0,fotosfer,8790
lumterapi,光疗,0,lumterapi,8794
fotoĉel,光胞,0,fotoc^el,8782
fotometr,光计,0,fotometr,9877
konker,克ᴷ,0,konker,5368
imunologi,免学,0,imunologi,9007
kunikl,兔ᴷ,0,kunikl,3837
lagoftalm,兔眼,0,lagoftalm,7437
ĉia,全a,0,ĉia,22
ĉie,全e,0,ĉie,23
ĉio,全o,0,ĉio,20
ĉiu,全u,0,ĉiu,21
holo,全ᴴ,0,holo,4334
komplet,全ᴷ,0,komplet,4333
ĉies,全之,0,ĉies,26
ĉial,全因,0,ĉial,27
hologram,全图,0,hologram,8982
holocefal,全头,0,holocefal,8979
holomorf,全形,0,holomorf,9890
holografi,全志,0,holografi,8981
ĉiam,全时,0,ĉiam,24
ĉiel,全样,0,ĉiel,28
pankromat,全色,0,pankromat,9421
holograf,全记,0,holograf,8980
ĉiom,全量,0,ĉiom,25
holoedr,全面,0,holoedr,9889
oktant,八分,0,oktant,7649
oktav,八度,0,oktav,6867
aŭgust,八月,0,aŭgust,285
oktaedr,八面,0,oktaedr,9352
just,公ᴶ,0,just,1869
plebiscit,公投,0,plebiscit,8298
duk,公爵,0,duk,6359
aksiom,公理,0,aksiom,7546
notari,公证,0,notari,6581
hektar,公顷,0,hektar,5520
heks,六ᴴ,0,heks,144
juni,六月,0,juni,623
heksaklor,六氯,0,heksaklor,9999
heksametr,六米,0,heksametr,8890
heksagon,六角,0,heksagon,7835
heksaedr,六面,0,heksaedr,8889
spirantes,兰ˢ,0,spirantes,6672
angrek,兰ᴬ,0,angrek,6663
bleti,兰ᴮ,0,bleti,6661
epidendr,兰ᴱ,0,epidendr,6667
katlej,兰ᴷ,0,katlej,6664
cimbidi,兰ᶜ,0,cimbidi,6666
falenops,兰ᶠ,0,falenops,6668
vanda,兰ⱽ,0,vanda,6662
orkidit,兰炎,0,orkidit,9371
orkidoterapi,兰疗,0,orkidoterapi,9372
orkidektomi,兰除,0,orkidektomi,9370
sinonim,共名,0,sinonim,9958
respublik,共和,0,respublik,4165
mezomer,共振,0,mezomer,7233
sinkron,共时,0,sinkron,9957
simbioz,共生,0,simbioz,6497
resonanc,共鸣,0,resonanc,8081
dogan,关ᴰ,0,dogan,3037
ator,具ᴬ,0,ator,192
konkret,具ᴷ,0,konkret,191
mebl,具ᴹ,0,mebl,190
enciklopedi,典ᴱ,0,enciklopedi,3608
bred,养ᴮ,0,bred,3320
trofi,养ᵀ,0,trofi,3322
vart,养ⱽ,0,vart,3321
pensi,养老,0,pensi,5014
aliment,养费,0,aliment,8305
serval,兽ˢ,0,serval,1441
animal,兽ᴬ,0,animal,1403
ding,兽ᴰ,0,ding,1411
ekv,兽ᴱ,0,ekv,1408
gaŭr,兽ᴳ,0,gau^r,1412
hin,兽ᴴ,0,hin,1409
izatis,兽ᴵ,0,izatis,1433
kiang,兽ᴷ,0,kiang,1422
lutr,兽ᴸ,0,lutr,1405
mirmekofag,兽ᴹ,0,mirmekofag,1407
nazu,兽ᴺ,0,nazu,1414
otari,兽ᴼ,0,otari,1406
pudu,兽ᴾ,0,pudu,1415
teri,兽ᵀ,0,teri,1410
unaŭ,兽ᵁ,0,unau^,1416
civetikt,兽ᶜ,0,civetikt,1454
focen,兽ᶠ,0,focen,1421
zo,兽ᶻ,0,zo,1402
viver,兽ⱽ,0,viver,1419
veterinar,兽医,0,veterinar,7436
zoomorf,兽形,0,zoomorf,9830
zoofit,兽植,0,zoofit,9827
faŭn,兽相,0,fau^n,7547
intern,内ᴵ,0,intern,112
introvertit,内向,0,introvertit,7713
pale,内壳,0,pale,5986
endomorfi,内形,0,endomorfi,8696
endokard,内心,0,endokard,8693
endoplasm,内浆,0,endoplasm,8697
endosmoz,内渗,0,endosmoz,8699
endoterm,内热,0,endoterm,8701
endogen,内生,0,endogen,8692
endoderm,内皮,0,endoderm,8690
introspekt,内省,0,introspekt,6944
endosperm,内种,0,endosperm,8700
konkub,内缘,0,konkub,6772
endogami,内配,0,endogami,8691
endoskop,内镜,0,endoskop,8698
album,册ᴬ,0,album,2889
broŝur,册ᴮ,0,broŝur,2891
ekzempler,册ᴱ,0,ekzempler,2892
prospekt,册ᴾ,0,prospekt,2893
volum,册ⱽ,0,volum,2890
bis,再ᴮ,0,bis,273
renom,再名,0,renom,9953
recit,再引,0,recit,9952
regeneraci,再生,0,regeneraci,8318
adiaŭ,再见,0,adiaŭ,714
retuŝ,再触,0,retus^,9572
redund,冗ᴿ,0,redund,7715
militar,军ᴹ,0,militar,3131
parlamentari,军使,0,parlamentari,8262
korpus,军团,0,korpus,6142
serĝent,军士,0,serg^ent,7517
oficir,军官,0,oficir,5605
militarist,军家,0,militarist,9924
kep,军帽,0,kep,7717
furier,军需,0,furier,7783
agronom,农学,0,agronom,8357
kolĥoz,农社,0,kolh^oz,7433
pesticid,农药,0,pesticid,6898
diadem,冠ᴰ,0,diadem,4318
mitr,冠ᴹ,0,mitr,4316
tiar,冠ᵀ,0,tiar,4317
mitrit,冠炎,0,mitrit,9116
egret,冠羽,0,egret,7658
kraks,冠鸡,0,kraks,8202
ileks,冬青,0,ileks,7682
glaciologi,冰学,0,glaciologi,8858
glaĉer,冰川,0,glac^er,6808
spurt,冲ˢ,0,spurt,4621
elan,冲ᴱ,0,elan,4620
konflikt,冲ᴷ,0,konflikt,4619
ŝtanc,冲压,0,s^tanc,7121
surf,冲浪,0,surf,7072
impulsometr,冲计,0,impulsometr,9006
rezoluci,决ᴿ,0,rezoluci,1778
duel,决斗,0,duel,6234
sena,决明,0,sena,7584
cirkonstanc,况ᶜ,0,cirkonstanc,3636
metalurgi,冶金,0,metalurgi,5598
algid,冷ᴬ,0,algid,4143
frid,冷ᶠ,0,frid,4142
fridoterapi,冷疗,0,fridoterapi,8800
cinik,冷笑,0,cinik,6766
kriostat,冻态,0,kriostat,9135
kriometri,冻测,0,kriometri,9133
krioterapi,冻疗,0,krioterapi,9136
krioskopi,冻镜,0,krioskopi,9134
akurat,准ᴬ,0,akurat,2997
adjudant,准尉,0,adjudant,8021
kolimat,准直,0,kolimat,7444
subtrah,减ˢ,0,subtrah,720
diskont,减ᴰ,0,diskont,721
redukt,减ᴿ,0,redukt,719
mejoz,减分,0,mejoz,7460
kondensator,凝具,0,kondensator,9107
napalm,凝油,0,napalm,6970
tof,凝灰,0,tof,7680
ĝel,凝胶,0,g^el,7579
taburet,凳ᵀ,0,taburet,2047
bos,凸ᴮ,0,bos,5508
galb,凸ᴳ,0,galb,5509
konveks,凸ᴷ,0,konveks,5506
protrud,凸ᴾ,0,protrud,5510
tenon,凸ᵀ,0,tenon,5507
ekzoftalmi,凸眼,0,ekzoftalmi,7954
oriel,凸窗,0,oriel,8250
kam,凸轮,0,kam,7251
intajl,凹雕,0,intajl,8302
hemoragi,出血,0,hemoragi,6179
nokaŭt,击倒,0,nokau^t,7855
skerm,击剑,0,skerm,6185
ĉan,击锤,0,c^an,8261
jatagan,刀ᴶ,0,jatagan,6401
cimitar,刀ᶜ,0,cimitar,6400
divid,分ᴰ,0,divid,202
ekvinoks,分ᴱ,0,ekvinoks,207
groŝ,分ᴳ,0,gros^,206
minut,分ᴹ,0,minut,203
frakci,分ᶠ,0,frakci,204
decigram,分克,0,decigram,8583
minutator,分具,0,minutator,9273
defil,分列,0,defil,6602
decilitr,分升,0,decilitr,8584
frakt,分形,0,frakt,8038
denominator,分母,0,denominator,8313
ŝunt,分流,0,s^unt,6784
tetrark,分王,0,tetrark,8193
decimetr,分米,0,decimetr,8585
taksonom,分类,0,taksonom,8229
skizoid,分裂,0,skizoid,7412
katabol,分解,0,katabol,7978
particip,分词,0,particip,6701
dierez,分音,0,dierez,7332
dividend,分须,0,dividend,8643
sekc,切ˢ,0,sekc,1755
amput,切ᴬ,0,amput,1756
inciz,切ᴵ,0,inciz,1758
sinkop,切分,0,sinkop,7702
magazin,刊ᴹ,0,magazin,3526
linĉ,刑ᴸ,0,linc^,6040
strek,划ˢ,0,strek,2732
haĉ,划ᴴ,0,hac^,2735
rem,划ᴿ,0,rem,2731
skarifikator,划具,0,skarifikator,9633
demarkaci,划界,0,demarkaci,8294
seri,列ˢ,0,seri,3063
procesi,列ᴾ,0,procesi,3064
invent,创ᴵ,0,invent,2548
traŭmat,创ᵀ,0,trau^mat,2550
traŭmatologi,创学,0,trau^matologi,9772
novic,初ᴺ,0,novic,6678
rudiment,初ᴿ,0,rudiment,6679
kalend,初一,0,kalend,6842
kolostr,初乳,0,kolostr,8245
kondamn,判ᴷ,0,kondamn,2526
verdikt,判ⱽ,0,verdikt,2527
jurisprudenc,判例,0,jurisprudenc,8278
rabotator,刨具,0,rabotator,9549
interez,利ᴵ,0,interez,3208
profit,利ᴾ,0,profit,3207
rugin,刮ᴿ,0,rugin,3701
skrapator,刮具,0,skrapator,9637
kuret,刮匙,0,kuret,6846
uniform,制服,0,uniform,5133
sankci,制裁,0,sankci,7116
tan,制革,0,tan,6201
strigl,刷ˢ,0,strigl,3650
bil,券ᴮ,0,bil,5467
talon,券ᵀ,0,talon,5468
spron,刺ˢ,0,spron,2975
dorn,刺ᴰ,0,dorn,2974
lancin,刺ᴸ,0,lancin,2977
bajonet,刺刀,0,bajonet,6746
akantocefal,刺头,0,akantocefal,8359
notakant,刺背,0,notakant,7762
knid,刺胞,0,knid,7295
kard,刺草,0,kard,5783
gasteroste,刺鱼,0,gasteroste,7166
gravur,刻ᴳ,0,gravur,1947
noĉ,刻ᴺ,0,noc^,1946
facet,刻面,0,facet,7017
barbir,剃ᴮ,0,barbir,3873
tonsur,剃ᵀ,0,tonsur,3874
pre,前ᴾ,0,pre,121
front,前ᶠ,0,front,118
avangard,前卫,0,avangard,7197
prelud,前奏,0,prelud,7952
premis,前提,0,premis,6816
provirus,前毒,0,provirus,9538
profaz,前相,0,profaz,9527
prolog,前话,0,prolog,9529
spad,剑ˢ,0,spad,5365
rapir,剑ᴿ,0,rapir,5366
skeĉ,剧ˢ,0,skeĉ,3540
dram,剧ᴰ,0,dram,3538
komedi,剧ᴷ,0,komedi,3539
melodram,剧ᴹ,0,melodram,3542
fars,剧ᶠ,0,fars,3541
dramaturg,剧作,0,dramaturg,8225
stuc,剪ˢ,0,stuc,2676
siluet,剪影,0,siluet,7919
adjutant,副官,0,adjutant,8254
duplikat,副本,0,duplikat,7419
refren,副歌,0,refren,8285
vikari,副祭,0,vikari,7563
cirkumcid,割礼,0,cirkumcid,7211
dinamik,力ᴰ,0,dinamik,3341
dinamometr,力计,0,dinamometr,9997
pitiat,劝愈,0,pitiat,8039
entrepren,办ᴱ,0,entrepren,1773
proced,办ᴾ,0,proced,1774
kancelari,办公,0,kancelari,6295
agend,办须,0,agend,8354
adici,加ᴬ,0,adici,725
kolazion,加餐,0,kolazion,8042
obligaci,务ᴼ,0,obligaci,1744
task,务ᵀ,0,task,1743
kakografi,劣志,0,kakografi,9049
aŭtomat,动ᴬ,0,aŭtomat,859
kinet,动ᴷ,0,kinet,860
verb,动ⱽ,0,verb,858
mobiliz,动化,0,mobiliz,9926
kinezoterapi,动疗,0,kinezoterapi,9905
kinezopati,动病,0,kinezopati,9080
adjunkt,助ᴬ,0,adjunkt,784
stipendi,助学,0,stipendi,7065
diakon,助祭,0,diakon,6410
snob,势利,0,snob,6799
brav,勇ᴮ,0,brav,1204
string,勒ˢ,0,string,5307
kvest,募ᴷ,0,kvest,4690
asidu,勤ᴬ,0,asidu,3158
bulk,包ᴮ,0,bulk,2594
tek,包ᵀ,0,tek,2596
prepuci,包皮,0,prepuci,6877
hidatid,包虫,0,hidatid,7524
stilet,匕ˢ,0,stilet,6257
kemi,化学,0,kemi,3929
fosili,化石,0,fosili,6452
avatar,化身,0,avatar,8235
distrikt,区ᴰ,0,distrikt,2617
kvartal,区ᴷ,0,kvartal,2616
hospital,医ᴴ,0,hospital,2563
medicin,医ᴹ,0,medicin,2562
dodeka,十二,0,dodeka,6783
miliard,十亿,0,miliard,4380
dekagram,十克,0,dekagram,8591
dekalitr,十升,0,dekalitr,8592
kruc,十字,0,kruc,2552
dekalog,十戒,0,dekalog,8593
oktobr,十月,0,oktobr,286
dekametr,十米,0,dekametr,8594
dekapod,十足,0,dekapod,8595
kilometr,千ᴷ,0,kilometr,136
kilobit,千位,0,kilobit,9076
kilogram,千克,0,kilogram,9903
kilolitr,千升,0,kilolitr,9078
mileni,千年,0,mileni,7418
kilocikl,千环,0,kilocikl,9077
kilovat,千瓦,0,kilovat,9904
kilopod,千足,0,kilopod,9079
dies,升ᴰ,0,dies,3286
his,升ᴴ,0,his,3284
promoci,升ᴾ,0,promoci,3285
aĝi,升水,0,ag^i,8123
siest,午睡,0,siest,8169
semi,半ˢ,0,semi,5827
radius,半径,0,radius,6782
hemisfer,半球,0,hemisfer,7347
hemiplegi,半瘫,0,hemiplegi,8908
hemianopsi,半盲,0,hemianopsi,8906
hemipter,半翅,0,hemipter,8909
hemikrani,半颅,0,hemikrani,8907
trivial,卑ᵀ,0,trivial,253
apopleksi,卒中,0,apopleksi,7869
singular,单ˢ,0,singular,1156
fraŭl,单ᶠ,0,fraŭl,1155
unit,单位,0,unit,6095
monosom,单体,0,monosom,9301
monoplan,单划,0,monoplan,9299
monotip,单型,0,monotip,9304
monogram,单字,0,monogram,9288
monist,单家,0,monist,9285
monomorfi,单形,0,monomorfi,9296
monografi,单志,0,monografi,9287
monoklin,单斜,0,monoklin,9289
monokristal,单晶,0,monokristal,9291
rek,单杠,0,rek,7770
monomani,单狂,0,monomani,9294
monopetal,单瓣,0,monopetal,9298
ocel,单眼,0,ocel,7756
monolit,单石,0,monolit,9292
monokromat,单色,0,monokromat,9927
monolog,单话,0,monolog,9293
monoton,单调,0,monoton,9928
monogami,单配,0,monogami,9286
antarkt,南ᴬ,0,antarkt,3096
erudici,博ᴱ,0,erudici,2803
filantropi,博爱,0,filantropi,8757
aŭgur,占ᴬ,0,au^gur,1239
okupaci,占领,0,okupaci,8259
slip,卡ˢ,0,slip,8223
kartografi,卡志,0,kartografi,9071
kartograf,卡记,0,kartograf,9070
astaten,卤ᴬ,0,astaten,6524
brom,卤ᴮ,0,brom,6523
bromid,卤化,0,bromid,8883
bromoform,卤形,0,bromoform,8545
sanitar,卫ˢ,0,sanitar,5382
higien,卫ᴴ,0,higien,5381
mortez,卯眼,0,mortez,6473
stamp,印ˢ,0,stamp,3003
impres,印ᴵ,0,impres,3005
mime,印ᴹ,0,mime,3006
mimeograf,印记,0,mimeograf,9270
impresion,印象,0,impresion,7886
kriz,危ᴷ,0,kriz,2061
ekstemporal,即ᴱ,0,ekstemporal,712
improviz,即兴,0,improviz,6261
kojon,卵ᴷ,0,kojon,2592
ovari,卵巢,0,ovari,6269
ovogoni,卵源,0,ovogoni,9407
salping,卵管,0,salping,6798
ovocit,卵胞,0,ovocit,9406
bukl,卷ᴮ,0,bukl,1884
rul,卷ᴿ,0,rul,1882
cirus,卷ᶜ,0,cirus,1885
friz,卷ᶠ,0,friz,1883
ĉir,卷须,0,c^ir,7529
uzin,厂ᵁ,0,uzin,3488
salon,厅ˢ,0,salon,3528
atri,厅ᴬ,0,atri,3530
vestibl,厅ⱽ,0,vestibl,3529
almanak,历书,0,almanak,7842
katiz,压ᴷ,0,katiz,1270
markot,压ᴹ,0,markot,1271
tensi,压ᵀ,0,tensi,1269
kalandr,压光,0,kalandr,6472
stres,压力,0,stres,6356
tensimetri,压测,0,tensimetri,9712
balast,压舱,0,balast,6634
gofr,压花,0,gofr,7480
manometr,压计,0,manometr,7632
barograf,压记,0,barograf,8503
baroskop,压镜,0,baroskop,8504
abomen,厌ᴬ,0,abomen,3758
hat,厌ᴴ,0,hat,3759
mizantrop,厌人,0,mizantrop,7723
mizogin,厌女,0,mizogin,7250
klozet,厕ᴷ,0,klozet,7838
centigram,厘克,0,centigram,8563
centilitr,厘升,0,centilitr,8564
centigrad,厘度,0,centigrad,8562
krasul,厚叶,0,krasul,8075
original,原ᴼ,0,original,265
aŭtokton,原住,0,au^tokton,8306
protozo,原兽,0,protozo,7124
prototip,原型,0,prototip,8450
primordi,原基,0,primordi,7659
prokariot,原核,0,prokariot,7123
naft,原油,0,naft,6633
protoplasm,原浆,0,protoplasm,9533
ur,原牛,0,ur,7043
protopter,原翅,0,protopter,9534
kupe,厢ᴷ,0,kupe,2020
kastr,去势,0,kastr,6795
referenc,参ᴿ,0,referenc,4916
bifid,叉ᴮ,0,bifid,2835
dikotom,叉ᴰ,0,dikotom,2836
harpun,叉ᴴ,0,harpun,2834
dual,双ᴰ,0,dual,281
ĝemel,双胎,0,ĝemel,5363
diplokok,双菌,0,diplokok,8631
diplopod,双足,0,diplopod,8633
baktri,双驼,0,baktri,7743
ironi,反ᴵ,0,ironi,276
kontra,反ᴷ,0,kontra,277
opon,反ᴼ,0,opon,275
antonim,反名,0,antonim,8426
reflekt,反射,0,reflekt,5635
reakci,反应,0,reakci,5634
regurgit,反流,0,regurgit,7502
diamagnet,反磁,0,diamagnet,7040
emisi,发ᴱ,0,emisi,4855
oestr,发情,0,oestr,7913
servir,发球,0,servir,6747
dinam,发电,0,dinam,5883
puber,发育,0,puber,7168
artikulaci,发音,0,artikulaci,7129
akcept,受ᴬ,0,akcept,1393
kalvari,受难,0,kalvari,6651
krement,变ᴷ,0,krement,1300
transmutaci,变ᵀ,0,transmutaci,1299
vari,变ⱽ,0,vari,1298
konjugaci,变位,0,konjugaci,7967
variant,变在,0,variant,9807
variaci,变奏,0,variaci,8286
anamorfoz,变形,0,anamorfoz,7405
zom,变焦,0,zom,6434
variometr,变计,0,variometr,9808
apostat,叛ᴬ,0,apostat,3972
insurekci,叛ᴵ,0,insurekci,3973
perfid,叛ᴾ,0,perfid,3970
stomat,口ˢ,0,stomat,1133
luk,口ᴸ,0,luk,1131
faŭk,口ᶠ,0,faŭk,1132
stomatologi,口学,0,stomatologi,9674
bav,口水,0,bav,7843
stomatit,口炎,0,stomatit,9672
stomatoskop,口镜,0,stomatoskop,9675
palat,口顶,0,palat,5479
muzel,口鼻,0,muzel,5601
paleo,古ᴾ,0,paleo,4277
arĥeologi,古学,0,arh^eologi,8447
paleografi,古志,0,paleografi,9415
paleozoik,古生,0,paleozoik,7823
arkeopterig,古翅,0,arkeopterig,9847
paleograf,古记,0,paleograf,9414
propozici,句ᴾ,0,propozici,3605
vers,句ⱽ,0,vers,3604
frazeologi,句学,0,frazeologi,9879
sintaks,句法,0,sintaks,6100
stand,台ˢ,0,stand,4906
bufed,台ᴮ,0,bufed,4903
konzol,台ᴷ,0,konzol,4904
teras,台ᵀ,0,teras,4901
bilard,台球,0,bilard,6182
vajc,台钳,0,vajc,8303
anal,史ᴬ,0,anal,1638
prehistori,史ᴾ,0,prehistori,1639
historiografi,史志,0,historiografi,8978
historiograf,史记,0,historiograf,8977
epope,史诗,0,epope,7326
tribord,右边,0,tribord,6512
lob,叶ᴸ,0,lob,2082
petiol,叶柄,0,petiol,8184
klorofil,叶绿,0,klorofil,6394
signal,号ˢ,0,signal,2579
numerator,号具,0,numerator,9341
fanfar,号角,0,fanfar,7833
sintez,合ˢ,0,sintez,4626
ĥor,合唱,0,ĥor,5387
zigot,合子,0,zigot,7248
anabol,合成,0,anabol,6656
aloj,合金,0,aloj,7469
suspensori,吊带,0,suspensori,7591
ĵartel,吊袜,0,j^artel,7427
asimil,同ᴬ,0,asimil,927
homo,同ᴴ,0,homo,925
ident,同ᴵ,0,ident,926
unison,同ᵁ,0,unison,928
homotop,同伦,0,homotop,7738
homonim,同名,0,homonim,8987
homofon,同声,0,homofon,8983
homologi,同学,0,homologi,9893
homomorf,同形,0,homomorf,8985
gej,同性,0,gej,8066
simultan,同时,0,simultan,7422
homogen,同生,0,homogen,9892
homopter,同翅,0,homopter,8988
homokromi,同色,0,homokromi,8984
komplic,同谋,0,komplic,7935
substantiv,名ˢ,0,substantiv,873
onim,名ᴼ,0,onim,874
reputaci,名ᴿ,0,reputaci,876
fam,名ᶠ,0,fam,872
aposterior,后ᴬ,0,aposterior,69
loĝistik,后勤,0,log^istik,8260
arier,后卫,0,arier,7430
absid,后殿,0,absid,8047
metazo,后生,0,metazo,7695
okcipit,后脑,0,okcipit,7612
epilog,后话,0,epilog,8717
sput,吐ˢ,0,sput,5153
kraĉ,吐ᴷ,0,kraĉ,5152
ipek,吐根,0,ipek,7114
centripet,向心,0,centripet,6619
sinklinal,向斜,0,sinklinal,7769
monark,君主,0,monark,6680
ingest,吞ᴵ,0,ingest,4130
faĝ,吞ᶠ,0,fag^,4129
fagocit,吞胞,0,fagocit,9871
dement,否ᴰ,0,dement,4877
veto,否ⱽ,0,veto,4875
pastel,含片,0,pastel,8182
mimoz,含羞,0,mimoz,7797
aŭdometr,听计,0,au^dometr,8482
revelaci,启ᴿ,0,revelaci,5413
absorb,吸ᴬ,0,absorb,5091
inhal,吸ᴵ,0,inhal,5090
anastomoz,吻合,0,anastomoz,7154
ror,吼ᴿ,0,ror,5600
aviz,告ᴬ,0,aviz,2882
herold,告ᴴ,0,herold,2881
komiz,员ᴷ,0,komiz,160
membr,员ᴹ,0,membr,159
periferi,周边,0,periferi,6767
sapor,味ˢ,0,sapor,3230
fatal,命ᶠ,0,fatal,3704
vital,命ⱽ,0,vital,3706
nomenklatur,命名,0,nomenklatur,8230
akord,和ᴬ,0,akord,665
kaj,和ᴷ,0,kaj,664
konkord,和合,0,konkord,5566
pacifist,和家,0,pacifist,9412
kimon,和服,0,kimon,7238
kantik,咏ᴷ,0,kantik,6322
psalm,咏ᴾ,0,psalm,6321
damn,咒ᴰ,0,damn,7535
envult,咒ᴱ,0,envult,7534
kver,咕ᴷ,0,kver,3312
lisp,咬舌,0,lisp,7321
psok,咬虫,0,psok,7518
trogon,咬鹃,0,trogon,7442
ekspektor,咳痰,0,ekspektor,8157
angin,咽炎,0,angin,7358
faringoskop,咽镜,0,faringoskop,8744
lament,哀ᴸ,0,lament,4617
ve,哀ⱽ,0,ve,4616
sortiment,品类,0,sortiment,7125
ranc,哈喇,0,ranc,7049
bac,响ᴮ,0,bac,2729
klak,响ᴷ,0,klak,2727
laŭt,响ᴸ,0,laŭt,2728
pantomim,哑剧,0,pantomim,7780
halter,哑铃,0,halter,6396
grunt,哼ᴳ,0,grunt,4177
solfeĝ,唱名,0,solfeg^,7308
sialogen,唾生,0,sialogen,9620
peg,啄木,0,peg,6516
negoc,商ᴺ,0,negoc,1663
firma,商ᶠ,0,firma,1662
karak,商舶,0,karak,7972
rasl,啰音,0,rasl,7726
kokerik,啼ᴷ,0,kokerik,7315
laring,喉ᴸ,0,laring,3788
laringotomi,喉切,0,laringotomi,9167
laringologi,喉学,0,laringologi,9165
laringit,喉炎,0,laringit,9163
laringoskopi,喉镜,0,laringoskopi,9166
stertor,喘ˢ,0,stertor,7208
dispne,喘ᴰ,0,dispne,7209
jubil,喜ᴶ,0,jubil,773
erupci,喷ᴱ,0,erupci,4568
jet,喷ᴶ,0,jet,4566
tern,喷ᵀ,0,tern,4567
ajut,喷嘴,0,ajut,8300
fontan,喷泉,0,fontan,5494
metafor,喻ᴹ,0,metafor,5750
snuf,嗅ˢ,0,snuf,4112
olfakt,嗅ᴼ,0,olfakt,4113
letargi,嗜睡,0,letargi,7350
kodicil,嘱ᴷ,0,kodicil,4678
sibl,嘶ˢ,0,sibl,6723
aparat,器ᴬ,0,aparat,220
instrument,器ᴵ,0,instrument,221
organ,器ᴼ,0,organ,218
vaz,器ⱽ,0,vaz,219
organizaci,器化,0,organizaci,8321
kakofoni,噪ᴷ,0,kakofoni,1913
ulul,嚎ᵁ,0,ulul,6978
ask,囊ᴬ,0,ask,5691
burs,囊ᴮ,0,burs,5692
kapsul,囊ᴷ,0,kapsul,5689
utrikl,囊ᵁ,0,utrikl,5693
folikl,囊ᶠ,0,folikl,5690
divertikul,囊室,0,divertikul,7834
bursit,囊炎,0,bursit,8549
kist,囊肿,0,kist,6958
askomicet,囊菌,0,askomicet,8468
tetragram,四字,0,tetragram,9746
april,四月,0,april,284
tetrationat,四硫,0,tetrationat,9748
kvartet,四重,0,kvartet,7696
raŭnd,回合,0,rau^nd,8290
askarid,回虫,0,askarid,7126
eti,因ᴱ,0,eti,74
kaŭz,因ᴷ,0,kaŭz,72
pro,因ᴾ,0,pro,71
faktor,因ᶠ,0,faktor,73
etiologi,因学,0,etiologi,8733
solidar,团ˢ,0,solidar,1795
agreg,团ᴬ,0,agreg,1797
bul,团ᴮ,0,bul,1793
konglomer,团ᴷ,0,konglomer,1801
mas,团ᴹ,0,mas,1792
regiment,团ᴿ,0,regiment,1796
trup,团ᵀ,0,trup,1794
akapar,囤ᴬ,0,akapar,6539
park,园ᴾ,0,park,1620
hortikultur,园艺,0,hortikultur,7255
sieĝ,围ˢ,0,sieg^,85
peri,围ᴾ,0,peri,84
periglaci,围冰,0,periglaci,9444
perifraz,围句,0,perifraz,9443
perikard,围心,0,perikard,9446
periheli,围日,0,periheli,9445
perimetr,围测,0,perimetr,9449
perispirit,围灵,0,perispirit,9452
batu,围猎,0,batu,6901
pericikl,围环,0,pericikl,9442
perisperm,围种,0,perisperm,9451
periskop,围镜,0,periskop,9450
periost,围骨,0,periost,9937
sterol,固醇,0,sterol,6046
regn,国ᴿ,0,regn,824
fisk,国库,0,fisk,6313
skem,图ˢ,0,skem,3494
grafik,图ᴳ,0,grafik,3495
ilustr,图ᴵ,0,ilustr,3493
mapotek,图包,0,mapotek,9209
gramofon,图声,0,gramofon,9977
cirkl,圆ᶜ,0,cirkl,1990
ŝtip,圆木,0,ŝtip,5665
cilindr,圆柱,0,cilindr,5834
vals,圆舞,0,vals,7185
strongil,圆虫,0,strongil,7472
panikl,圆锥,0,panikl,8113
kupol,圆顶,0,kupol,8085
cirk,圈ᶜ,0,cirk,5788
sabat,土ˢ,0,sabat,614
grundologi,土学,0,grundologi,8880
grundgenez,土源,0,grundgenez,8877
indiĝen,土著,0,indig^en,6317
kaki,土黄,0,kaki,7901
hagi,圣ᴴ,0,hagi,3045
kanoniz,圣ᴷ,0,kanoniz,3044
ikon,圣像,0,ikon,5897
anglikan,圣公,0,anglikan,7171
sakristi,圣器,0,sakristi,7874
hagiografi,圣志,0,hagiografi,8882
sakrament,圣礼,0,sakrament,7316
suna,圣行,0,suna,7176
hagiograf,圣记,0,hagiograf,8881
jul,圣诞,0,jul,6638
komuni,圣餐,0,komuni,6749
hosti,圣饼,0,hosti,6630
ontogenez,在源,0,ontogenez,9361
geo,地ᴳ,0,geo,943
junkr,地主,0,junkr,7429
geodinamik,地力,0,geodinamik,8831
geocentr,地央,0,geocentr,8830
geologi,地学,0,geologi,8839
topografi,地志,0,topografi,9764
geoteknik,地技,0,geoteknik,8847
geopolitik,地政,0,geopolitik,8844
endemi,地方,0,endemi,6270
geometri,地测,0,geometri,8841
geoterm,地热,0,geoterm,9880
geosfer,地球,0,geosfer,8845
katastr,地籍,0,katastr,6929
liken,地衣,0,liken,7614
geograf,地记,0,geograf,8833
metro,地铁,0,metro,6878
talp,地鼠,0,talp,6494
agor,场ᴬ,0,agor,3336
plac,场ᴾ,0,plac,3335
agorafobi,场症,0,agorafobi,8355
gangren,坏死,0,gangren,6388
skorbut,坏血,0,skorbut,6562
koordinat,坐标,0,koordinat,6077
iskiat,坐神,0,iskiat,7461
iski,坐骨,0,iski,7091
grumel,块ᴳ,0,grumel,3594
parcel,块ᴾ,0,parcel,3593
insist,坚ᴵ,0,insist,2827
persist,坚ᴾ,0,persist,2828
tenac,坚ᵀ,0,tenac,2829
avel,坚果,0,avel,6616
altar,坛ᴬ,0,altar,4531
eskarp,坡ᴱ,0,eskarp,3745
gradient,坡ᴳ,0,gradient,3746
talus,坡ᵀ,0,talus,3744
rampl,坡道,0,rampl,8251
apik,垂ᴬ,0,apik,7094
hipofiz,垂体,0,hipofiz,7021
agoni,垂死,0,agoni,7551
spam,垃圾,0,spam,7973
trust,垄断,0,trust,6461
muld,型ᴹ,0,muld,3547
tipologi,型学,0,tipologi,9753
tipografi,型志,0,tipografi,9967
tipometr,型计,0,tipometr,9754
tipograf,型记,0,tipograf,9751
krenel,垛ᴷ,0,krenel,6475
matrac,垫ᴹ,0,matrac,3848
kreml,城堡,0,kreml,8186
fundament,基ᶠ,0,fundament,3449
fondus,基金,0,fondus,6351
parok,堂区,0,parok,6103
kompoŝt,堆肥,0,kompos^t,7137
burg,堡ᴮ,0,burg,7562
fortres,堡垒,0,fortres,8263
mole,堤ᴹ,0,mole,6896
obtur,堵ᴼ,0,obtur,3387
obturator,堵具,0,obturator,9342
modl,塑ᴹ,0,modl,5032
pilon,塔ᴾ,0,pilon,3421
plosiv,塞ᴾ,0,plosiv,3937
stup,填ˢ,0,stup,5906
kalfatr,填ᴷ,0,kalfatr,5908
rembur,填ᴿ,0,rembur,5905
farĉ,填ᶠ,0,farc^,5907
stuphar,填毛,0,stuphar,9682
eko,境ᴱ,0,eko,4865
mediologi,境学,0,mediologi,9212
katakomb,墓ᴷ,0,katakomb,3415
nekropol,墓ᴺ,0,nekropol,3416
kript,墓窖,0,kript,6327
koopt,增补,0,koopt,7453
tuĉ,墨ᵀ,0,tuc^,2425
sepi,墨鱼,0,sepi,7983
piedestal,墩ᴾ,0,piedestal,6520
pariet,壁ᴾ,0,pariet,1230
niĉ,壁凹,0,nic^,6883
tapet,壁纸,0,tapet,5672
lacert,壁虎,0,lacert,5572
licenci,士ᴸ,0,licenci,5846
fonograf,声ᶠ,0,fonograf,1317
voĉ,声ⱽ,0,voĉ,1316
fonon,声子,0,fonon,8775
fonogram,声字,0,fonogram,8770
fonologi,声学,0,fonologi,8771
fonometri,声测,0,fonometri,8774
sonmetr,声计,0,sonmetr,8772
fonoskop,声镜,0,fonoskop,8776
glot,声门,0,glot,6707
hul,壳ᴴ,0,hul,4185
krust,壳ᴷ,0,krust,4183
kruĉ,壶ᴷ,0,kruĉ,3679
dispon,处ᴰ,0,dispon,839
lokomobil,处动,0,lokomobil,9188
ekip,备ᴱ,0,ekip,1729
memorand,备忘,0,memorand,8297
anafor,复ᴬ,0,anafor,2633
iteraci,复ᴵ,0,iteraci,2631
kopi,复ᴷ,0,kopi,2626
paŭs,复ᴾ,0,pau^s,2629
faksimil,复ᶠ,0,faksimil,2632
renesanc,复兴,0,renesanc,6910
plural,复数,0,plural,5619
resurekt,复活,0,resurekt,7630
ekster,外ᴱ,0,ekster,87
heterodin,外差,0,heterodin,7645
ksenofob,外怕,0,ksenofob,9149
ekstrapol,外推,0,ekstrapol,7550
ektoplasm,外浆,0,ektoplasm,8657
ekzoterm,外热,0,ekzoterm,8662
ekzogen,外生,0,ekzogen,8661
ksenofobi,外症,0,ksenofobi,9150
ektoderm,外皮,0,ektoderm,8656
kirurg,外科,0,kirurg,5434
ekzogami,外配,0,ekzogami,8660
vulv,外阴,0,vulv,6219
poli,多ᴾ,0,poli,864
poliploid,多倍,0,poliploid,9510
kibic,多嘴,0,kibic,7995
polifoni,多声,0,polifoni,9506
diurez,多尿,0,diurez,6001
polimorf,多形,0,polimorf,9943
politeknik,多技,0,politeknik,9515
polinukle,多核,0,polinukle,9508
politrik,多毛,0,politrik,9520
polipter,多翅,0,polipter,9944
pleokro,多色,0,pleokro,7191
pletor,多血,0,pletor,7410
poligon,多角,0,poligon,7468
poliklinik,多诊,0,poliklinik,9507
polipodi,多足,0,polipodi,9511
poligami,多配,0,poligami,9941
poliedr,多面,0,poliedr,9505
nokturn,夜曲,0,nokturn,8282
najtingal,夜莺,0,najtingal,5602
kaprimulg,夜鹰,0,kaprimulg,7553
majuskl,大ᴹ,0,majuskl,775
versal,大ⱽ,0,versal,777
sizigi,大潮,0,sizigi,7588
fagot,大管,0,fagot,8121
palt,大衣,0,palt,4999
soj,大豆,0,soj,5910
rabarb,大黄,0,rabarb,7063
astronomi,天ᴬ,0,astronomi,4287
anĝel,天使,0,anĝel,4004
aspart,天冬,0,aspart,8117
nadir,天底,0,nadir,8315
nandin,天竹,0,nandin,7965
sfing,天蛾,0,sfing,7331
zenit,天顶,0,zenit,7665
cign,天鹅,0,cign,4757
centrosom,央体,0,centrosom,8566
desapont,失望,0,desapont,7774
afazi,失语,0,afazi,7662
aleksi,失读,0,aleksi,7467
staŭl,失速,0,stau^l,7346
pru,头ᴾ,0,pru,796
cefal,头ᶜ,0,cefal,795
turban,头巾,0,turban,7600
cefalaspid,头甲,0,cefalaspid,6905
tini,头癣,0,tini,8049
skalp,头皮,0,skalp,8009
cefalotorak,头胸,0,cefalotorak,8558
cefalospin,头脊,0,cefalospin,8557
cefalopod,头足,0,cefalopod,8556
aliteraci,头韵,0,aliteraci,8177
bombast,夸ᴮ,0,bombast,4103
sandviĉ,夹ˢ,0,sandviĉ,4661
born,夹ᴮ,0,born,4664
ĉuk,夹头,0,c^uk,7862
splint,夹板,0,splint,7771
bizar,奇ᴮ,0,bizar,3088
kurioz,奇ᴷ,0,kurioz,3086
mirakl,奇ᴹ,0,mirakl,3087
trofe,奖ᵀ,0,trofe,3001
stereotip,套ˢ,0,stereotip,5531
ensembl,套ᴱ,0,ensembl,5530
gain,套ᴳ,0,gain,5529
laz,套ᴸ,0,laz,5528
muf,套ᴹ,0,muf,5527
vaginal,套ⱽ,0,vaginal,5532
vaginalit,套炎,0,vaginalit,9800
galoŝ,套鞋,0,galoŝ,5502
ginek,女ᴳ,0,ginek,242
nj,女ᴺ,0,nj,240
feminism,女ᶠ,0,feminism,239
kontralt,女低,0,kontralt,8056
ginekologi,女学,0,ginekologi,8851
feminist,女家,0,feminist,8749
ligustr,女贞,0,ligustr,7881
puding,奶冻,0,puding,7582
stukaĉ,奸ˢ,0,stukac^,6051
adult,奸ᴬ,0,adult,6050
diletant,好ᴰ,0,diletant,4543
hobi,好ᴴ,0,hobi,4542
kosmetik,妆ᴷ,0,kosmetik,3727
hetajr,妓ᴴ,0,hetajr,5998
meretric,妓ᴹ,0,meretric,5999
bordel,妓院,0,bordel,7001
fe,妖精,0,fe,5486
kompromis,妥协,0,kompromis,7853
komenc,始ᴷ,0,komenc,279
komisi,委ᴷ,0,komisi,3817
mandat,委ᴹ,0,mandat,3818
amom,姜ᴬ,0,amom,6755
eletari,姜ᴱ,0,eletari,6760
galang,姜ᴳ,0,galang,6758
kurkum,姜ᴷ,0,kurkum,6759
miog,姜ᴹ,0,miog,6756
poz,姿ᴾ,0,poz,3924
prestiĝ,威望,0,prestig^,7516
nupt,婚ᴺ,0,nupt,3212
medium,媒ᴹ,0,medium,5671
koket,媚ᴷ,0,koket,5439
lake,媚ᴸ,0,lake,5440
dot,嫁妆,0,dot,5341
greft,嫁接,0,greft,5923
atom,子ᴬ,0,atom,200
meridian,子午,0,meridian,7036
kotiledon,子叶,0,kotiledon,5886
orific,孔ᴼ,0,orific,5199
pav,孔雀,0,pav,5610
koncip,孕ᴷ,0,koncip,5375
alfabet,字ᴬ,0,alfabet,2927
grafem,字ᴳ,0,grafem,2931
karaktr,字ᴷ,0,karaktr,2930
uskl,字ᵁ,0,uskl,2928
bajt,字节,0,bajt,7236
depon,存ᴰ,0,depon,1780
konserv,存ᴷ,0,konserv,1781
prezerv,存ᴾ,0,prezerv,1784
ekzistencialist,存家,0,ekzistencialist,8659
student,学ˢ,0,student,830
ik,学ᴵ,0,ik,833
nomi,学ᴺ,0,nomi,829
universitat,学ᵁ,0,universitat,832
bakalaŭr,学士,0,bakalau^r,7992
log,学家,0,log,181
prefer,宁ᴾ,0,prefer,2604
univers,宇ᵁ,0,univers,4684
kosmologi,宇学,0,kosmologi,9124
kosmografi,宇志,0,kosmografi,9122
kosmogoni,宇源,0,kosmogoni,9120
kosmonaŭt,宇航,0,kosmonau^t,9125
kosmograf,宇记,0,kosmograf,9121
neŭrolept,安神,0,neu^rolept,7109
makro,宏ᴹ,0,makro,5372
makrofag,宏吞,0,makrofag,9198
makrocefal,宏头,0,makrocefal,9197
makrokosm,宏宇,0,makrokosm,9199
makrometr,宏计,0,makrometr,9200
makropod,宏足,0,makropod,9201
makroskop,宏镜,0,makroskop,9202
koncili,宗会,0,koncili,8023
sinod,宗议,0,sinod,8133
burokrat,官ᴮ,0,burokrat,3500
magistrat,官ᴹ,0,magistrat,3501
tribunus,官ᵀ,0,tribunus,3503
difin,定ᴰ,0,difin,1786
teorem,定理,0,teorem,8057
trezor,宝ᵀ,0,trezor,4157
cipre,宝贝,0,cipre,7512
efektiv,实ᴱ,0,efektiv,2068
pragmat,实ᴾ,0,pragmat,2069
staĝ,实习,0,stag^,7909
asiz,审ᴬ,0,asiz,5065
cenzur,审ᶜ,0,cenzur,5067
inkvizici,审判,0,inkvizici,6884
klient,客ᴷ,0,klient,2842
objektiv,客ᴼ,0,objektiv,2844
pasaĝer,客ᴾ,0,pasaĝer,2843
deklar,宣ᴰ,0,deklar,2749
proklam,宣ᴾ,0,proklam,2750
reklam,宣ᴿ,0,reklam,2748
studi,室ˢ,0,studi,743
kamer,室ᴷ,0,kamer,742
lokal,室ᴸ,0,lokal,744
ependim,室膜,0,ependim,7639
ĝendarm,宪兵,0,ĝendarm,5504
uter,宫ᵁ,0,uter,4464
palatin,宫伯,0,palatin,7877
uterit,宫炎,0,uterit,9796
atenc,害ᴬ,0,atenc,5959
banked,宴ᴮ,0,banked,4107
hejm,家ᴴ,0,hejm,246
famili,家ᶠ,0,famili,247
kapacit,容ᴷ,0,kapacit,2940
konsign,寄ᴷ,0,konsign,7301
parazit,寄生,0,parazit,5956
kompakt,密ᴷ,0,kompakt,2800
densometri,密测,0,densometri,8602
densometr,密计,0,densometr,9855
oz,富ᴼ,0,oz,913
eŭtrof,富养,0,eu^trof,7466
fabl,寓ᶠ,0,fabl,4007
oligo,寡ᴼ,0,oligo,4255
oligark,寡头,0,oligark,8295
oligoterapi,寡疗,0,oligoterapi,9357
oligoelement,寡素,0,oligoelement,9355
jes,对ᴶ,0,jes,60
opozici,对ᴼ,0,opozici,61
logaritm,对数,0,logaritm,5888
konvekt,对流,0,konvekt,7668
konfront,对质,0,konfront,7463
klaft,寻ᴷ,0,klaft,1309
direktor,导ᴰ,0,direktor,1667
konduk,导ᴷ,0,konduk,1666
mentor,导师,0,mentor,7175
misil,导弹,0,misil,7046
reĝisor,导演,0,reg^isor,6435
apanaĝ,封ᴬ,0,apanag^,2540
defens,封ᴰ,0,defens,2544
hermetik,封ᴴ,0,hermetik,2541
tenur,封ᵀ,0,tenur,2543
feŭd,封ᶠ,0,feu^d,2539
aktin,射ᴬ,0,aktin,2613
ejakul,射ᴱ,0,ejakul,2611
incid,射ᴵ,0,incid,2609
jekci,射ᴶ,0,jekci,2614
katapult,射ᴷ,0,katapult,2612
radi,射ᴿ,0,radi,2607
projekciator,射具,0,projekciator,9528
radiogram,射图,0,radiogram,9555
radiofon,射声,0,radiofon,9551
radiologi,射学,0,radiologi,9557
radiografi,射志,0,radiografi,9554
radiestez,射感,0,radiestez,9949
radioaktiv,射活,0,radioaktiv,9950
radioterapi,射疗,0,radioterapi,8369
aktinomicet,射菌,0,aktinomicet,9836
radiometr,射计,0,radiometr,8367
radiograf,射记,0,radiograf,9951
radioskopi,射镜,0,radioskopi,9558
baldaŭ,将ᴮ,0,baldaŭ,641
general,将ᴳ,0,general,642
dign,尊ᴰ,0,dign,2078
minuskl,小ᴹ,0,minuskl,183
trumpet,小号,0,trumpet,5677
cerebel,小脑,0,cerebel,7858
uvul,小舌,0,uvul,7959
roman,小说,0,roman,3634
trot,小跑,0,trot,6242
minoritat,少数,0,minoritat,7527
apeks,尖ᴬ,0,apeks,2987
kuspid,尖ᴷ,0,kuspid,2988
kriĉ,尖叫,0,kric^,7979
ogiv,尖拱,0,ogiv,7060
empen,尾ᴱ,0,empen,3733
kulas,尾ᴷ,0,kulas,3732
pis,尿ᴾ,0,pis,4686
urologi,尿学,0,urologi,9790
urografi,尿志,0,urografi,9794
ure,尿素,0,ure,6129
urinometr,尿计,0,urinometr,9792
uretr,尿道,0,uretr,7145
urinoskopi,尿镜,0,urinoskopi,9793
stratus,层ˢ,0,stratus,3190
tavol,层ᵀ,0,tavol,3189
stratigrafi,层志,0,stratigrafi,9679
stratigraf,层记,0,stratigraf,9678
ametrop,屈光,0,ametrop,7677
merd,屎ᴹ,0,merd,7045
eksponometr,展计,0,eksponometr,8653
genr,属ᴳ,0,genr,2753
masakr,屠ᴹ,0,masakr,5313
kapor,山柑,0,kapor,7861
link,山猫,0,link,8207
fronton,山花,0,fronton,7698
montenegr,山黑,0,montenegr,9305
petr,岩ᴾ,0,petr,3879
petroselin,岩伞,0,petroselin,9463
petrologi,岩学,0,petrologi,9462
petrografi,岩志,0,petrografi,9460
magm,岩浆,0,magm,6448
kanjon,峡ᴷ,0,kanjon,7294
ravin,峡ᴿ,0,ravin,7293
fjord,峡湾,0,fjord,8307
sublimat,崇被,0,sublimat,9683
kolapsoterapi,崩疗,0,kolapsoterapi,9096
damasken,嵌ᴰ,0,damasken,6871
inkrust,嵌ᴵ,0,inkrust,6870
patrol,巡ᴾ,0,patrol,5988
rund,巡ᴿ,0,rund,5990
turne,巡ᵀ,0,turne,5989
koincid,巧合,0,koincid,6706
gigant,巨ᴳ,0,gigant,162
kolos,巨ᴷ,0,kolos,163
megalo,巨ᴹ,0,megalo,165
titan,巨ᵀ,0,titan,164
ciklop,巨ᶜ,0,ciklop,166
megafon,巨声,0,megafon,9217
megalomani,巨狂,0,megalomani,9915
megalit,巨石,0,megalit,9218
piton,巨蛇,0,piton,7575
mamut,巨象,0,mamut,7605
sklerot,巩膜,0,sklerot,7910
egoist,己ᴱ,0,egoist,705
propr,己ᴾ,0,propr,704
supermarkt,市ˢ,0,supermarkt,1348
bors,市ᴮ,0,bors,1343
merkat,市ᴹ,0,merkat,1346
civit,市ᶜ,0,civit,1344
kalikot,布ᴷ,0,kalikot,3101
bum,帆杆,0,bum,7284
top,帆楼,0,top,6544
bras,帆索,0,bras,7844
skun,帆船,0,skun,7927
divizi,师ᴰ,0,divizi,3839
persien,帘ᴾ,0,persien,4367
car,帝ᶜ,0,car,4137
saltier,带ˢ,0,saltier,3439
bend,带ᴮ,0,bend,3431
kordon,带ᴷ,0,kordon,3436
laĉ,带ᴸ,0,laĉ,3432
rimen,带ᴿ,0,rimen,3433
cintur,带ᶜ,0,cintur,3441
biret,帽ᴮ,0,biret,1920
kasked,帽ᴷ,0,kasked,1916
kulis,幕ᴷ,0,kulis,4712
kser,干ᴷ,0,kser,2644
trunk,干ᵀ,0,trunk,2643
mumi,干尸,0,mumi,7538
kserografi,干志,0,kserografi,9154
kserofit,干植,0,kserofit,9152
kseroderm,干皮,0,kseroderm,9151
kseroftalmi,干目,0,kseroftalmi,9153
pemikan,干肉,0,pemikan,7882
fojn,干草,0,fojn,3577
nivel,平ᴺ,0,nivel,2807
remi,平局,0,remi,8291
planimetri,平测,0,planimetri,9483
planimetr,平计,0,planimetr,9482
aneks,并ᴬ,0,aneks,4890
paralelogram,并图,0,paralelogram,9426
aneksit,并炎,0,aneksit,8400
halucin,幻ᴴ,0,halucin,3519
iluzi,幻ᴵ,0,iluzi,3516
kimer,幻ᴷ,0,kimer,3522
miraĝ,幻ᴹ,0,mirag^,3521
fantazi,幻ᶠ,0,fantazi,3517
vizi,幻ⱽ,0,vizi,3520
neoten,幼ᴺ,0,neoten,791
larv,幼虫,0,larv,5577
pilor,幽门,0,pilor,7792
ampleks,广ᴬ,0,ampleks,2682
solen,庄ˢ,0,solen,3739
latifundi,庄ᴸ,0,latifundi,3740
majest,庄严,0,majest,5594
pask,庆ᴾ,0,Pask,1928
celebr,庆ᶜ,0,celebr,1929
jubile,庆典,0,jubile,5423
azil,庇ᴬ,0,azil,3882
mecenat,庇ᴹ,0,mecenat,3883
sekvenc,序ˢ,0,sekvenc,1952
uvertur,序曲,0,uvertur,8283
arsenal,库ᴬ,0,arsenal,3455
bibliotek,库ᴮ,0,bibliotek,3453
garaĝ,库ᴳ,0,garaĝ,3452
remiz,库ᴿ,0,remiz,3454
bent,底栖,0,bent,7023
hierodul,庙奴,0,hierodul,7811
abol,废ᴬ,0,abol,4923
kasaci,废ᴷ,0,kasaci,4925
skal,度ˢ,0,skal,3227
katedr,座ᴷ,0,katedr,234
tron,座ᵀ,0,tron,233
knik,座屈,0,knik,6938
ambulatori,廊ᴬ,0,ambulatori,5454
galeri,廊ᴳ,0,galeri,5453
nav,廊ᴺ,0,nav,5452
kontur,廓ᴷ,0,kontur,6126
moratori,延ᴹ,0,moratori,4494
duktil,延展,0,duktil,7926
kuriterapi,廷疗,0,kuriterapi,9160
fond,建ᶠ,0,fond,1197
arkitekt,建筑,0,arkitekt,6540
apert,开ᴬ,0,apert,4554
inaŭgur,开ᴵ,0,inaŭgur,4553
ekskomunik,开除,0,ekskomunik,7174
anomali,异ᴬ,0,anomali,1612
diferenc,异ᴰ,0,diferenc,1608
ekzot,异ᴱ,0,ekzot,1611
hetero,异ᴴ,0,hetero,1609
pagan,异ᴾ,0,pagan,1610
ektopi,异位,0,ektopi,7012
alotrofi,异养,0,alotrofi,8385
alofon,异声,0,alofon,8383
alotrop,异形,0,alotrop,7058
izomer,异构,0,izomer,6719
heterogen,异生,0,heterogen,9885
alopati,异病,0,alopati,8384
herez,异端,0,herez,6276
heteropter,异翅,0,heteropter,8916
kontest,异议,0,kontest,5568
abnegaci,弃ᴬ,0,abnegaci,4167
ceremoni,式ᶜ,0,ceremoni,2575
formul,式ᶠ,0,formul,2574
balist,弓炮,0,balist,8016
gravit,引ᴳ,0,gravit,4077
fuze,引信,0,fuze,6380
seton,引流,0,seton,8094
gravitometri,引测,0,gravitometri,8876
ekstradici,引渡,0,ekstradici,8178
prajm,引爆,0,prajm,7367
lem,引理,0,lem,7544
gravitometr,引计,0,gravitometr,8875
kordit,弦炎,0,kordit,9114
asteni,弱ᴬ,0,asteni,6686
debil,弱ᴰ,0,debil,6687
ambliop,弱视,0,ambliop,7938
elast,弹ᴱ,0,elast,4308
kugl,弹ᴷ,0,kugl,4307
obus,弹ᴼ,0,obus,4309
risort,弹簧,0,risort,5761
munici,弹药,0,munici,7052
balistik,弹道,0,balistik,7511
emfaz,强ᴱ,0,emfaz,770
trud,强ᵀ,0,trud,769
tetan,强直,0,tetan,8035
lombard,当ᴸ,0,lombard,4759
instanc,当局,0,instanc,5522
katalog,录ᴷ,0,katalog,2721
protokol,录ᴾ,0,protokol,2722
adjektiv,形ᴬ,0,adjektiv,765
morf,形ᴹ,0,morf,766
formiil,形基,0,formiil,8778
morfologi,形学,0,morfologi,9307
morfogenez,形源,0,morfogenez,9306
formiat,形盐,0,formiat,8777
loteri,彩ᴸ,0,loteri,6698
polikromi,彩ᴾ,0,polikromi,6699
vitral,彩窗,0,vitral,7611
influ,影ᴵ,0,influ,2586
film,影ᶠ,0,film,2585
insinu,影射,0,insinu,7565
kampanj,役ᴷ,0,kampanj,5922
konskripci,征兵,0,konskripci,8258
rekrut,征募,0,rekrut,6076
rekvizici,征用,0,rekvizici,7703
kalibr,径ᴷ,0,kalibr,4237
pad,径ᴾ,0,pad,4236
radial,径ᴿ,0,radial,4238
atend,待ᴬ,0,atend,985
iredent,待收,0,iredent,6979
disciplin,律ᴰ,0,disciplin,2570
kadenc,律ᴷ,0,kadenc,2569
ritm,律ᴿ,0,ritm,2568
adept,徒ᴬ,0,adept,3424
disĉipl,徒ᴰ,0,disc^ipl,3425
infinitezim,微ᴵ,0,infinitezim,4883
liliput,微ᴸ,0,liliput,4882
nuanc,微ᴺ,0,nuanc,4881
mikrotom,微切,0,mikrotom,9268
mikromov,微动,0,mikromov,9264
mikrofon,微声,0,mikrofon,9254
mikrokosm,微宇,0,mikrokosm,9258
mikrofilm,微影,0,mikrofilm,9252
mikrokristal,微晶,0,mikrokristal,9260
mikrokanel,微槽,0,mikrokanel,9256
mikroond,微波,0,mikroond,9265
mikrolit,微石,0,mikrolit,9261
mikrometr,微米,0,mikrometr,9262
mikrograjn,微粒,0,mikrograjn,9255
mikrokok,微菌,0,mikrokok,9257
mikroskop,微镜,0,mikroskop,9921
briz,微风,0,briz,7047
moral,德ᴹ,0,moral,4257
armori,徽ᴬ,0,armori,5411
blazon,徽ᴮ,0,blazon,5407
emblem,徽ᴱ,0,emblem,5409
heraldik,徽ᴴ,0,heraldik,5408
kokard,徽ᴷ,0,kokard,5410
mens,心ᴹ,0,mens,810
psikologi,心ᴾ,0,psikologi,811
kardioid,心似,0,kardioid,9060
kardiotomi,心切,0,kardiotomi,9067
psikiatr,心医,0,psikiatr,7085
kardiogram,心图,0,kardiogram,9901
kardiologi,心学,0,kardiologi,9063
psikopat,心病,0,psikopat,9064
psikoz,心症,0,psikoz,9542
karpel,心皮,0,karpel,7156
kardiograf,心记,0,kardiograf,9899
stoik,忍ˢ,0,stoik,2965
pacienc,忍ᴾ,0,pacienc,2964
kaprifoli,忍冬,0,kaprifoli,8071
grafi,志ᴳ,0,grafi,4269
amnezi,忘ᴬ,0,amnezi,1606
lojal,忠ᴸ,0,lojal,2823
anksi,忧虑,0,anksi,7908
rozari,念珠,0,rozari,7341
neglekt,忽ᴺ,0,neglekt,4993
nostalgi,怀旧,0,nostalgi,8004
aci,态ᴬ,0,aci,2007
ekologi,态ᴱ,0,ekologi,2006
fob,怕ᶠ,0,fob,1322
horor,怖ᴴ,0,horor,5840
kontempl,思ᴷ,0,kontempl,1253
medit,思ᴹ,0,medit,1252
sukur,急救,0,sukur,6353
seks,性ˢ,0,seks,226
amor,性ᴬ,0,amor,227
seksologi,性学,0,seksologi,9605
vener,性病,0,vener,6786
gonad,性腺,0,gonad,7619
ekstravaganc,怪ᴱ,0,ekstravaganc,4540
grotesk,怪ᴳ,0,grotesk,4539
poltron,怯ᴾ,0,poltron,7590
total,总ᵀ,0,total,2669
involukr,总苞,0,involukr,7615
partitur,总谱,0,partitur,8284
dinornit,恐鸟,0,dinornit,8022
dinosaŭr,恐龙,0,dinosau^r,7616
permanent,恒ᴾ,0,permanent,2905
spirator,息具,0,spirator,10013
spirometri,息测,0,spirometri,9656
polip,息肉,0,polip,7265
spirometr,息计,0,spirometr,9655
kanajl,恶棍,0,kanajl,6224
meger,悍妇,0,meger,7006
kontrici,悔ᴷ,0,kontrici,4467
rimors,悔ᴿ,0,rimors,4466
delekt,悦ᴰ,0,delekt,1818
pesim,悲ᴾ,0,pesim,4708
tragedi,悲ᵀ,0,tragedi,4706
pesimist,悲家,0,pesimist,9459
afekci,情ᴬ,0,afekci,3243
emoci,情ᴱ,0,emoci,3241
humor,情ᴴ,0,humor,3240
madrigal,情歌,0,madrigal,8065
surpriz,惊ˢ,0,surpriz,1224
konstern,惊ᴷ,0,konstern,1225
inerci,惯ᴵ,0,inerci,5982
imag,想ᴵ,0,imag,1720
konvalesk,愈ᴷ,0,konvalesk,3151
senc,意ˢ,0,senc,1645
ideogram,意字,0,ideogram,8991
idiot,愚ᴵ,0,idiot,3390
fol,愚ᶠ,0,fol,3391
estez,感ᴱ,0,estez,1304
induk,感ᴵ,0,induk,1305
sentimental,感伤,0,sentimental,7087
sensometri,感测,0,sensometri,9611
estezometr,感计,0,estezometr,8728
bonvol,愿ᴮ,0,bonvol,967
adaĝ,慢ᴬ,0,adag^,6028
parodi,戏仿,0,parodi,6926
prestidigit,戏法,0,prestidigit,7007
sukces,成ˢ,0,sukces,195
adolt,成ᴬ,0,adolt,198
konsist,成ᴷ,0,konsist,196
imagin,成虫,0,imagin,8048
konfekci,成衣,0,konfekci,6560
atm,我ᴬ,0,atm,677
ni,我们,0,ni,683
disjunkci,或ᴰ,0,disjunkci,639
batal,战ᴮ,0,batal,845
polem,战ᴾ,0,polem,846
polemologi,战学,0,polemologi,9501
tank,战车,0,tank,5974
kontor,所ᴷ,0,kontor,216
migdal,扁桃,0,migdal,5926
kiral,手ᴷ,0,kiral,842
gant,手套,0,gant,4125
masturb,手淫,0,masturb,6047
kiromanci,手相,0,kiromanci,7841
grenad,手雷,0,grenad,6235
apenaŭ,才ᴬ,0,apenaŭ,636
talent,才ᵀ,0,talent,635
draŝ,打ᴰ,0,dras^,990
tajp,打ᵀ,0,tajp,989
paled,托盘,0,paled,6803
agraf,扣ᴬ,0,agraf,2783
amplifikator,扩具,0,amplifikator,8396
skan,扫ˢ,0,skan,3646
skanografi,扫志,0,skanografi,9631
komet,扫星,0,komet,7884
skanograf,扫记,0,skanograf,9630
troke,扬抑,0,troke,6101
perturb,扰ᴾ,0,perturb,2846
perturbograf,扰记,0,perturbograf,9457
fotel,扶椅,0,fotel,5496
pamflet,批文,0,pamflet,8189
inĝenier,技ᴵ,0,inĝenier,4146
teknikologi,技学,0,teknikologi,9700
sordin,抑ˢ,0,sordin,6169
inhibici,抑ᴵ,0,inhibici,6168
jamb,抑扬,0,jamb,5983
spekul,投ˢ,0,spekul,1183
spekulaci,投机,0,spekulaci,8126
invest,投资,0,invest,5893
anti,抗ᴬ,0,anti,3345
rezist,抗ᴿ,0,rezist,3346
antikorp,抗体,0,antikorp,8417
antigen,抗原,0,antigen,8416
antifraz,抗句,0,antifraz,8415
antifon,抗声,0,antifon,8414
antinomi,抗律,0,antinomi,8421
antipati,抗情,0,antipati,8422
anticiklon,抗旋,0,anticiklon,8413
antitoksin,抗毒,0,antitoksin,8425
antipartikl,抗粒,0,antipartikl,8418
antiseps,抗腐,0,antiseps,9843
antistrof,抗节,0,antistrof,8423
antipod,抗足,0,antipod,9842
ekscepci,抗辩,0,ekscepci,8275
antitez,抗题,0,antitez,8424
plis,折ᴾ,0,plis,3204
rabat,折ᴿ,0,rabat,3201
zigzag,折ᶻ,0,zigzag,3202
eklektik,折衷,0,eklektik,6807
refraktometr,折计,0,refraktometr,9564
eskort,护ᴱ,0,eskort,1770
konvoj,护ᴷ,0,konvoj,1771
protekt,护ᴾ,0,protekt,1769
fleg,护ᶠ,0,fleg,1768
pasport,护照,0,pasport,3859
talisman,护符,0,talisman,8265
korvet,护舰,0,korvet,7519
bulten,报ᴮ,0,bulten,1623
depeŝ,报ᴰ,0,depes^,1626
raport,报ᴿ,0,raport,1622
telegraf,报ᵀ,0,telegraf,1624
reprezali,报复,0,reprezali,7740
referat,报被,0,referat,9562
pelerin,披ᴾ,0,pelerin,3296
ŝal,披肩,0,s^al,8028
bojkot,抵制,0,bojkot,7291
ekstrakt,抽ᴱ,0,ekstrakt,4262
spasm,抽筋,0,spasm,6059
konvulsi,抽风,0,konvulsi,5980
bazidi,担子,0,bazidi,5967
brankard,担架,0,brankard,6990
haŭl,拉ᴴ,0,hau^l,1324
zip,拉链,0,zip,8191
ikt,拍ᴵ,0,ikt,2704
raked,拍ᴿ,0,raked,2703
takt,拍ᵀ,0,takt,2702
fotogravur,拍刻,0,fotogravur,8785
aŭkci,拍卖,0,au^kci,7252
fototip,拍型,0,fototip,8796
fotografi,拍志,0,fotografi,8784
fotostat,拍态,0,fotostat,8792
fotokromi,拍色,0,fotokromi,8787
trol,拖网,0,trol,6646
remork,拖车,0,remork,6939
pantofl,拖鞋,0,pantofl,5004
nekromanci,招魂,0,nekromanci,7586
kult,拜ᴷ,0,kult,4700
pilgrim,拜ᴾ,0,pilgrim,4702
riverenc,拜ᴿ,0,riverenc,4701
vring,拧ⱽ,0,vring,3556
tordometr,拧计,0,tordometr,9765
impoŝt,拱座,0,impos^t,8107
arkad,拱廊,0,arkad,7830
cintr,拱架,0,cintr,6825
boks,拳击,0,boks,5901
parget,拼ᴾ,0,parget,4996
kakemon,挂轴,0,kakemon,7599
mobil,挂饰,0,mobil,5816
indik,指ᴵ,0,indik,1148
dirigent,指挥,0,dirigent,8288
eksponent,指数,0,eksponent,6341
daktilograf,指记,0,daktilograf,8581
daktiloskopi,指镜,0,daktiloskopi,8582
defi,挑战,0,defi,6381
drag,挖泥,0,drag,6500
volatil,挥发,0,volatil,7054
kontuz,挫伤,0,kontuz,6409
oscil,振ᴼ,0,oscil,5765
vibrator,振具,0,vibrator,9381
vibrafon,振声,0,vibrafon,9814
vibrometr,振计,0,vibrometr,9815
oscilograf,振记,0,oscilograf,9383
osciloskop,振镜,0,osciloskop,9384
elegi,挽歌,0,elegi,7754
averi,损ᴬ,0,averi,3156
kompromit,损ᴷ,0,kompromit,3155
permut,换ᴾ,0,permut,5881
komutator,换具,0,komutator,9106
aline,换行,0,aline,6557
pistil,捣具,0,pistil,9478
inic,授ᴵ,0,inic,5040
metakarp,掌骨,0,metakarp,8072
dren,排ᴰ,0,dren,4505
kompost,排ᴷ,0,kompost,4506
sape,掘ˢ,0,sape,3122
sond,探ˢ,0,sond,3180
prospektor,探矿,0,prospektor,7420
splis,接ˢ,0,splis,2717
junt,接ᴶ,0,junt,2715
tanĝ,接ᵀ,0,tang^,2716
stafet,接力,0,stafet,7167
aŭdienc,接见,0,au^dienc,8243
sambuk,接骨,0,sambuk,7133
inferenc,推ᴵ,0,inferenc,1826
rezon,推ᴿ,0,rezon,1824
taŭz,揉ᵀ,0,tau^z,4331
suflor,提ˢ,0,suflor,3617
admiral,提督,0,admiral,6150
ĵakard,提花,0,j^akard,7439
insert,插ᴵ,0,insert,6717
ĵak,插孔,0,j^ak,8110
denunc,揭ᴰ,0,denunc,5339
pudl,搅炼,0,pudl,7891
regent,摄政,0,regent,7573
celsius,摄氏,0,celsius,7297
bask,摆ᴮ,0,bask,5300
balanc,摇ᴮ,0,balanc,4043
lul,摇ᴸ,0,lul,4042
vobl,摇ⱽ,0,vobl,4045
gurd,摇琴,0,gurd,7165
enukle,摘ᴱ,0,enukle,6505
perkut,撞ᴾ,0,perkut,5443
ram,撞ᴿ,0,ram,5445
gimnastik,操ᴳ,0,gimnastik,3960
manovr,操ᴹ,0,manovr,3958
fik,操ᶠ,0,fik,3962
manipulator,操具,0,manipulator,9208
ekskori,擦伤,0,ekskori,8197
mung,擦鼻,0,mung,7228
bronk,支ᴮ,0,bronk,2756
klad,支ᴷ,0,klad,2757
fili,支ᶠ,0,fili,2755
kladik,支学,0,kladik,7683
kladogenez,支源,0,kladogenez,9082
bronkit,支炎,0,bronkit,8546
bronkoskop,支镜,0,bronkoskop,8547
adopt,收ᴬ,0,adopt,915
ferl,收ᶠ,0,ferl,916
falĉ,收割,0,falĉ,5483
amend,改ᴬ,0,amend,3615
modif,改ᴹ,0,modif,3614
prozelit,改宗,0,prozelit,7981
reformaci,改革,0,reformaci,7942
ofensiv,攻ᴼ,0,ofensiv,2761
razi,攻ᴿ,0,razi,2762
impertinent,放肆,0,impertinent,6212
puĉ,政变,0,puc^,8101
politologi,政学,0,politologi,9518
valid,效ⱽ,0,valid,2073
rendiment,效率,0,rendiment,7182
advers,敌ᴬ,0,advers,6371
antagonist,敌家,0,antagonist,8411
prompt,敏ᴾ,0,prompt,4179
mesi,救世,0,mesi,6689
didaktik,教ᴰ,0,didaktik,1807
eklezi,教ᴱ,0,eklezi,1803
pedagog,教ᴾ,0,pedagog,1805
civiliz,教ᶜ,0,civiliz,1804
doktrin,教义,0,doktrin,6752
guvern,教养,0,guvern,7149
edif,教化,0,edif,6768
klerik,教士,0,klerik,6733
instruktor,教官,0,instruktor,8255
klerikal,教权,0,klerikal,7153
dogm,教条,0,dogm,6044
pap,教皇,0,pap,5005
sporad,散ˢ,0,sporad,263
eman,散ᴱ,0,eman,258
loz,散ᴸ,0,loz,262
astigmat,散光,0,astigmat,7147
proz,散文,0,proz,4495
radiator,散热,0,radiator,5631
midriaz,散瞳,0,midriaz,7721
arpeĝ,散音,0,arpeg^,7464
devot,敬ᴰ,0,devot,3030
omaĝ,敬ᴼ,0,omag^,3028
pi,敬ᴾ,0,pi,3027
pietist,敬家,0,pietist,9465
cifer,数ᶜ,0,cifer,1949
matematik,数学,0,matematik,4967
daten,数据,0,daten,5841
aranĝ,整ᴬ,0,aranĝ,948
entjer,整ᴱ,0,entjer,950
rektif,整ᴿ,0,rektif,951
kiropraktik,整脊,0,kiropraktik,7421
kompres,敷ᴷ,0,kompres,6420
foment,敷ᶠ,0,foment,6419
artikol,文ᴬ,0,artikol,3134
beletr,文ᴮ,0,beletr,3136
literatur,文ᴸ,0,literatur,3135
tekst,文ᵀ,0,tekst,3133
porfir,斑岩,0,porfir,7231
zebr,斑马,0,zebr,6899
tore,斗牛,0,tore,7212
strab,斜ˢ,0,strab,2531
bevel,斜ᴮ,0,bevel,2532
diagonal,斜ᴰ,0,diagonal,2534
oblikv,斜ᴼ,0,oblikv,2530
strabotomi,斜切,0,strabotomi,9677
skalen,斜角,0,skalen,7653
klinometr,斜计,0,klinometr,9085
hipotenuz,斜边,0,hipotenuz,8314
intermit,断ᴵ,0,intermit,4719
gilotin,断头,0,gilotin,7822
faŭlt,断层,0,fau^lt,6857
nova,新星,0,nova,7764
neoplasm,新浆,0,neoplasm,9321
neoplazi,新生,0,neoplazi,9322
neolog,新话,0,neolog,9320
kub,方ᴷ,0,kub,1486
recept,方ᴿ,0,recept,1488
tetragon,方ᵀ,0,tetragon,1489
karo,方块,0,karo,6510
varianc,方差,0,varianc,8135
ekvaci,方程,0,ekvaci,5867
arke,方舟,0,arke,6595
brigad,旅ᴮ,0,brigad,1370
turist,旅ᵀ,0,turist,1369
itiner,旅程,0,itiner,8310
spiral,旋ˢ,0,spiral,5810
pivot,旋ᴾ,0,pivot,5809
rotaci,旋ᴿ,0,rotaci,5811
turb,旋ᵀ,0,turb,5812
ciklon,旋ᶜ,0,ciklon,5814
giromagnet,旋磁,0,giromagnet,8854
kalistegi,旋花,0,kalistegi,6980
girometr,旋计,0,girometr,8855
giroskop,旋镜,0,giroskop,8856
etn,族ᴱ,0,etn,867
gent,族ᴳ,0,gent,868
klan,族ᴷ,0,klan,870
trib,族ᵀ,0,trib,869
etnologi,族学,0,etnologi,8737
etnografi,族志,0,etnografi,8735
etnograf,族记,0,etnograf,8734
patriark,族长,0,patriark,7232
standard,旗ˢ,0,standard,2831
veksil,旗ⱽ,0,veksil,2832
veksilologi,旗学,0,veksilologi,9811
nenia,无a,0,nenia,4
nenie,无e,0,nenie,5
nenio,无o,0,nenio,2
neniu,无u,0,neniu,3
infinit,无ᴵ,0,infinit,79
neni,无ᴺ,0,neni,77
nenies,无之,0,nenies,8
prolet,无产,0,prolet,5622
atrofi,无养,0,atrofi,9848
akinezi,无动,0,akinezi,8360
anonim,无名,0,anonim,9841
nenial,无因,0,nenial,9
afoni,无声,0,afoni,8353
analfabet,无字,0,analfabet,9838
astat,无定,0,astat,7313
nihilist,无家,0,nihilist,9335
anuri,无尿,0,anuri,8434
aplanat,无差,0,aplanat,6785
atoni,无张,0,atoni,8481
amorf,无形,0,amorf,9837
agrafi,无志,0,agrafi,8356
apati,无情,0,apati,9845
anestez,无感,0,anestez,9839
anark,无政,0,anark,6412
neniam,无时,0,neniam,6
neniel,无样,0,neniel,10
anoksi,无氧,0,anoksi,8409
anhidr,无水,0,anhidr,8406
aneroid,无液,0,aneroid,7817
apetal,无瓣,0,apetal,8438
azo,无生,0,azo,7832
inocent,无罪,0,inocent,7916
aseps,无腐,0,aseps,8467
akromat,无色,0,akromat,8364
apod,无足,0,apod,9846
neniom,无量,0,neniom,7
diurn,日ᴰ,0,diurn,359
helio,日ᴴ,0,helio,358
heliogravur,日刻,0,heliogravur,8898
heliotrop,日向,0,heliotrop,9883
heliocentr,日央,0,heliocentr,8895
heliostat,日态,0,heliostat,8900
helioterapi,日疗,0,helioterapi,8901
helioskop,日镜,0,helioskop,8899
viadukt,旱桥,0,viadukt,5694
kronologi,时学,0,kronologi,9146
uzukap,时效,0,uzukap,7026
kronometri,时测,0,kronometri,9147
kronometr,时计,0,kronometr,9914
kronograf,时记,0,kronograf,9145
eksplicit,明ᴱ,0,eksplicit,679
lucid,明ᴸ,0,lucid,680
gelaten,明胶,0,gelaten,5503
krepusk,昏ᴷ,0,krepusk,4216
komatogen,昏生,0,komatogen,9104
labil,易变,0,labil,7296
astr,星ᴬ,0,astr,2660
planed,星ᴾ,0,planed,2661
nebuloz,星云,0,nebuloz,7915
asterisk,星号,0,asterisk,8234
astronom,星学,0,astronom,8473
konstelaci,星座,0,konstelaci,7084
galaksi,星系,0,galaksi,5762
astronaŭt,星航,0,astronau^t,8475
enantio,映ᴱ,0,enantio,4329
enantiotrop,映向,0,enantiotrop,9866
enantiomorf,映形,0,enantiomorf,9865
kinoskop,映镜,0,kinoskop,9081
vernaliz,春化,0,vernaliz,8163
evident,显ᴱ,0,evident,3138
manifest,显ᴹ,0,manifest,3139
areol,晕ᴬ,0,areol,6627
nimb,晕ᴺ,0,nimb,6626
vertiĝ,晕ⱽ,0,vertig^,6625
stomp,晕染,0,stomp,6526
universal,普ᵁ,0,universal,2588
cens,普ᶜ,0,cens,2589
konjunktur,景气,0,konjunktur,6765
kristalin,晶体,0,kristalin,8213
kristalografi,晶志,0,kristalografi,9139
kristalograf,晶记,0,kristalograf,9138
intelekt,智ᴵ,0,intelekt,1829
obskur,暗ᴼ,0,obskur,4714
tenebr,暗ᵀ,0,tenebr,4715
kulvert,暗渠,0,kulvert,7608
sugesti,暗示,0,sugesti,6324
brutal,暴ᴮ,0,brutal,4962
tiran,暴ᵀ,0,tiran,4960
feroc,暴ᶠ,0,feroc,4963
violent,暴ⱽ,0,violent,4961
brusk,暴躁,0,brusk,8122
uragan,暴风,0,uragan,3977
hiperbol,曲ᴴ,0,hiperbol,3830
romanc,曲ᴿ,0,romanc,3829
krank,曲柄,0,krank,6421
substitu,替ˢ,0,substitu,4267
dubl,替ᴰ,0,dubl,4266
alternator,替具,0,alternator,8386
sozi,替身,0,sozi,8204
minimum,最小,0,minimum,4984
monat,月ᴹ,0,monat,625
menstru,月经,0,menstru,5853
lamprid,月鱼,0,lamprid,8012
posed,有ᴾ,0,posed,782
organik,有机,0,organik,5892
jak,服ᴶ,0,jak,2885
konvink,服ᴷ,0,konvink,2886
persvad,服ᴾ,0,persvad,2887
perspektiv,望ᴾ,0,perspektiv,1503
haĝ,朝拜,0,hag^,7458
semestr,期ˢ,0,semestr,125
period,期ᴾ,0,period,124
trimestr,期ᵀ,0,trimestr,126
sorp,木ˢ,0,sorp,366
anon,木ᴬ,0,anon,381
berberis,木ᴮ,0,berberis,376
der,木ᴰ,0,der,379
evonim,木ᴱ,0,evonim,373
gnet,木ᴳ,0,gnet,370
heve,木ᴴ,0,heve,389
iksor,木ᴵ,0,iksor,467
jambos,木ᴶ,0,jambos,488
ksil,木ᴷ,0,ksil,364
muskat,木ᴹ,0,muskat,368
naŭl,木ᴺ,0,nau^l,459
orn,木ᴼ,0,orn,452
perse,木ᴾ,0,perse,466
ro,木ᴿ,0,ro,377
tili,木ᵀ,0,tili,367
ulm,木ᵁ,0,ulm,598
ceib,木ᶜ,0,ceib,384
flog,木ᶠ,0,flog,386
zelkov,木ᶻ,0,zelkov,515
viburn,木ⱽ,0,viburn,372
ksilofon,木声,0,ksilofon,9155
ksilografi,木志,0,ksilografi,9157
suber,木栓,0,suber,8017
kapok,木棉,0,kapok,6569
magnolifit,木植,0,magnolifit,9195
papaj,木瓜,0,papaj,6243
kumarat,木盐,0,kumarat,9159
ksiloz,木糖,0,ksiloz,10005
ksilograf,木记,0,ksilograf,9156
kreozot,木馏,0,kreozot,7186
futurologi,未学,0,futurologi,8807
imperfekt,未完,0,imperfekt,8053
apokalips,末启,0,apokalips,7577
vermiljon,朱ⱽ,0,vermiljon,6676
rustik,朴ᴿ,0,rustik,4427
mitral,机枪,0,mitral,6751
lokomotiv,机车,0,lokomotiv,5589
murd,杀ᴹ,0,murd,5903
hibrid,杂ᴴ,0,hibrid,1491
akrobat,杂技,0,akrobat,6643
variete,杂耍,0,variete,6591
suveren,权ˢ,0,suveren,1282
aŭtoritat,权ᴬ,0,aŭtoritat,1281
prerogativ,权ᴾ,0,prerogativ,1283
statur,材ˢ,0,statur,3846
juniper,杜松,0,juniper,7079
azale,杜鹃,0,azale,8179
buked,束ᴮ,0,buked,3769
garb,束ᴳ,0,garb,3768
jug,束缚,0,jug,5525
korset,束腰,0,korset,7625
lat,条ᴸ,0,lat,4204
traktat,条约,0,traktat,5675
teni,条虫,0,teni,6704
kalik,杯ᴷ,0,kalik,1632
pokal,杯ᴾ,0,pokal,1631
tas,杯ᵀ,0,tas,1630
eminent,杰ᴱ,0,eminent,4096
prod,杰ᴾ,0,prod,4097
pinofit,松植,0,pinofit,9466
kolofon,松香,0,kolofon,8168
garol,松鸦,0,garol,8125
sciur,松鼠,0,sciur,5646
slab,板ˢ,0,slab,1969
bret,板ᴮ,0,bret,1965
karton,板ᴷ,0,karton,1966
lad,板ᴸ,0,lad,1963
tabul,板ᵀ,0,tabul,1964
ardez,板岩,0,ardez,6819
plakoderm,板皮,0,plakoderm,9481
diplo,板障,0,diplo,7128
arkt,极ᴬ,0,arkt,3474
maksimum,极ᴹ,0,maksimum,3475
polus,极ᴾ,0,polus,3476
ultra,极ᵁ,0,ultra,3478
polariz,极化,0,polariz,9940
polarografi,极志,0,polarografi,9499
ultramar,极海,0,ultramar,9786
polarimetr,极计,0,polarimetr,9497
polarograf,极记,0,polarograf,9498
instituci,构ᴵ,0,instituci,4206
tektonik,构造,0,tektonik,8064
skand,析ˢ,0,skand,4271
bosk,林ᴮ,0,bosk,5168
forst,林ᶠ,0,forst,5169
aniz,果ᴬ,0,aniz,1164
gujav,果ᴳ,0,gujav,1170
konsekvenc,果ᴷ,0,konsekvenc,1161
lici,果ᴸ,0,lici,1167
mirtel,果ᴹ,0,mirtel,1163
nuks,果ᴺ,0,nuks,1158
pampelmus,果ᴾ,0,pampelmus,1172
rezult,果ᴿ,0,rezult,1160
citron,果ᶜ,0,citron,1165
hort,果园,0,hort,8248
fruktologi,果学,0,fruktologi,8802
fruktoz,果糖,0,fruktoz,10004
rezultat,果被,0,rezultat,9955
marmelad,果酱,0,marmelad,5597
rabd,枝ᴿ,0,rabd,2780
verg,枝ⱽ,0,verg,2779
kardinal,枢机,0,kardinal,6096
jujub,枣ᴶ,0,jujub,5335
zizif,枣ᶻ,0,zizif,5336
pistol,枪ᴾ,0,pistol,6208
stabl,架ˢ,0,stabl,6054
trus,架ᵀ,0,trus,6053
stip,柄ˢ,0,stip,7162
ia,某a,0,ia,31
ie,某e,0,ie,32
io,某o,0,io,29
iu,某u,0,iu,30
ies,某之,0,ies,35
ial,某因,0,ial,36
iam,某时,0,iam,33
iel,某样,0,iel,37
iom,某量,0,iom,34
citrat,柑盐,0,citrat,8579
kontaĝ,染ᴷ,0,kontag^,5401
tinktur,染ᵀ,0,tinktur,5400
supl,柔ˢ,0,supl,3301
tener,柔ᵀ,0,tener,3300
ĵud,柔道,0,j^ud,6773
komod,柜ᴷ,0,komod,3084
limon,柠檬,0,limon,6863
sekvestr,查封,0,sekvestr,6640
kolon,柱ᴷ,0,kolon,4117
pilastr,柱ᴾ,0,pilastr,4119
fost,柱ᶠ,0,fost,4116
kapitel,柱头,0,kapitel,6468
portik,柱廊,0,portik,7679
popl,柳ᴾ,0,popl,5079
vimen,柳ⱽ,0,vimen,5078
salikat,柳盐,0,salikat,9590
fasĉin,柴束,0,fasc^in,7969
dizel,柴油,0,dizel,6231
diospir,柿ᴰ,0,diospir,7120
kakinok,柿ᴷ,0,kakinok,7119
ŝibu,柿涩,0,s^ibu,7310
hurd,栅ᴴ,0,hurd,4352
brisur,标ᴮ,0,brisur,1480
etiked,标ᴱ,0,etiked,1479
mark,标ᴹ,0,mark,1478
interpunkci,标点,0,interpunkci,7200
skalar,标量,0,skalar,8188
barier,栏ᴮ,0,barier,4930
parapet,栏ᴾ,0,parapet,4931
rubrik,栏ᴿ,0,rubrik,4929
dendro,树ᴰ,0,dendro,980
notofag,树ᴺ,0,notofag,981
fag,树ᶠ,0,fag,979
arbologi,树学,0,arbologi,8440
ake,树懒,0,ake,7831
gajl,树瘤,0,gajl,6145
bolt,栓ᴮ,0,bolt,4354
dubel,栓ᴰ,0,dubel,4357
embol,栓ᴱ,0,embol,4356
rigl,栓ᴿ,0,rigl,4355
emboloz,栓症,0,emboloz,8674
trombocit,栓胞,0,trombocit,9782
trombektomi,栓除,0,trombektomi,9781
maron,栗ᴹ,0,maron,5433
gimnazi,校ᴳ,0,gimnazi,4533
muestr,样ᴹ,0,muestr,5094
nukle,核ᴺ,0,nukle,4885
nukleon,核子,0,nukleon,9340
drup,核果,0,drup,6647
jugland,核桃,0,jugland,6462
nuklegami,核配,0,nuklegami,9338
rizomorf,根形,0,rizomorf,9579
radiklit,根炎,0,radiklit,9550
draĵ,根芽,0,draj^,7854
rizom,根茎,0,rizom,7229
rizopod,根足,0,rizopod,9580
deklinaci,格ᴰ,0,deklinaci,3247
latis,格ᴸ,0,latis,3246
karakterologi,格学,0,karakterologi,9054
maksim,格言,0,maksim,7816
kultivator,栽具,0,kultivator,9158
laŭr,桂ᴸ,0,lau^r,5326
fram,框ᶠ,0,fram,3802
arkiv,档ᴬ,0,arkiv,3598
briĝ,桥牌,0,brig^,7637
galer,桨船,0,galer,6507
palis,桩ᴾ,0,palis,3976
sitel,桶ˢ,0,sitel,3671
barel,桶ᴮ,0,barel,3670
tin,桶ᵀ,0,tin,3672
daŭb,桶板,0,dau^b,7670
baŭ,梁ᴮ,0,bau^,5722
lintel,梁ᴸ,0,lintel,5724
patn,梁ᴾ,0,patn,5725
mume,梅ᴹ,0,mume,6502
sifilis,梅毒,0,sifilis,6221
tref,梅花,0,tref,7718
pedunkl,梗ᴾ,0,pedunkl,6530
infarktogen,梗生,0,infarktogen,9010
somnambul,梦游,0,somnambul,7028
inkub,梦魔,0,inkub,7370
eskal,梯ᴱ,0,eskal,4372
trapez,梯ᵀ,0,trapez,4373
eskalator,梯具,0,eskalator,8727
eskalon,梯队,0,eskalon,7904
meĥaniz,械化,0,meh^aniz,9221
meĥanist,械家,0,meh^anist,9220
meĥanografi,械志,0,meh^anografi,9223
meĥanoterapi,械疗,0,meh^anoterapi,9224
meĥanograf,械记,0,meh^anograf,9222
skrutini,检ˢ,0,skrutini,3170
detekt,检ᴰ,0,detekt,3168
ekzamen,检ᴱ,0,ekzamen,3166
inspektor,检ᴵ,0,inspektor,3167
prokuror,检察,0,prokuror,7196
nekropsi,检尸,0,nekropsi,7885
koton,棉ᴷ,0,koton,3822
tampon,棉塞,0,tampon,6637
basbal,棒球,0,basbal,6875
arek,棕ᴬ,0,arek,5481
laŭb,棚ᴸ,0,laŭb,4062
markez,棚ᴹ,0,markez,4064
pergol,棚ᴾ,0,pergol,4066
hangar,棚库,0,hangar,5518
bastion,棱堡,0,bastion,8236
prism,棱镜,0,prism,6764
sarkofag,棺ˢ,0,sarkofag,5318
botanik,植ᴮ,0,botanik,2990
fit,植ᶠ,0,fit,2992
vegetal,植ⱽ,0,vegetal,2991
plantologi,植学,0,plantologi,9485
fitoterapi,植疗,0,fitoterapi,8761
flaŭr,植相,0,flau^r,8201
oval,椭圆,0,oval,5608
kopr,椰干,0,kopr,8068
sinoptik,概ˢ,0,sinoptik,4487
epitom,概ᴱ,0,epitom,4485
koncept,概ᴷ,0,koncept,4483
noci,概ᴺ,0,noci,4486
resum,概ᴿ,0,resum,4484
punik,榴ᴾ,0,punik,6564
limin,槛ᴸ,0,limin,4195
alveol,槽ᴬ,0,alveol,5978
kanel,槽ᴷ,0,kanel,5977
rabet,槽ᴿ,0,rabet,5979
trog,槽ᵀ,0,trog,5976
transvers,横ᵀ,0,transvers,4545
rung,横档,0,rung,8027
sakur,樱ˢ,0,sakur,4074
meriz,樱ᴹ,0,meriz,4073
oliv,橄榄,0,oliv,3956
glan,橡ᴳ,0,glan,4369
vizier,檐ⱽ,0,vizier,6692
debet,欠ᴰ,0,debet,3395
osced,欠ᴼ,0,osced,3396
sekundar,次ˢ,0,sekundar,761
jovial,欢ᴶ,0,jovial,1618
aklam,欢呼,0,aklam,7069
eŭfori,欣快,0,eu^fori,7925
eŭroparlament,欧议,0,eu^roparlament,7322
apetit,欲ᴬ,0,apetit,749
klaŭz,款ᴷ,0,klau^z,4164
regal,款ᴿ,0,regal,4163
tanka,歌ᵀ,0,tanka,6822
oper,歌剧,0,oper,5606
apne,止ᴬ,0,apne,2059
legitim,正ᴸ,0,legitim,1636
normal,正ᴺ,0,normal,1634
pozitiv,正ᴾ,0,pozitiv,1635
ortodoks,正统,0,ortodoks,6024
eŭmetrop,正视,0,eu^metrop,7793
fasad,正面,0,fasad,5484
cis,此ᶜ,0,cis,7618
marŝ,步ᴹ,0,marŝ,1959
infanteri,步兵,0,infanteri,6657
samuraj,武士,0,samuraj,7795
ambigu,歧义,0,ambigu,7416
letal,死ᴸ,0,letal,855
nekr,死ᴺ,0,nekr,854
nekrolog,死志,0,nekrolog,9984
nekrofili,死爱,0,nekrofili,9317
nekroz,死症,0,nekroz,9318
mutil,残ᴹ,0,mutil,4361
invalid,残疾,0,invalid,5524
vrak,残船,0,vrak,8145
prolifer,殖ᴾ,0,prolifer,4613
segment,段ˢ,0,segment,4513
metamer,段ᴹ,0,metamer,4514
galant,殷勤,0,galant,6112
matriark,母系,0,matriark,7336
toks,毒ᵀ,0,toks,4250
koni,毒参,0,koni,7356
toksologi,毒学,0,toksologi,9760
upas,毒木,0,upas,7493
miasm,毒气,0,miasm,7513
toksomani,毒狂,0,toksomani,9968
ŝankr,毒疮,0,s^ankr,7905
cikut,毒芹,0,cikut,6852
mancinel,毒苹,0,mancinel,7912
viper,毒蛇,0,viper,7580
lol,毒麦,0,lol,7352
proporci,比ᴾ,0,proporci,692
rati,比ᴿ,0,rati,693
lan,毛ᴸ,0,lan,1178
trikoplazi,毛生,0,trikoplazi,9775
trikopati,毛病,0,trikopati,9774
kapilar,毛细,0,kapilar,6457
flanel,毛绒,0,flanel,7934
trikopter,毛翅,0,trikopter,9776
trikomicet,毛菌,0,trikomicet,10015
raŭp,毛虫,0,raŭp,5633
miligram,毫克,0,miligram,9269
demokrati,民ᴰ,0,demokrati,1262
civil,民ᶜ,0,civil,1261
folklor,民俗,0,folklor,6357
milic,民兵,0,milic,8198
gas,气ᴳ,0,gas,1373
heli,气ᴴ,0,heli,1380
kripton,气ᴷ,0,kripton,1386
meteo,气ᴹ,0,meteo,1377
neon,气ᴺ,0,neon,1381
odor,气ᴼ,0,odor,1374
pneŭmat,气ᴾ,0,pneu^mat,1378
radon,气ᴿ,0,radon,1383
fluor,气ᶠ,0,fluor,1384
veter,气ⱽ,0,veter,1375
klimat,气候,0,klimat,5437
aeroplan,气划,0,aeroplan,8351
fluorid,气化,0,fluorid,8766
aerogram,气图,0,aerogram,8335
aerologi,气学,0,aerologi,8340
atmosferografi,气志,0,atmosferografi,8480
aerostat,气态,0,aerostat,8352
aerometri,气测,0,aerometri,8348
aerobi,气生,0,aerobi,8810
aerolit,气石,0,aerolit,8336
trake,气管,0,trake,6304
emfizem,气肿,0,emfizem,7201
aeronaŭt,气航,0,aeronau^t,8349
aeremi,气血,0,aeremi,8333
gasmetr,气计,0,gasmetr,8344
aerodrom,气道,0,aerodrom,8334
hidrid,氢化,0,hidrid,7224
redoks,氧减,0,redoks,8195
oksid,氧化,0,oksid,5702
oksigen,氧生,0,oksigen,9974
sulfam,氨硫,0,sulfam,7947
azot,氮ᴬ,0,azot,5709
nitrid,氮化,0,nitrid,9337
azoturi,氮尿,0,azoturi,8489
nitrogen,氮生,0,nitrogen,9975
nitrat,氮盐,0,nitrat,9932
azotemi,氮血,0,azotemi,8488
klorid,氯化,0,klorid,9910
kloroform,氯形,0,kloroform,8025
klorat,氯盐,0,klorat,9908
kloremi,氯血,0,kloremi,9088
hidr,水ᴴ,0,hidr,618
merkred,水ᴹ,0,merkred,619
narcis,水仙,0,narcis,6463
hidroplan,水划,0,hidroplan,8939
hidrodinamik,水力,0,hidrodinamik,8920
hidrat,水合,0,hidrat,5900
hidrofon,水声,0,hidrofon,8925
hidrocefal,水头,0,hidrocefal,9886
hidrologi,水学,0,hidrologi,8936
akvarel,水彩,0,akvarel,7262
hidrografi,水志,0,hidrografi,8929
hidrofob,水怕,0,hidrofob,8923
meduz,水母,0,meduz,6433
hidroksi,水氧,0,hidroksi,8932
cement,水泥,0,cement,4069
hidrometri,水测,0,hidrometri,8938
irigaci,水渠,0,irigaci,7050
hidroterm,水热,0,hidroterm,9887
hidrofil,水爱,0,hidrofil,8922
bubal,水牛,0,bubal,8237
hidrosfer,水球,0,hidrosfer,8940
hidrogen,水生,0,hidrogen,9973
hidroelektr,水电,0,hidroelektr,8921
hidroterapi,水疗,0,hidroterapi,8943
hidrofobi,水症,0,hidrofobi,8924
hidrokarbon,水碳,0,hidrokarbon,8931
guaŝ,水粉,0,guas^,7657
staki,水苏,0,staki,7948
hidroliz,水解,0,hidroliz,8934
hidrometr,水计,0,hidrometr,8937
hidrograf,水记,0,hidrograf,8928
hidracid,水酸,0,hidracid,8918
hidrostatik,水静,0,hidrostatik,8941
most,汁ᴹ,0,most,3393
kvadratur,求积,0,kvadratur,8131
postulat,求被,0,postulat,9523
kambi,汇ᴷ,0,kambi,6071
asembl,汇编,0,asembl,6508
amalgam,汞齐,0,amalgam,6585
polu,污ᴾ,0,polu,3841
benzin,汽油,0,benzin,4050
vapormetr,汽计,0,vapormetr,9806
sediment,沉ˢ,0,sediment,5821
precipit,沉ᴾ,0,precipit,5823
sedimentologi,沉学,0,sedimentologi,9597
kason,沉箱,0,kason,7989
dun,沙丘,0,dun,7288
susur,沙响,0,susur,5669
raŭk,沙哑,0,raŭk,5632
kloak,沟ᴷ,0,kloak,5101
tranĉe,沟ᵀ,0,tranc^e,5102
konfisk,没收,0,konfisk,7638
asfalt,沥青,0,asfalt,6157
deprim,沮丧,0,deprim,6361
potam,河ᴾ,0,potam,1734
kastor,河狸,0,kastor,7568
bolometr,沸计,0,bolometr,8542
petrol,油ᴾ,0,petrol,2957
oleosom,油体,0,oleosom,9354
nap,油菜,0,nap,6479
oleometr,油计,0,oleometr,9353
domin,治ᴰ,0,domin,1289
krat,治ᴷ,0,krat,1287
dominant,治在,0,dominant,9862
metan,沼气,0,metan,6476
metod,法ᴹ,0,metod,1899
rimed,法ᴿ,0,rimed,1900
pretor,法官,0,pretor,6696
tribunal,法院,0,tribunal,3979
bobel,泡ᴮ,0,bobel,5193
efervesk,泡ᴱ,0,efervesk,5195
infuz,泡ᴵ,0,infuz,5194
herpet,泡疹,0,herpet,7895
muar,波纹,0,muar,6690
ondometr,波计,0,ondometr,9358
pure,泥ᴾ,0,pure,4350
marn,泥灰,0,marn,6277
torf,泥炭,0,torf,8033
skoli,注ˢ,0,skoli,1399
glos,注ᴳ,0,glos,1398
injekt,注ᴵ,0,injekt,1396
komentari,注ᴷ,0,komentari,1397
dakriocist,泪囊,0,dakriocist,7746
diare,泻ᴰ,0,diare,5965
lagun,泻湖,0,lagun,6366
alism,泽泻,0,alism,8055
oceanologi,洋学,0,oceanologi,9345
oceanografi,洋志,0,oceanografi,9343
karmin,洋红,0,karmin,7051
bapt,洗ᴮ,0,bapt,1694
deterg,洗ᴰ,0,deterg,1695
sinus,洞ˢ,0,sinus,3251
antr,洞ᴬ,0,antr,3253
grot,洞ᴳ,0,grot,3250
kavator,洞具,0,kavator,10014
speleologi,洞学,0,speleologi,9647
aktiv,活ᴬ,0,aktiv,961
vivisekci,活切,0,vivisekci,9820
piŝt,活塞,0,pis^t,6900
sekt,派ˢ,0,sekt,4761
konfesi,派ᴷ,0,konfesi,4764
reo,流ᴿ,0,reo,1790
fluid,流体,0,fluid,5493
reologi,流学,0,reologi,9568
reostat,流态,0,reostat,9569
grip,流感,0,grip,5516
fluometr,流计,0,fluometr,8765
neritik,浅海,0,neritik,7520
morter,浆ᴹ,0,morter,5848
ber,浆果,0,ber,3737
seroz,浆膜,0,seroz,7474
plasmogami,浆配,0,plasmogami,9486
bir,测ᴮ,0,bir,1942
gaŭĝ,测ᴳ,0,gau^g^,1943
test,测ᵀ,0,test,1944
geodezi,测地,0,geodezi,7276
romantik,浪漫,0,romantik,6771
pelag,浮ᴾ,0,pelag,6347
plankton,浮游,0,plankton,7261
holoturi,海参,0,holoturi,7964
asteri,海星,0,asteri,7728
aŭreli,海月,0,au^reli,7902
salp,海桶,0,salp,7753
procelari,海燕,0,procelari,6957
pirat,海盗,0,pirat,6337
spong,海绵,0,spong,5657
ekin,海胆,0,ekin,6744
aktini,海葵,0,aktini,7986
promontor,海角,0,promontor,8187
delfen,海豚,0,delfen,7879
fok,海豹,0,fok,6213
infiltr,浸ᴵ,0,infiltr,4233
macer,浸ᴹ,0,macer,4230
perkol,浸ᴾ,0,perkol,4232
ru,浸ᴿ,0,ru,4229
perkolator,浸具,0,perkolator,9454
perkolat,浸被,0,perkolat,9453
stuk,涂ˢ,0,stuk,4190
racem,消旋,0,racem,6965
desinfekt,消毒,0,desinfekt,6222
interfer,涉ᴵ,0,interfer,3261
koncern,涉ᴷ,0,koncern,3259
padel,涉ᴾ,0,padel,3260
interferometri,涉测,0,interferometri,9016
interferometr,涉计,0,interferometr,9015
turbin,涡ᵀ,0,turbin,5774
vortic,涡ⱽ,0,vortic,5775
lubrik,润滑,0,lubrik,5593
hidraŭlik,液压,0,hidrau^lik,6230
fekul,淀粉,0,fekul,8748
elu,淋ᴱ,0,elu,4088
limf,淋ᴸ,0,limf,4086
limfocit,淋胞,0,limfocit,9178
gonokok,淋菌,0,gonokok,6989
paŝtel,淡ᴾ,0,pas^tel,6193
kongest,淤ᴷ,0,kongest,6590
lasciv,淫ᴸ,0,lasciv,5837
obscen,淫ᴼ,0,obscen,5836
pornografi,淫志,0,pornografi,9947
pornograf,淫记,0,pornograf,9946
batometri,深测,0,batometri,8506
karmezin,深红,0,karmezin,7441
batometr,深计,0,batometr,8505
sinkret,混ˢ,0,sinkret,1859
kaos,混乱,0,kaos,7623
beton,混凝,0,beton,5885
likvid,清ᴸ,0,likvid,800
net,清ᴺ,0,net,799
puritan,清教,0,puritan,6876
sufuz,渗ˢ,0,sufuz,6022
eksud,渗ᴱ,0,eksud,6021
osmozmetr,渗计,0,osmozmetr,9385
kanaliz,渠化,0,kanaliz,9051
korak,渡鸦,0,korak,7450
skori,渣ˢ,0,skori,5488
rekrement,渣ᴿ,0,rekrement,5489
aspir,渴ᴬ,0,aspir,3073
dipso,渴ᴰ,0,dipso,3074
dipsomani,渴狂,0,dipsomani,9861
ekskurs,游ᴱ,0,ekskurs,2947
turism,游ᵀ,0,turism,2946
geril,游击,0,geril,6546
goliard,游学,0,goliard,8206
lobi,游说,0,lobi,7144
sinu,湾ˢ,0,sinu,4132
higrometri,湿测,0,higrometri,8946
higrometr,湿计,0,higrometr,8945
higrograf,湿记,0,higrograf,8944
higroskop,湿镜,0,higroskop,8947
deven,源ᴰ,0,deven,3328
etim,源ᴱ,0,etim,3327
genez,源ᴳ,0,genez,3326
etimologi,源学,0,etimologi,8731
ski,滑ˢ,0,ski,3220
sinoviit,滑炎,0,sinoviit,9629
talk,滑石,0,talk,8130
glis,滑翔,0,glis,6393
puli,滑轮,0,puli,6741
bleni,滑鱼,0,bleni,7828
histerez,滞ᴴ,0,histerez,6067
kontent,满ᴷ,0,kontent,897
strand,滩ˢ,0,strand,6851
titr,滴定,0,titr,7491
tiktak,滴答,0,tiktak,7706
uruŝi,漆ᵁ,0,urus^i,5575
vernis,漆ⱽ,0,vernis,5574
stomi,漏ˢ,0,stomi,6164
funel,漏斗,0,funel,5498
dedukt,演绎,0,dedukt,6635
orator,演说,0,orator,5607
latent,潜ᴸ,0,latent,5618
skafandr,潜衣,0,skafandr,6937
gavi,潜鸟,0,gavi,6922
likvesk,潮解,0,likvesk,8150
stimul,激ˢ,0,stimul,3756
laser,激光,0,laser,7340
torent,激流,0,torent,5674
hormon,激素,0,hormon,7548
arbust,灌木,0,arbust,5758
mard,火ᴹ,0,mard,356
vulkan,火山,0,vulkan,5696
piroteknik,火技,0,piroteknik,9938
musked,火枪,0,musked,7106
piroelektr,火电,0,piroelektr,9471
lapil,火砾,0,lapil,8052
piromagnet,火磁,0,piromagnet,9474
raket,火箭,0,raket,6209
tindr,火绒,0,tindr,8205
ŝink,火腿,0,ŝink,5086
spark,火花,0,spark,6286
pulv,火药,0,pulv,4499
kremaci,火葬,0,kremaci,6582
piroliz,火解,0,piroliz,9473
pirometr,火计,0,pirometr,9475
meleagr,火鸡,0,meleagr,7002
genocid,灭族,0,genocid,8279
lantern,灯笼,0,lantern,5576
kalk,灰ᴷ,0,kalk,2094
cindr,灰ᶜ,0,cindr,2095
spiritualist,灵家,0,spiritualist,9654
primat,灵长,0,primat,8000
kaŭteriz,灼化,0,kau^teriz,9902
sinistr,灾ˢ,0,sinistr,4597
plag,灾ᴾ,0,plag,4595
stov,炉ˢ,0,stov,3654
etuv,炉ᴱ,0,etuv,3658
kamen,炉ᴷ,0,kamen,3653
mufl,炉ᴹ,0,mufl,3656
inflam,炎ᴵ,0,inflam,3810
bravur,炫ᴮ,0,bravur,6063
braĝ,炭ᴮ,0,brag^,3665
karbid,炭化,0,karbid,9055
antraks,炭疮,0,antraks,7667
petard,炮ᴾ,0,petard,5727
artileri,炮兵,0,artileri,6734
afust,炮架,0,afust,7707
dinamit,炸ᴰ,0,dinamit,4123
benjet,炸糕,0,benjet,7440
desert,点ᴰ,0,desert,1278
afinaci,炼ᴬ,0,afinaci,7104
alkemi,炼金,0,alkemi,8152
kandelabr,烛台,0,kandelabr,8308
tabak,烟ᵀ,0,tabak,2838
cigared,烟ᶜ,0,cigared,2839
pip,烟斗,0,pip,3588
fulg,烟灰,0,fulg,3921
nikotin,烟碱,0,nikotin,7744
graten,烤ᴳ,0,graten,4040
rost,烤ᴿ,0,rost,4039
toast,烤包,0,toast,7329
kebab,烤肉,0,kebab,7988
agac,烦ᴬ,0,agac,4224
kalcin,烧ᴷ,0,kalcin,4105
brog,烫ᴮ,0,brog,4127
ard,热ᴬ,0,ard,2866
entuziasm,热ᴱ,0,entuziasm,2868
term,热ᵀ,0,term,2865
fervor,热ᶠ,0,fervor,2867
termopar,热偶,0,termopar,9736
termodinamik,热力,0,termodinamik,9724
termologi,热学,0,termologi,9733
tropik,热带,0,tropik,4679
termostat,热态,0,termostat,9742
termonukle,热核,0,termonukle,9735
termofont,热泉,0,termofont,9727
termometri,热测,0,termometri,9734
termoban,热浴,0,termoban,9722
termogenez,热源,0,termogenez,9729
termokaŭter,热灼,0,termokau^ter,9731
termobotel,热瓶,0,termobotel,9723
termogen,热生,0,termogen,9728
termoelektr,热电,0,termoelektr,9965
termoterapi,热疗,0,termoterapi,9744
termoelement,热素,0,termoelement,9726
termograf,热记,0,termograf,9730
termorelajs,热转,0,termorelajs,9739
termokupl,热连,0,termokupl,9732
termoskop,热镜,0,termoskop,9741
termostatik,热静,0,termostatik,9743
gastronomi,烹ᴳ,0,gastronomi,1682
veld,焊ⱽ,0,veld,5899
fen,焚风,0,fen,7537
gudr,焦油,0,gudr,5517
fokus,焦点,0,fokus,5855
eskar,焦疤,0,eskar,7415
karamel,焦糖,0,karamel,6639
ilumin,照ᴵ,0,ilumin,3579
stuf,煮ˢ,0,stuf,6282
brez,煮ᴮ,0,brez,6284
frikas,煮ᶠ,0,frikas,6283
gulaŝ,煮牛,0,gulas^,8162
demagog,煽动,0,demagog,7333
pand,熊猫,0,pand,8215
laf,熔岩,0,laf,7302
krisol,熔锅,0,krisol,6932
familiar,熟ᶠ,0,familiar,2935
fuel,燃ᶠ,0,fuel,1129
frak,燕尾,0,frak,5497
fring,燕雀,0,fring,7061
aven,燕麦,0,aven,5210
klik,爪ᴷ,0,klik,3730
grimp,爬ᴳ,0,grimp,3793
krabl,爬ᴷ,0,krabl,3794
saŭr,爬虫,0,sau^r,6715
patriot,爱国,0,patriot,7105
filologi,爱学,0,filologi,9981
patrologi,父学,0,patrologi,9434
split,片ˢ,0,split,1249
lamen,片ᴸ,0,lamen,1248
skist,片岩,0,skist,6268
format,版ᶠ,0,format,4529
gingiv,牙肉,0,gingiv,6839
oks,牛ᴼ,0,oks,2049
poefag,牛ᴾ,0,poefag,2050
bifstek,牛排,0,bifstek,5302
sukijak,牛锅,0,sukijak,8109
peoni,牡丹,0,peoni,7181
taŭr,牡牛,0,tau^r,5891
bagn,牢ᴮ,0,bagn,4591
nomad,牧ᴺ,0,nomad,3862
gres,牧草,0,gres,6873
objekt,物ᴼ,0,objekt,244
fizik,物理,0,fizik,4109
fetiĉ,物神,0,fetic^,6918
ekstr,特ᴱ,0,ekstr,3077
karakteriz,特ᴷ,0,karakteriz,3080
trajt,特ᵀ,0,trajt,3079
ejgen,特征,0,ejgen,7353
privilegi,特权,0,privilegi,6309
patent,特许,0,patent,5869
dog,犬ᴰ,0,dog,1642
kanis,犬ᴷ,0,kanis,1643
amok,狂ᴬ,0,amok,3781
delir,狂ᴰ,0,delir,3774
histeri,狂ᴴ,0,histeri,3780
lunatik,狂ᴸ,0,lunatik,3777
rabi,狂ᴿ,0,rabi,3778
frenez,狂ᶠ,0,frenez,3775
karnaval,狂欢,0,karnaval,5558
apart,独ᴬ,0,apart,1908
diktator,独裁,0,diktator,6102
sfinks,狮面,0,sfinks,7303
grif,狮鹰,0,grif,6525
gehen,狱ᴳ,0,gehen,5403
narak,狱ᴺ,0,narak,5405
prizon,狱ᴾ,0,prizon,5404
pred,猎ᴾ,0,pred,2786
spekulativ,猜ˢ,0,spekulativ,3753
konjekt,猜ᴷ,0,konjekt,3752
su,猪ˢ,0,su,2599
apr,猪ᴬ,0,apr,2598
ŝmalc,猪油,0,s^malc,8180
felis,猫ᶠ,0,felis,1658
dediĉ,献ᴰ,0,dediĉ,3497
konsekr,献ᴷ,0,konsekr,3498
sajmiri,猴ˢ,0,sajmiri,7395
aot,猴ᴬ,0,aot,7376
entel,猴ᴱ,0,entel,7383
gibon,猴ᴳ,0,gibon,7384
hapal,猴ᴴ,0,hapal,7380
indri,猴ᴵ,0,indri,7385
kolob,猴ᴷ,0,kolob,7381
loris,猴ᴸ,0,loris,7386
magot,猴ᴹ,0,magot,7387
orangutan,猴ᴼ,0,orangutan,7398
piteci,猴ᴾ,0,piteci,7391
resus,猴ᴿ,0,resus,7379
titi,猴ᵀ,0,titi,7378
kiv,猴桃,0,kiv,7004
susceptibl,率ˢ,0,susceptibl,3624
jad,玉ᴶ,0,jad,6779
maiz,玉米,0,maiz,5475
gliptik,玉雕,0,gliptik,7299
atut,王牌,0,atut,6933
oniks,玛瑙,0,oniks,6841
petol,玩ᴾ,0,petol,1703
bracelet,环ᴮ,0,bracelet,3363
tor,环ᵀ,0,tor,3364
cikl,环ᶜ,0,cikl,3361
epoksi,环氧,0,epoksi,7425
ciklometri,环测,0,ciklometri,8573
atol,环礁,0,atol,8233
ciklometr,环计,0,ciklometr,8572
aper,现ᴬ,0,aper,685
kontant,现ᴷ,0,kontant,689
modern,现ᴹ,0,modern,686
fenomen,现ᶠ,0,fenomen,688
fenotip,现型,0,fenotip,8751
fenomenologi,现学,0,fenomenologi,8750
glac,玻ᴳ,0,glac,2025
perlamot,珠层,0,perlamot,7968
sfer,球ˢ,0,sfer,2981
bulb,球ᴮ,0,bulb,2982
glob,球ᴳ,0,glob,2980
futbal,球ᶠ,0,futbal,2984
bulbit,球炎,0,bulbit,10023
kokcidi,球虫,0,kokcidi,7735
sferometr,球计,0,sferometr,9616
globoskop,球镜,0,globoskop,8861
gol,球门,0,gol,6106
logik,理ᴸ,0,logik,1986
raci,理ᴿ,0,raci,1984
trakt,理ᵀ,0,trakt,1985
gitar,琴ᴳ,0,gitar,5025
harp,琴ᴴ,0,harp,5020
lir,琴ᴸ,0,lir,5019
orgen,琴ᴼ,0,orgen,5021
citr,琴ᶜ,0,citr,5023
fortepian,琴ᶠ,0,fortepian,5026
violon,琴ⱽ,0,violon,5024
tetr,琴鸡,0,tetr,7613
dafn,瑞香,0,dafn,7455
seki,瓜ˢ,0,seki,4972
brioni,瓜ᴮ,0,brioni,4974
ekbali,瓜ᴱ,0,ekbali,4976
kukum,瓜ᴷ,0,kukum,4969
pepon,瓜ᴾ,0,pepon,4973
citrol,瓜ᶜ,0,citrol,4975
petal,瓣ᴾ,0,petal,5747
pulpit,瓤炎,0,pulpit,9548
vatmetr,瓦计,0,vatmetr,9810
karaf,瓶ᴷ,0,karaf,2775
flakon,瓶ᶠ,0,flakon,2776
kaolin,瓷土,0,kaolin,7037
kahel,瓷砖,0,kahel,5533
glicerin,甘油,0,glicerin,6811
dolĉamar,甘苦,0,dolc^amar,8647
gliciriz,甘草,0,gliciriz,6946
kamomil,甘菊,0,kamomil,7226
batat,甘薯,0,batat,7864
limed,甜柠,0,limed,7603
paprik,甜椒,0,paprik,8007
bet,甜菜,0,bet,5301
biologi,生ᴮ,0,biologi,882
gen,生ᴳ,0,gen,883
okaz,生ᴼ,0,okaz,881
poez,生ᴾ,0,poez,887
biomas,生团,0,biomas,8527
genotip,生型,0,genotip,8829
biotop,生境,0,biotop,8533
biont,生将,0,biont,8529
biografi,生志,0,biografi,9852
biometri,生测,0,biometri,8528
biogenez,生源,0,biogenez,8522
biosfer,生球,0,biosfer,8531
bioterapi,生疗,0,bioterapi,8532
laktuk,生菜,0,laktuk,7225
biograf,生记,0,biograf,8524
aplik,用ᴬ,0,aplik,1350
hub,田ᴴ,0,hub,793
idili,田园,0,idili,7800
atletik,田径,0,atletik,8238
skarab,甲ˢ,0,skarab,5791
blend,甲ᴮ,0,blend,5792
metil,甲ᴹ,0,metil,5790
ferdek,甲板,0,ferdek,5844
metoksi,甲氧,0,metoksi,8111
tiroid,甲状,0,tiroid,5953
bateri,电ᴮ,0,bateri,3174
galvan,电ᴳ,0,galvan,3176
pil,电ᴾ,0,pil,3173
elektroprodukto,电产,0,elektroprodukto,10024
elektrovalent,电价,0,elektrovalent,8673
teleks,电传,0,teleks,7914
elektrotip,电型,0,elektrotip,8671
galvanoplastik,电塑,0,galvanoplastik,8808
elektrofon,电声,0,elektrofon,8664
elektron,电子,0,elektron,9864
induktanc,电感,0,induktanc,6866
kurent,电流,0,kurent,5570
faradiz,电疗,0,faradiz,7849
elektrolit,电解,0,elektrolit,8665
elektrometr,电计,0,elektrometr,8667
tram,电车,0,tram,5676
elektroskop,电镜,0,elektroskop,8669
gimnot,电鱼,0,gimnot,7720
horizont,界ᴴ,0,horizont,849
mond,界ᴹ,0,mond,848
teratologi,畸学,0,teratologi,9718
teratogen,畸生,0,teratogen,9717
teratom,畸瘤,0,teratom,9719
evaku,疏散,0,evaku,6456
suspekt,疑ˢ,0,suspekt,1495
hipokondri,疑病,0,hipokondri,8172
kazu,疑难,0,kazu,7759
paludism,疟ᴾ,0,paludism,6406
malariologi,疟学,0,malariologi,9203
malarioterapi,疟疗,0,malarioterapi,9204
pest,疫ᴾ,0,pest,5348
epidemiologi,疫学,0,epidemiologi,8708
vakcin,疫苗,0,vakcin,4243
aft,疮ᴬ,0,aft,6181
skab,疮疤,0,skab,6319
ekzantem,疹ᴱ,0,ekzantem,6729
tifoid,疹似,0,tifoid,9749
patologi,病学,0,patologi,9936
patogenez,病源,0,patogenez,9432
patogen,病生,0,patogen,9431
simptom,症ˢ,0,simptom,6083
simptomologi,症学,0,simptomologi,9625
tikl,痒ᵀ,0,tikl,5113
urtik,痒ᵁ,0,urtik,5114
kaŭpoks,痘ᴷ,0,kaŭpoks,5162
variol,痘ⱽ,0,variol,5161
algi,痛ᴬ,0,algi,1493
algiologi,痛学,0,algiologi,8375
podagr,痛风,0,podagr,7345
imbecil,痴ᴵ,0,imbecil,6802
kreten,痴ᴷ,0,kreten,6801
tumor,瘤ᵀ,0,tumor,5686
aken,瘦果,0,aken,6135
kancerologi,癌学,0,kancerologi,9053
kancerogen,癌生,0,kancerogen,9052
psor,癣ᴾ,0,psor,7602
albin,白ᴬ,0,albin,1126
leŭko,白ᴸ,0,leu^ko,1127
difteri,白喉,0,difteri,8148
beŝamel,白汁,0,bes^amel,7848
inkandesk,白热,0,inkandesk,6200
leŭkopoez,白生,0,leu^kopoez,9173
kret,白石,0,kret,4358
leŭkocit,白胞,0,leu^kocit,7064
albugine,白膜,0,albugine,7807
termit,白蚁,0,termit,7776
alb,白袍,0,alb,7984
platen,白金,0,platen,7159
alburn,白鱼,0,alburn,7567
hekto,百ᴴ,0,hekto,139
milion,百万,0,milion,2942
hektogram,百克,0,hektogram,8892
hektolitr,百升,0,hektolitr,8893
centifoli,百叶,0,centifoli,8561
lili,百合,0,lili,5469
hektometr,百米,0,hektometr,8894
hektograf,百记,0,hektograf,8891
centuri,百队,0,centuri,7700
rota,皇院,0,rota,7411
derm,皮ᴰ,0,derm,2861
kortik,皮ᴷ,0,kortik,2863
pelt,皮ᴾ,0,pelt,2860
fel,皮ᶠ,0,fel,2859
kortikotrop,皮向,0,kortikotrop,9119
dermatologi,皮学,0,dermatologi,8609
dermit,皮炎,0,dermit,8606
kortikoterapi,皮疗,0,kortikoterapi,9118
dermatoz,皮症,0,dermatoz,8610
dermapter,皮翅,0,dermapter,8604
korteks,皮质,0,korteks,8269
tar,皮重,0,tar,6314
grimac,皱ᴳ,0,grimac,4535
krisp,皱ᴷ,0,krisp,4537
falt,皱ᶠ,0,falt,4536
krep,皱绸,0,krep,6296
lab,皱胃,0,lab,6810
basen,盆ᴮ,0,basen,4895
pelvometri,盆测,0,pelvometri,9437
iliak,盆骨,0,iliak,7788
benefic,益ᴮ,0,benefic,1762
pekl,盐浸,0,pekl,5611
monitor,监ᴹ,0,monitor,6134
kurator,监护,0,kurator,7217
kased,盒ᴷ,0,kased,3070
helm,盔ᴴ,0,helm,5859
disk,盘ᴰ,0,disk,2671
inventar,盘ᴵ,0,inventar,2673
plet,盘ᴾ,0,plet,2672
onkocerk,盘尾,0,onkocerk,7899
diskomicet,盘菌,0,diskomicet,8636
alianc,盟ᴬ,0,alianc,5083
kartel,盟ᴷ,0,kartel,5084
oftalmologi,目学,0,oftalmologi,9348
oftalmit,目炎,0,oftalmit,9346
palpebr,目皮,0,palpebr,4998
oftalmometr,目计,0,oftalmometr,9349
oftalmoskop,目镜,0,oftalmoskop,9350
anopsi,盲ᴬ,0,anopsi,3145
cekum,盲肠,0,cekum,6952
opilion,盲蛛,0,opilion,8067
orto,直ᴼ,0,orto,2623
ortogram,直图,0,ortogram,9378
ortofon,直声,0,ortofon,9934
ortogenez,直源,0,ortogenez,9377
ortopter,直翅,0,ortopter,9379
rektum,直肠,0,rektum,6431
ortokromat,直色,0,ortokromat,9935
intuici,直觉,0,intuici,6425
ort,直角,0,ort,3964
faz,相ᶠ,0,faz,5059
vezir,相ⱽ,0,vezir,5060
korelaci,相关,0,korelaci,6893
sumo,相扑,0,sumo,7342
apostrof,省ᴬ,0,apostrof,3381
elizi,省ᴱ,0,elizi,3380
guberni,省ᴳ,0,guberni,3378
provinc,省ᴾ,0,provinc,3379
aŭtentik,真ᴬ,0,au^tentik,1360
eŭkariot,真核,0,eu^kariot,7179
tarz,眼板,0,tarz,7042
piĵam,睡ᴾ,0,piĵam,1139
nimfe,睡莲,0,nimfe,8090
glir,睡鼠,0,glir,8209
satrap,督ˢ,0,satrap,6188
banus,督ᴮ,0,banus,6189
vojevod,督ⱽ,0,vojevod,6190
halebard,矛ᴴ,0,halebard,4853
vektor,矢量,0,vektor,6210
gnostik,知ᴳ,0,gnostik,930
efemer,短ᴱ,0,efemer,6355
kornet,短号,0,kornet,7462
efemeropter,短翅,0,efemeropter,8651
kulot,短裤,0,kulot,6328
hajk,短诗,0,hajk,6992
pone,矮马,0,pone,7939
spat,石ˢ,0,spat,1750
diant,石ᴰ,0,diant,1749
litotomi,石切,0,litotomi,9186
erik,石南,0,erik,6856
grafit,石墨,0,grafit,6499
litologi,石学,0,litologi,9183
litografi,石志,0,litografi,9182
likopodi,石松,0,likopodi,8174
asbest,石棉,0,asbest,8045
grenat,石榴,0,grenat,7325
litosfer,石球,0,litosfer,9184
grifel,石笔,0,grifel,7946
gips,石膏,0,gips,5782
kvarc,石英,0,kvarc,6492
lakmus,石蕊,0,lakmus,7366
parafin,石蜡,0,parafin,6446
litoskop,石镜,0,litoskop,9185
vitriol,矾ⱽ,0,vitriol,6147
selen,矿ˢ,0,selen,4384
arsen,矿ᴬ,0,arsen,4386
erc,矿ᴱ,0,erc,4383
hematit,矿ᴴ,0,hematit,4389
telur,矿ᵀ,0,telur,4385
arsenid,矿化,0,arsenid,8452
mineralogi,矿学,0,mineralogi,9272
borat,矿盐,0,borat,9606
jard,码ᴶ,0,jard,4605
koder,码元,0,koder,7930
adz,砍ᴬ,0,adz,3796
topor,砍ᵀ,0,topor,3797
seminari,研讨,0,seminari,7758
adob,砖ᴬ,0,adob,3742
bankrot,破产,0,bankrot,6154
sabot,破坏,0,sabot,6702
siliciid,硅化,0,siliciid,9621
silikoz,硅症,0,silikoz,9622
siliciat,硅盐,0,siliciat,6085
sial,硅铝,0,sial,8200
tionat,硫ᵀ,0,tionat,5706
sulfid,硫化,0,sulfid,9687
sulfat,硫盐,0,sulfat,9688
skler,硬ˢ,0,skler,5072
dur,硬ᴰ,0,dur,5071
hard,硬ᴴ,0,hard,5070
ciroz,硬ᶜ,0,ciroz,5073
tekton,硬木,0,tekton,6774
skleroz,硬症,0,skleroz,9959
elitr,硬翅,0,elitr,8146
duramatr,硬膜,0,duramatr,8266
holoste,硬骨,0,holoste,8114
definitiv,确ᴰ,0,definitiv,659
ja,确ᴶ,0,ja,657
konfirm,确ᴷ,0,konfirm,656
detrit,碎屑,0,detrit,7999
makadam,碎石,0,makadam,6864
gri,碎粒,0,gri,7338
til,碎麻,0,til,7897
stele,碑ˢ,0,stele,4986
jodid,碘化,0,jodid,9043
jodil,碘基,0,jodil,9044
jodoform,碘形,0,jodoform,9045
jodometri,碘测,0,jodometri,9046
jodat,碘盐,0,jodat,9042
sod,碱ˢ,0,sod,5583
alkal,碱ᴬ,0,alkal,5584
alkaloid,碱似,0,alkaloid,8378
alkalometri,碱测,0,alkalometri,8379
karburator,碳具,0,karburator,9058
karbonid,碳化,0,karbonid,9056
karbonil,碳基,0,karbonil,9057
karbonat,碳盐,0,karbonat,9898
magnetostring,磁勒,0,magnetostring,9194
magneton,磁子,0,magneton,9191
magnetosfer,磁球,0,magnetosfer,9192
magnetometr,磁计,0,magnetometr,9190
magnetoskop,磁镜,0,magnetoskop,9193
erod,磨ᴱ,0,erod,3126
polur,磨ᴾ,0,polur,3124
fajl,磨ᶠ,0,fajl,3125
abrazi,磨蚀,0,abrazi,7732
fosforesk,磷光,0,fosforesk,7242
fosfid,磷化,0,fosfid,8781
fosforil,磷基,0,fosforil,9876
fosfat,磷盐,0,fosfat,9874
eŭfaŭzi,磷虾,0,eu^fau^zi,7781
sugest,示ˢ,0,sugest,851
etiket,礼ᴱ,0,etiket,2064
aŭl,礼堂,0,au^l,8241
liturgi,礼拜,0,liturgi,8011
klub,社ᴷ,0,klub,3369
sociologi,社学,0,sociologi,9960
litani,祈ᴸ,0,litani,2999
kapel,祈堂,0,kapel,6594
tost,祝ᵀ,0,tost,4049
numen,神ᴺ,0,numen,2693
providenc,神ᴾ,0,providenc,2692
apoteoz,神化,0,apoteoz,7821
teologi,神学,0,teologi,9964
teist,神家,0,teist,8589
teozof,神智,0,teozof,8226
teokrat,神治,0,teokrat,9714
teogoni,神源,0,teogoni,9713
dajmon,神灵,0,dajmon,7355
nerv,神经,0,nerv,4429
mit,神话,0,mit,5972
ŝinto,神道,0,s^into,6037
hieratik,祭ᴴ,0,hieratik,5872
sacerdot,祭司,0,sacerdot,8083
embarg,禁ᴱ,0,embarg,4667
interdikt,禁ᴵ,0,interdikt,4670
prohibici,禁ᴾ,0,prohibici,4668
elize,福ᴱ,0,elize,7102
evangeli,福音,0,evangeli,6032
repudi,离ᴿ,0,repudi,650
divorc,离婚,0,divorc,7471
jon,离子,0,jon,5804
centrifug,离心,0,centrifug,6041
alopeci,秃ᴬ,0,alopeci,6132
vultur,秃鹰,0,vultur,5697
inokul,种ᴵ,0,inokul,2003
ras,种ᴿ,0,ras,2001
kast,种姓,0,kast,6389
ac,科ᴬ,0,ac,3052
ed,科ᴱ,0,ed,3051
arkan,秘ᴬ,0,arkan,3061
esoter,秘ᴱ,0,esoter,3060
konfidenc,秘ᴷ,0,konfidenc,3055
mistik,秘ᴹ,0,mistik,3058
okult,秘ᴼ,0,okult,3059
konklav,秘会,0,konklav,7521
rent,租ᴿ,0,rent,3290
farm,租ᶠ,0,farm,3289
ral,秧鸡,0,ral,7991
kumulus,积ᴷ,0,kumulus,5150
integral,积分,0,integral,6408
volumenometr,积计,0,volumenometr,9822
simetri,称ˢ,0,simetri,4479
kvalifik,称ᴷ,0,kvalifik,4480
pipet,移液,0,pipet,8108
dilu,稀ᴰ,0,dilu,6417
akciz,税ᴬ,0,akciz,4140
aplomb,稳ᴬ,0,aplomb,4956
ament,穗ᴬ,0,ament,5097
kvast,穗ᴷ,0,kvast,5096
idl,空ᴵ,0,idl,3376
vak,空ⱽ,0,vak,3374
vakumetr,空计,0,vakumetr,9805
kadrat,空铅,0,kadrat,7727
penetr,穿ᴾ,0,penetr,54
punkci,穿刺,0,punkci,6861
impet,突ᴵ,0,impet,3093
mutaci,突变,0,mutaci,6036
asfiksi,窒ᴬ,0,asfiksi,4208
insil,窖藏,0,insil,6725
giĉet,窗ᴳ,0,giĉet,1144
fove,窝ᶠ,0,fove,6618
stereo,立体,0,stereo,5868
alte,立葵,0,alte,7554
ŝakt,竖井,0,s^akt,6229
statut,章程,0,statut,7357
pedo,童ᴾ,0,pedo,787
fabel,童ᶠ,0,fabel,786
pedologi,童学,0,pedologi,9436
pedofili,童爱,0,pedofili,9435
pederasti,童色,0,pederasti,7890
komik,笑ᴷ,0,komik,918
krajon,笔ᴷ,0,krajon,2546
semiologi,符学,0,semiologi,9610
izo,等ᴵ,0,izo,2075
izopropil,等丙,0,izopropil,9895
izoleŭcin,等亮,0,izoleu^cin,9030
mitoz,等分,0,mitoz,7778
izodinam,等力,0,izodinam,9026
ekvipotencial,等势,0,ekvipotencial,7583
izobar,等压,0,izobar,9024
izotrop,等向,0,izotrop,9897
izomorf,等形,0,izomorf,9034
izoklin,等斜,0,izoklin,9029
izospin,等旋,0,izospin,9039
izokron,等时,0,izokron,9894
izometri,等测,0,izometri,9033
izostaz,等滞,0,izostaz,9040
izoterm,等热,0,izoterm,9041
izoelektr,等电,0,izoelektr,9027
izometr,等米,0,izometr,9032
izopter,等翅,0,izopter,9037
izoglos,等语,0,izoglos,9028
izoton,等调,0,izoton,9896
izopod,等足,0,izopod,9036
tenden,筋ᵀ,0,tenden,4425
tendenotomi,筋切,0,tendenotomi,9710
tendenit,筋炎,0,tendenit,9709
muskoloz,筋症,0,muskoloz,9309
fasci,筋膜,0,fasci,8268
signatur,签ˢ,0,signatur,5473
paraf,签ᴾ,0,paraf,5472
tab,签ᵀ,0,tab,5471
konciz,简ᴷ,0,konciz,1311
lakon,简ᴸ,0,lakon,1312
aritmetik,算ᴬ,0,aritmetik,1650
operator,算子,0,operator,7348
abak,算盘,0,abak,7997
kalkulmetr,算计,0,kalkulmetr,9050
administr,管ᴬ,0,administr,3901
dukt,管ᴰ,0,dukt,3902
intendant,管ᴵ,0,intendant,3904
kateter,管ᴷ,0,kateter,3906
administrator,管员,0,administrator,8332
makaroni,管面,0,makaroni,7097
kurar,箭毒,0,kurar,7760
valiz,箱ⱽ,0,valiz,2895
uzurpator,篡员,0,uzurpator,9798
riz,米ᴿ,0,riz,3298
metrologi,米学,0,metrologi,9241
analogi,类ᴬ,0,analogi,4602
pulvor,粉ᴾ,0,pulvor,3764
vermiĉel,粉丝,0,vermic^el,6700
polenologi,粉学,0,polenologi,9503
polenoz,粉症,0,polenoz,9504
silt,粉砂,0,silt,7666
grajn,粒ᴳ,0,grajn,210
korpuskl,粒ᴷ,0,korpuskl,213
partikl,粒ᴾ,0,partikl,212
granulom,粒瘤,0,granulom,7790
granulocit,粒胞,0,granulocit,8873
aspr,粗ᴬ,0,aspr,3273
rasp,粗ᴿ,0,rasp,3272
ŝrot,粗粉,0,s^rot,6906
viskoz,粘ⱽ,0,viskoz,5818
argil,粘土,0,argil,5797
mucilag,粘液,0,mucilag,7937
mukoz,粘症,0,mukoz,9308
viskozometr,粘计,0,viskozometr,9818
ekskrement,粪ᴱ,0,ekskrement,5664
fek,粪ᶠ,0,fek,5663
viktuali,粮ⱽ,0,viktuali,6279
spermat,精ˢ,0,spermat,4775
nimf,精ᴺ,0,nimf,4773
rafin,精ᴿ,0,rafin,4772
fajn,精ᶠ,0,fajn,4771
verumontan,精丘,0,verumontan,7475
spermatofit,精植,0,spermatofit,9649
sperm,精液,0,sperm,5875
spermatogenez,精源,0,spermatogenez,9650
kobold,精灵,0,kobold,6495
nimfomani,精狂,0,nimfomani,9336
rafinoz,精糖,0,rafinoz,10006
subtil,精细,0,subtil,5668
spermatocit,精胞,0,spermatocit,9648
amel,糊ᴬ,0,amel,2969
ameloz,糊糖,0,ameloz,10003
bombon,糖ᴮ,0,bombon,2012
glukoz,糖ᴳ,0,glukoz,2014
konfit,糖ᴷ,0,konfit,2011
glikogen,糖原,0,glikogen,8154
diabet,糖尿,0,diabet,6292
sirop,糖浆,0,sirop,7961
glukogenez,糖源,0,glukogenez,10020
kompot,糖煮,0,kompot,8134
sukerat,糖盐,0,sukerat,9684
melas,糖蜜,0,melas,7557
glukemi,糖血,0,glukemi,8864
glukoliz,糖解,0,glukoliz,9881
genea,系ᴳ,0,genea,3533
fakultat,系ᶠ,0,fakultat,3532
genealogi,系学,0,genealogi,8828
koeficient,系数,0,koeficient,5928
filogenez,系源,0,filogenez,8758
pastern,系部,0,pastern,7569
vegetar,素ⱽ,0,vegetar,3601
staj,索ˢ,0,staj,4557
rig,索ᴿ,0,rig,4556
funikl,索ᶠ,0,funikl,4558
ametist,紫晶,0,ametist,7829
viol,紫花,0,viol,3907
kumul,累ᴷ,0,kumul,5962
skarlat,红ˢ,0,skarlat,921
eritr,红ᴱ,0,eritr,920
tantiem,红利,0,tantiem,8097
sien,红土,0,sien,7932
infraruĝ,红外,0,infrarug^,8106
ruben,红宝,0,ruben,8139
arbut,红果,0,arbut,7020
mangl,红树,0,mangl,7801
eritropoez,红生,0,eritropoez,8722
eritroblast,红胚,0,eritroblast,8721
eritrocit,红胞,0,eritrocit,6891
koĉ,红虫,0,koc^,7163
gracil,纤ᴳ,0,gracil,5729
cili,纤毛,0,cili,7622
fibrit,纤炎,0,fibrit,10022
fibrom,纤瘤,0,fibrom,8754
celuloz,纤素,0,celuloz,7669
fibroskop,纤镜,0,fibroskop,8755
pakt,约ᴾ,0,pakt,4346
rendevu,约ᴿ,0,rendevu,4344
divizor,约数,0,divizor,8156
hierarki,级ᴴ,0,hierarki,1812
rang,级ᴿ,0,rang,1810
veft,纬ⱽ,0,veft,5579
gaz,纱ᴳ,0,gaz,4259
ordinat,纵标,0,ordinat,7750
orgi,纵欲,0,orgi,6550
mediastin,纵隔,0,mediastin,7974
papirus,纸草,0,papirus,6997
arabesk,纹ᴬ,0,arabesk,6091
fret,纹ᶠ,0,fret,6089
spindel,纺锤,0,spindel,6837
drat,线ᴰ,0,drat,1937
modlur,线脚,0,modlur,7221
kompon,组ᴷ,0,kompon,250
mikrob,细菌,0,mikrob,5920
hist,织ᴴ,0,hist,3891
histologi,织学,0,histologi,9888
histogenez,织源,0,histogenez,8975
terminal,终端,0,terminal,7566
varp,经ⱽ,0,varp,5865
longitud,经度,0,longitud,5590
bibliografi,经志,0,bibliografi,8516
ekonomi,经济,0,ekonomi,3471
bibliofil,经爱,0,bibliofil,8513
bibliomani,经狂,0,bibliomani,8517
bibliograf,经记,0,bibliograf,8515
skolastik,经院,0,skolastik,7970
lanug,绒ᴸ,0,lanug,5684
pluŝ,绒ᴾ,0,plus^,5683
kori,绒膜,0,kori,7626
bant,结ᴮ,0,bant,1698
konklud,结ᴷ,0,konklud,1699
nod,结ᴺ,0,nod,1697
tuberkul,结ᵀ,0,tuberkul,1700
balbut,结巴,0,balbut,4721
ligatur,结扎,0,ligatur,8062
ftiz,结核,0,ftiz,6466
tuberkuloz,结症,0,tuberkuloz,9969
kalkulus,结石,0,kalkulus,7571
kojl,结肠,0,kojl,6023
konjunktiv,结膜,0,konjunktiv,7099
strangol,绞ˢ,0,strangol,7000
kolik,绞痛,0,kolik,7234
kapstan,绞盘,0,kapstan,7532
prezident,统ᴾ,0,prezident,4912
apercept,统觉,0,apercept,8001
kontinu,续ᴷ,0,kontinu,971
dipsak,续断,0,dipsak,7911
klorofit,绿植,0,klorofit,9090
smerald,绿玉,0,smerald,6573
klorofic,绿藻,0,klorofic,9089
afiks,缀ᴬ,0,afiks,4909
infiks,缀ᴵ,0,infiks,4910
prefiks,缀ᴾ,0,prefiks,4908
tiravir,缆ᵀ,0,tiravir,5755
kablogram,缆图,0,kablogram,9048
telfer,缆路,0,telfer,7273
damask,缎ᴰ,0,damask,6549
paliativ,缓ᴾ,0,paliativ,6487
rilaks,缓ᴿ,0,rilaks,6486
bufr,缓冲,0,bufr,6081
editor,编ᴱ,0,editor,3633
kompil,编ᴷ,0,kompil,3631
redakt,编ᴿ,0,redakt,3630
giloŝ,编纹,0,gilos^,6777
kompiler,编译,0,kompiler,7552
afin,缘ᴬ,0,afin,6535
steb,缝ˢ,0,steb,3275
sutur,缝合,0,sutur,6865
orl,缝边,0,orl,8208
hant,缠ᴴ,0,hant,5392
obsed,缠ᴼ,0,obsed,5391
sistol,缩ˢ,0,sistol,6249
deflaci,缩ᴰ,0,deflaci,6250
kontrah,缩ᴷ,0,kontrah,6252
miniatur,缩ᴹ,0,miniatur,6251
ref,缩帆,0,ref,8273
mioz,缩瞳,0,mioz,8070
karenc,缺ᴷ,0,karenc,1215
lakun,缺ᴸ,0,lakun,1214
kontumac,缺席,0,kontumac,7457
bokal,罐ᴮ,0,bokal,7541
kanistr,罐ᴷ,0,kanistr,7542
tenis,网ᵀ,0,tenis,3033
tul,网纱,0,tul,7820
retin,网膜,0,retin,6227
kompas,罗盘,0,kompas,6287
kitel,罩ᴷ,0,kitel,3933
pek,罪ᴾ,0,pek,2559
krimologi,罪学,0,krimologi,9131
kapr,羊ᴷ,0,kapr,2637
merin,羊ᴹ,0,merin,2638
ovi,羊ᴼ,0,ovi,2640
satirus,羊神,0,satirus,7335
amni,羊膜,0,amni,7111
arnik,羊菊,0,arnik,7210
filik,羊齿,0,filik,6004
estetik,美学,0,estetik,6496
manikur,美甲,0,manikur,7223
antilop,羚ᴬ,0,antilop,6903
gazel,羚ᴳ,0,gazel,6904
greg,群ᴳ,0,greg,223
hord,群ᴴ,0,hord,224
arkipelag,群岛,0,arkipelag,7923
volan,羽ⱽ,0,volan,1982
pteropod,翅足,0,pteropod,9546
paŭt,翘嘴,0,pau^t,7887
alcion,翠鸟,0,alcion,8175
lop,翻ᴸ,0,lop,3876
envergur,翼展,0,envergur,8274
pteraspid,翼甲,0,pteraspid,6959
senil,老ˢ,0,senil,4694
old,老ᴼ,0,old,4695
geriatr,老医,0,geriatr,8228
presbiop,老花,0,presbiop,7570
plug,耕ᴾ,0,plug,2909
rast,耙ᴿ,0,rast,6645
otologi,耳学,0,otologi,9400
otit,耳炎,0,otit,9399
karakal,耳猫,0,karakal,7980
otalgi,耳痛,0,otalgi,9398
kokle,耳蜗,0,kokle,7747
otoskop,耳镜,0,otoskop,9402
pub,耻骨,0,pub,6115
karier,职ᴷ,0,karier,2582
profesi,职ᴾ,0,profesi,2583
asoci,联ᴬ,0,asoci,3444
federaci,联ᶠ,0,federaci,3445
cum,聚伞,0,cum,8088
fuzi,聚变,0,fuzi,8128
karn,肉ᴷ,0,karn,3116
stek,肉排,0,stek,7053
sarkom,肉瘤,0,sarkom,6986
varang,肋板,0,varang,8309
miit,肌炎,0,miit,9246
miopati,肌病,0,miopati,9274
miom,肌瘤,0,miom,7684
anduj,肚肠,0,anduj,7593
sodomi,肛交,0,sodomi,6621
hepatit,肝炎,0,hepatit,8912
hepatik,肝草,0,hepatik,8140
enter,肠ᴱ,0,enter,4608
intest,肠ᴵ,0,intest,4607
jejun,肠ᴶ,0,jejun,4610
mortadel,肠ᴹ,0,mortadel,4611
ileit,肠炎,0,ileit,9002
enteralgi,肠痛,0,enteralgi,8702
katgut,肠线,0,katgut,8144
akci,股ᴬ,0,akci,4521
femur,股ᶠ,0,femur,4522
koksit,股炎,0,koksit,9094
koksopati,股病,0,koksopati,9095
koksalgi,股痛,0,koksalgi,9093
skapol,肩ˢ,0,skapol,3399
skapolalgi,肩痛,0,skapolalgi,9632
epolet,肩章,0,epolet,8256
eduk,育ᴱ,0,eduk,1201
pneŭmonologi,肺学,0,pneu^monologi,9495
pulmit,肺炎,0,pulmit,9493
pneŭmonopati,肺病,0,pneu^monopati,9496
pneŭmonektomi,肺除,0,pneu^monektomi,9492
nefr,肾ᴺ,0,nefr,5063
nefrologi,肾学,0,nefrologi,9315
nefrit,肾炎,0,nefrit,9929
nefropati,肾病,0,nefropati,9316
pjel,肾盆,0,pjel,8170
nefrektomi,肾除,0,nefrektomi,9314
onk,肿瘤,0,onk,6882
inflaci,胀ᴵ,0,inflaci,5779
turg,胀ᵀ,0,turg,5780
gastr,胃ᴳ,0,gastr,3384
gastrotomi,胃切,0,gastrotomi,8826
gastronom,胃学,0,gastronom,8820
gastrokamer,胃室,0,gastrokamer,8819
gastrostomi,胃漏,0,gastrostomi,8825
gastrit,胃炎,0,gastrit,8816
gastrofil,胃爱,0,gastrofil,8818
gastralgi,胃痛,0,gastralgi,8813
gasteromicet,胃菌,0,gasteromicet,8812
gastropod,胃足,0,gastropod,8821
gastroskop,胃镜,0,gastroskop,8822
kardj,胃门,0,kardj,7189
gastrektomi,胃除,0,gastrektomi,8814
kole,胆ᴷ,0,kole,5501
kolin,胆碱,0,kolin,7218
koleemi,胆血,0,koleemi,9098
kolesterol,胆醇,0,kolesterol,7018
parker,背ᴾ,0,parker,2066
aval,背书,0,aval,7815
ŝelk,背带,0,s^elk,6228
antiklinal,背斜,0,antiklinal,8224
le,背风,0,le,7272
placent,胎盘,0,placent,7170
korpulent,胖ᴷ,0,korpulent,6921
blast,胚ᴮ,0,blast,5831
embritomi,胚切,0,embritomi,8682
embriologi,胚学,0,embriologi,8681
embrifit,胚植,0,embrifit,8676
embrigenez,胚源,0,embrigenez,8678
blastoderm,胚皮,0,blastoderm,8541
blastomicet,胚菌,0,blastomicet,9853
celul,胞ᶜ,0,celul,4744
citotrop,胞向,0,citotrop,8578
spor,胞子,0,spor,5748
ĉelologi,胞学,0,c^elologi,8553
citoplasm,胞浆,0,citoplasm,8575
citosol,胞液,0,citosol,8577
celulit,胞炎,0,celulit,8560
citoskelet,胞骨,0,citoskelet,8576
ŝakal,胡狼,0,ŝakal,5643
pankreatit,胰炎,0,pankreatit,9420
pankreatektomi,胰除,0,pankreatektomi,9419
aglutin,胶ᴬ,0,aglutin,3585
kaŭĉuk,胶ᴷ,0,kaŭĉuk,3583
steto,胸ˢ,0,steto,2055
torak,胸ᵀ,0,torak,2056
timus,胸腺,0,timus,8316
pleŭr,胸膜,0,pleu^r,7868
stetoskop,胸镜,0,stetoskop,9671
sternum,胸骨,0,sternum,7413
energi,能ᴱ,0,energi,902
iv,能ᴵ,0,iv,901
kapabl,能ᴷ,0,kapabl,903
seb,脂ˢ,0,seb,2850
adip,脂ᴬ,0,adip,2853
bedeli,脂ᴮ,0,bedeli,2852
kopal,脂ᴷ,0,kopal,2856
lard,脂ᴸ,0,lard,2849
rezin,脂ᴿ,0,rezin,2851
adipogenez,脂源,0,adipogenez,8331
lipom,脂瘤,0,lipom,9180
lipoliz,脂解,0,lipoliz,9179
bigarel,脆樱,0,bigarel,7259
sfigm,脉ˢ,0,sfigm,5204
arteri,脉ᴬ,0,arteri,5201
puls,脉ᴾ,0,puls,5202
fleb,脉ᶠ,0,fleb,5206
flebotomi,脉切,0,flebotomi,8764
angiologi,脉学,0,angiologi,8404
sfigmografi,脉志,0,sfigmografi,9618
flebit,脉炎,0,flebit,8455
gang,脉石,0,gang,6600
angiosperm,脉种,0,angiosperm,8405
koroid,脉膜,0,koroid,6592
sfigmograf,脉记,0,sfigmograf,9617
arteriektomi,脉除,0,arteriektomi,8454
raki,脊ᴿ,0,raki,6080
first,脊ᶠ,0,first,6079
rakialgi,脊痛,0,rakialgi,9559
ĥord,脊索,0,h^ord,6684
encefal,脑ᴱ,0,encefal,3467
encefalogram,脑图,0,encefalogram,8688
forniks,脑弓,0,forniks,6934
encefalografi,脑志,0,encefalografi,8687
encefalit,脑炎,0,encefalit,9867
encefalopati,脑病,0,encefalopati,8689
encefalalgi,脑痛,0,encefalalgi,8686
mening,脑膜,0,mening,6732
pustul,脓泡,0,pustul,6849
piore,脓漏,0,piore,8185
piogen,脓生,0,piogen,9468
impetig,脓疮,0,impetig,7081
absces,脓肿,0,absces,7152
pioemi,脓血,0,pioemi,9467
maleol,脚腕,0,maleol,5595
luksaci,脱臼,0,luksaci,7808
lienit,脾炎,0,lienit,9176
lienektomi,脾除,0,lienektomi,9175
salam,腊肠,0,salam,7620
seps,腐ˢ,0,seps,4502
saprozo,腐兽,0,saprozo,9592
hum,腐土,0,hum,6572
saprofit,腐植,0,saprofit,9591
sepsemi,腐血,0,sepsemi,9612
celenter,腔肠,0,celenter,8095
urli,腮ᵁ,0,urli,7725
parotid,腮腺,0,parotid,6955
lumb,腰ᴸ,0,lumb,4857
akaĵu,腰果,0,akaj^u,6790
lumbalgi,腰痛,0,lumbalgi,9189
abdomen,腹ᴬ,0,abdomen,3428
lapar,腹ᴸ,0,lapar,3427
laparotomi,腹切,0,laparotomi,9162
peritone,腹膜,0,peritone,7528
laparoskopi,腹镜,0,laparoskopi,9161
aden,腺ᴬ,0,aden,5850
adenit,腺炎,0,adenit,9835
adenpati,腺病,0,adenpati,8329
adenom,腺瘤,0,adenom,8328
mastik,腻子,0,mastik,7071
gamb,腿ᴳ,0,gamb,2554
balzam,膏ᴮ,0,balzam,5328
kataplasm,膏ᴷ,0,kataplasm,5330
liniment,膏ᴸ,0,liniment,5333
pomad,膏ᴾ,0,pomad,5329
ungvent,膏ᵁ,0,ungvent,5332
himenopter,膜翅,0,himenopter,8949
himenomicet,膜菌,0,himenomicet,8948
poplit,膝窝,0,poplit,7719
ekspansi,膨ᴱ,0,ekspansi,5753
dilatator,膨具,0,dilatator,8627
grop,臀ᴳ,0,grop,6075
vasal,臣ⱽ,0,vasal,3619
aŭtokataliz,自催,0,au^tokataliz,9833
spontan,自发,0,spontan,6171
aŭtodidakt,自学,0,au^todidakt,8242
aŭtomorfi,自形,0,au^tomorfi,9834
aŭtografi,自志,0,au^tografi,8486
aŭtogir,自旋,0,au^togir,9831
suicid,自杀,0,suicid,8249
aŭtonom,自治,0,au^tonom,6174
artez,自流,0,artez,6840
nekton,自游,0,nekton,7198
natural,自然,0,natural,6369
aŭtogen,自生,0,au^togen,8484
liber,自由,0,liber,836
aŭtoliz,自解,0,au^toliz,8487
aŭtograf,自记,0,au^tograf,8485
aŭtogami,自配,0,au^togami,9832
stink,臭ˢ,0,stink,6206
haladz,臭ᴴ,0,haladz,6205
ozon,臭氧,0,ozon,5833
cim,臭虫,0,cim,6160
solstic,至ˢ,0,solstic,67
almenaŭ,至ᴬ,0,almenaŭ,66
premolar,臼ᴾ,0,premolar,6830
glosit,舌炎,0,glosit,8863
glosektomi,舌除,0,glosektomi,8862
diastol,舒ᴰ,0,diastol,2900
midz,舔吸,0,midz,7495
bal,舞ᴮ,0,bal,2790
gondol,舟ᴳ,0,gondol,3459
kanu,舟ᴷ,0,kanu,3457
pirog,舟ᴾ,0,pirog,3461
navig,航ᴺ,0,navig,4291
kapus,航向,0,kapus,7678
ŝanel,航道,0,s^anel,8271
vesel,舰ⱽ,0,vesel,6888
bilĝ,舱底,0,bilg^,7459
pavez,船壁,0,pavez,8137
poŭp,船尾,0,pou^p,8270
babord,船左,0,babord,6561
dok,船渠,0,dok,6273
eŭ,良ᴱ,0,eu^,740
konscienc,良ᴷ,0,konscienc,738
eŭritm,良律,0,eu^ritm,8739
erotik,色ᴱ,0,erotik,1188
volupt,色ⱽ,0,volupt,1187
kromodinamik,色力,0,kromodinamik,10021
kromatografi,色志,0,kromatografi,9140
eroto,色情,0,eroto,7998
kolormetri,色测,0,kolormetri,9102
kromosfer,色球,0,kromosfer,9144
erotogen,色生,0,erotogen,8724
pigment,色素,0,pigment,6769
kolormetr,色计,0,kolormetr,9100
meti,艺ᴹ,0,meti,983
gejŝ,艺妓,0,gejs^,8211
silab,节ˢ,0,silab,4938
artik,节ᴬ,0,artik,4939
gangli,节ᴳ,0,gangli,4942
artrologi,节学,0,artrologi,8464
artrit,节炎,0,artrit,8461
artroz,节症,0,artroz,8466
artralgi,节痛,0,artralgi,8460
artropod,节足,0,artropod,8465
mang,芒果,0,mang,7136
hibisk,芙蓉,0,hibisk,7151
sezam,芝麻,0,sezam,6792
sinap,芥ˢ,0,sinap,4873
iperit,芥气,0,iperit,7804
amarilid,花ᴬ,0,amarilid,1601
balzamin,花ᴮ,0,balzamin,1602
enoter,花ᴱ,0,enoter,1600
gerani,花ᴳ,0,gerani,1599
irid,花ᴵ,0,irid,1598
krokus,花ᴷ,0,krokus,1603
ciklamen,花ᶜ,0,ciklamen,1604
korol,花冠,0,korol,5767
infloresk,花序,0,infloresk,6385
girland,花环,0,girland,5512
arakid,花生,0,arakid,6983
punt,花边,0,punt,5627
api,芹ᴬ,0,api,6144
spros,芽ˢ,0,spros,4742
burĝon,芽ᴮ,0,burĝon,4740
sfagn,苔ˢ,0,sfagn,4991
andre,苔ᴬ,0,andre,4990
bri,苔ᴮ,0,bri,4988
hipn,苔ᴴ,0,hipn,4989
brifit,苔植,0,brifit,8543
svelt,苗条,0,svelt,6991
amar,苦ᴬ,0,amar,2009
ŝraman,苦僧,0,s^raman,7481
absint,苦艾,0,absint,6545
endivi,苦菜,0,endivi,7134
asket,苦行,0,asket,7675
pomologi,苹学,0,pomologi,9522
solan,茄ˢ,0,solan,5116
alkekeng,茄ᴬ,0,alkekeng,5120
hiskiam,茄ᴴ,0,hiskiam,5119
likopersik,茄ᴸ,0,likopersik,5124
melongen,茄ᴹ,0,melongen,5123
petuni,茄ᴾ,0,petuni,5117
fizalid,茄ᶠ,0,fizalid,5118
kulm,茎ᴷ,0,kulm,5110
sazank,茶ˢ,0,sazank,1878
kameli,茶ᴷ,0,kameli,1877
mate,茶ᴹ,0,mate,1876
skiz,草ˢ,0,skiz,2098
alo,草ᴬ,0,alo,2100
betel,草ᴮ,0,betel,2105
drab,草ᴰ,0,drab,2133
eŭforbi,草ᴱ,0,eu^forbi,2112
gage,草ᴳ,0,gage,2134
iksi,草ᴵ,0,iksi,2137
jazion,草ᴶ,0,jazion,2214
kres,草ᴷ,0,kres,2104
lemn,草ᴸ,0,lemn,2141
mimul,草ᴹ,0,mimul,2174
napel,草ᴺ,0,napel,2175
ocim,草ᴼ,0,ocim,2144
pajl,草ᴾ,0,pajl,2097
rut,草ᴿ,0,rut,2101
tragant,草ᵀ,0,tragant,2114
ulmari,草ᵁ,0,ulmari,2251
cist,草ᶜ,0,cist,2102
fle,草ᶠ,0,fle,2121
ze,草ᶻ,0,ze,2119
veratr,草ⱽ,0,veratr,2108
step,草原,0,step,6459
gazon,草坪,0,gazon,7270
herbicid,草杀,0,herbicid,8913
diboĉ,荡ᴰ,0,diboc^,5136
libertin,荡ᴸ,0,libertin,5138
fluktu,荡ᶠ,0,fluktu,5137
vagotomi,荡切,0,vagotomi,9804
vagomani,荡狂,0,vagomani,9803
prosper,荣ᴾ,0,prosper,3926
fluoresk,荧光,0,fluoresk,6325
apotek,药ᴬ,0,apotek,4011
drog,药ᴰ,0,drog,4012
oficin,药ᴼ,0,oficin,4013
farmak,药ᶠ,0,farmak,4014
farmakologi,药学,0,farmakologi,8747
kolocint,药瓜,0,kolocint,7851
nelumb,莲ᴺ,0,nelumb,5592
obten,获ᴼ,0,obten,2744
rikolt,获ᴿ,0,rikolt,2743
ugvis,莺ᵁ,0,ugvis,6964
sonk,菊ˢ,0,sonk,4806
aster,菊ᴬ,0,aster,4801
belis,菊ᴮ,0,belis,4809
dali,菊ᴰ,0,dali,4807
ekinops,菊ᴱ,0,ekinops,4825
gnafali,菊ᴳ,0,gnafali,4826
hieraci,菊ᴴ,0,hieraci,4827
inul,菊ᴵ,0,inul,4804
lekant,菊ᴸ,0,lekant,4802
madi,菊ᴹ,0,madi,4805
onopord,菊ᴼ,0,onopord,4831
piretr,菊ᴾ,0,piretr,4820
rudbeki,菊ᴿ,0,rudbeki,4835
taĝet,菊ᵀ,0,tag^et,4814
cirsi,菊ᶜ,0,cirsi,4810
verbesin,菊ⱽ,0,verbesin,4845
amonit,菊石,0,amonit,7752
serpul,菌ˢ,0,serpul,5252
astre,菌ᴬ,0,astre,5226
bakteri,菌ᴮ,0,bakteri,5212
eci,菌ᴱ,0,eci,5219
geastr,菌ᴳ,0,geastr,5238
hidn,菌ᴴ,0,hidn,5220
inocib,菌ᴵ,0,inocib,5239
klatr,菌ᴷ,0,klatr,5228
lakari,菌ᴸ,0,lakari,5242
miko,菌ᴹ,0,miko,5217
ojdi,菌ᴼ,0,ojdi,5221
peziz,菌ᴾ,0,peziz,5230
rusul,菌ᴿ,0,rusul,5232
truf,菌ᵀ,0,truf,5215
usne,菌ᵁ,0,usne,5222
cetrari,菌ᶜ,0,cetrari,5255
verticili,菌ⱽ,0,verticili,5287
hif,菌丝,0,hif,7805
bakteriofag,菌吞,0,bakteriofag,8492
mikologi,菌学,0,mikologi,8497
fungicid,菌杀,0,fungicid,8490
mikoplasm,菌浆,0,mikoplasm,9247
mikoz,菌症,0,mikoz,7324
mikobakteri,菌菌,0,mikobakteri,9991
sabelik,菜ˢ,0,sabelik,2918
artiŝok,菜ᴬ,0,artis^ok,2919
brasik,菜ᴮ,0,brasik,2916
spinac,菠菜,0,spinac,5656
ananas,菠萝,0,ananas,6936
lozanĝ,菱ᴸ,0,lozang^,6030
romboedr,菱面,0,romboedr,9583
kloroz,萎黄,0,kloroz,7810
rafan,萝卜,0,rafan,5045
kazern,营ᴷ,0,kazern,6609
decidu,落ᴰ,0,decidu,1142
larik,落松,0,larik,6574
vitologi,葡学,0,vitologi,9819
uv,葡萄,0,uv,7689
kalabas,葫芦,0,kalabas,6484
alium,葱ᴬ,0,alium,4749
pore,葱ᴾ,0,pore,4748
akumulator,蓄电,0,akumulator,8099
indig,蓝ᴵ,0,indig,1471
lazur,蓝ᴸ,0,lazur,1472
vajd,蓝ⱽ,0,vajd,1473
cejan,蓝菊,0,cejan,7737
hirt,蓬ᴴ,0,hirt,6065
vink,蔓春,0,vink,7205
sakarometri,蔗测,0,sakarometri,9588
sakarat,蔗盐,0,sakarat,9586
sakaroz,蔗糖,0,sakaroz,10002
sakaromicet,蔗菌,0,sakaromicet,9589
sakarometr,蔗计,0,sakarometr,9587
pizang,蕉ᴾ,0,pizang,4725
ment,薄荷,0,ment,6094
balan,藤壶,0,balan,8041
gumigut,藤黄,0,gumigut,6982
sargas,藻ˢ,0,sargas,5180
bangi,藻ᴮ,0,bangi,5177
gonidi,藻ᴳ,0,gonidi,5182
hiziki,藻ᴴ,0,hiziki,5172
kara,藻ᴷ,0,kara,5176
nitel,藻ᴺ,0,nitel,5179
porfur,藻ᴾ,0,porfur,5184
ulv,藻ᵁ,0,ulv,5175
cerami,藻ᶜ,0,cerami,5181
fuk,藻ᶠ,0,fuk,5173
vakame,藻ⱽ,0,vakame,5186
algologi,藻学,0,algologi,8377
fukofic,藻藻,0,fukofic,9987
ork,虎鲸,0,ork,8129
molest,虐ᴹ,0,molest,4241
imaginar,虚ᴵ,0,imaginar,5356
fikci,虚ᶠ,0,fikci,5353
sfeg,虫ˢ,0,sfeg,2454
akar,虫ᴬ,0,akar,2429
blat,虫ᴮ,0,blat,2430
ditisk,虫ᴰ,0,ditisk,2473
entom,虫ᴱ,0,entom,2434
geotrup,虫ᴳ,0,geotrup,2441
harpal,虫ᴴ,0,harpal,2439
koral,虫ᴷ,0,koral,2428
laŭs,虫ᴸ,0,lau^s,2445
melo,虫ᴹ,0,melo,2452
nepa,虫ᴺ,0,nepa,2453
ojstr,虫ᴼ,0,ojstr,2437
pedik,虫ᴾ,0,pedik,2431
tine,虫ᵀ,0,tine,2433
cece,虫ᶜ,0,cece,2448
ftir,虫ᶠ,0,ftir,2449
zigen,虫ᶻ,0,zigen,2467
verm,虫ⱽ,0,verm,2427
apendic,虫垂,0,apendic,6607
entomologi,虫学,0,entomologi,8704
insekticid,虫杀,0,insekticid,9011
sifon,虹吸,0,sifon,6338
iris,虹膜,0,iris,6139
salikok,虾ˢ,0,salikok,5540
armadilidi,虾ᴬ,0,armadilidi,5556
birg,虾ᴮ,0,birg,5543
dafni,虾ᴰ,0,dafni,5545
gamar,虾ᴳ,0,gamar,5547
lepad,虾ᴸ,0,lepad,5548
naŭpli,虾ᴺ,0,nau^pli,5553
pene,虾ᴾ,0,pene,5542
talitr,虾ᵀ,0,talitr,5554
gobius,虾虎,0,gobius,8141
erozi,蚀ᴱ,0,erozi,5970
akvafort,蚀刻,0,akvafort,7982
alteraci,蚀变,0,alteraci,7230
anofel,蚊ᴬ,0,anofel,4394
kul,蚊ᴷ,0,kul,4393
mitul,蚌ᴹ,0,mitul,6483
kari,蛀牙,0,kari,6069
anakond,蛇ᴬ,0,anakond,3696
botrop,蛇ᴮ,0,botrop,3692
elap,蛇ᴱ,0,elap,3690
kolubr,蛇ᴷ,0,kolubr,3688
meandr,蛇ᴹ,0,meandr,3687
naj,蛇ᴺ,0,naj,3689
tropidonot,蛇ᵀ,0,tropidonot,3699
cerast,蛇ᶜ,0,cerast,3694
serpentologi,蛇学,0,serpentologi,9615
ofiur,蛇尾,0,ofiur,8079
lupol,蛇麻,0,lupol,7773
flan,蛋奶,0,flan,7922
protein,蛋白,0,protein,5918
vitel,蛋黄,0,vitel,7761
salamandr,蛙ˢ,0,salamandr,5050
alit,蛙ᴬ,0,alit,5051
batrak,蛙ᴮ,0,batrak,5049
hil,蛙ᴴ,0,hil,5048
migal,蛛ᴹ,0,migal,4017
terafoz,蛛ᵀ,0,terafoz,4019
falangi,蛛ᶠ,0,falangi,4020
araknoid,蛛膜,0,araknoid,6835
ruditap,蛤ᴿ,0,ruditap,7918
buf,蛤蟆,0,buf,7448
bombiks,蛾ᴮ,0,bombiks,7068
burd,蜂ᴮ,0,burd,3985
krabr,蜂ᴷ,0,krabr,3983
cinip,蜂ᶜ,0,cinip,3984
vesp,蜂ⱽ,0,vesp,3982
esamen,蜂群,0,esamen,7686
melis,蜂草,0,melis,7148
limak,蜗牛,0,limak,5587
nektar,蜜ᴺ,0,nektar,4983
enkaŭstik,蜡画,0,enkau^stik,7664
stencil,蜡纸,0,stencil,8069
fulgor,蜡蝉,0,fulgor,8098
kanacikad,蝉ᴷ,0,kanacikad,5321
mincikad,蝉ᴹ,0,mincikad,5320
cikadomorf,蝉形,0,cikadomorf,8571
skorpen,蝎鱼,0,skorpen,7610
lokust,蝗ᴸ,0,lokust,5164
filostom,蝠ᶠ,0,filostom,8218
helik,螺ᴴ,0,helik,4198
spiril,螺菌,0,spiril,6919
limul,蟹ᴸ,0,limul,4659
pagur,蟹ᴾ,0,pagur,4658
peristalt,蠕ᴾ,0,peristalt,6710
helmintologi,蠕学,0,helmintologi,8903
emi,血ᴱ,0,emi,1996
hemo,血ᴴ,0,hemo,1997
ser,血清,0,ser,5784
hemostaz,血滞,0,hemostaz,8911
globul,血球,0,globul,6789
hematoz,血症,0,hematoz,8905
bilharzi,血虫,0,bilharzi,7708
hemoliz,血解,0,hemoliz,8910
hematopod,血足,0,hematopod,8904
bagaĝ,行李,0,bagag^,6943
difrakt,衍射,0,difrakt,6217
bilanc,衡ᴮ,0,bilanc,3483
pes,衡ᴾ,0,pes,3482
suplement,补ˢ,0,suplement,5360
aleksin,补ᴬ,0,aleksin,5361
kompens,补ᴷ,0,kompens,5358
kompensator,补具,0,kompensator,9105
subvenci,补贴,0,subvenci,7244
remont,补马,0,remont,7498
epi,表ᴱ,0,epi,3182
list,表ᴸ,0,list,3183
reprezent,表ᴿ,0,reprezent,3186
epicentr,表央,0,epicentr,8707
epigram,表字,0,epigram,9870
ekspresionist,表家,0,ekspresionist,8655
epimorfi,表形,0,epimorfi,8718
ideografi,表意,0,ideografi,9982
epifit,表植,0,epifit,8712
epigenez,表源,0,epigenez,8715
epicikl,表环,0,epicikl,10010
epiderm,表皮,0,epiderm,8709
epigastr,表胃,0,epigastr,8714
epigraf,表记,0,epigraf,9868
bluz,衫ᴮ,0,bluz,2788
kaĥeksi,衰ᴷ,0,kah^eksi,6335
marsupi,袋ᴹ,0,marsupi,2602
poŝ,袋ᴾ,0,poŝ,2601
makrop,袋鼠,0,makrop,7343
surtut,袍ˢ,0,surtut,4172
kut,袍ᴷ,0,kut,4174
tunik,袍ᵀ,0,tunik,4173
frok,袍ᶠ,0,frok,4175
pasiv,被ᴾ,0,pasiv,4893
arbitraci,裁ᴬ,0,arbitraci,4222
diskreci,裁量,0,diskreci,8276
skism,裂ˢ,0,skism,2699
breĉ,裂ᴮ,0,brec^,2697
dehisk,裂ᴰ,0,dehisk,2700
krev,裂ᴷ,0,krev,2696
fend,裂ᶠ,0,fend,2695
skizomicet,裂菌,0,skizomicet,9634
stiv,装ˢ,0,stiv,3955
afekt,装ᴬ,0,afekt,3954
bind,装ᴮ,0,bind,3950
garn,装ᴳ,0,garn,3953
instal,装ᴵ,0,instal,3952
kostum,装ᴷ,0,kostum,3951
munt,装ᴹ,0,munt,3949
kalson,裤ᴷ,0,kalson,2967
gimnosperm,裸子,0,gimnosperm,7369
uest,西ᵁ,0,uest,2955
sagu,西米,0,sagu,7184
mulĉ,覆ᴹ,0,mulc^,4226
spekt,观ˢ,0,spekt,4437
ideologi,观ᴵ,0,ideologi,4436
spektator,观员,0,spektator,9640
preskrib,规ᴾ,0,preskrib,3023
cirkel,规ᶜ,0,cirkel,3022
regulator,规具,0,regulator,9565
opt,视ᴼ,0,opt,3640
vide,视ⱽ,0,vide,3638
optometri,视测,0,optometri,9364
optometr,视计,0,optometr,9363
bodi,觉ᴮ,0,bodi,1295
percept,觉ᴾ,0,percept,1296
rimark,觉ᴿ,0,rimark,1294
goni,角ᴳ,0,goni,1905
korn,角ᴷ,0,korn,1903
rol,角ᴿ,0,rol,1904
goniometri,角测,0,goniometri,8867
keratit,角炎,0,keratit,9074
korne,角膜,0,korne,8120
goniometr,角计,0,goniometr,9882
karob,角豆,0,karob,6854
solv,解ˢ,0,solv,803
disoci,解ᴰ,0,disoci,804
liz,解ᴸ,0,liz,802
lizosom,解体,0,lizosom,9187
tiksotrop,触向,0,tiksotrop,9966
tentakl,触手,0,tentakl,7594
anten,触角,0,anten,6554
trole,触轮,0,trole,6537
dialektologi,言学,0,dialektologi,8615
vot,誓ⱽ,0,vot,4155
alarm,警ᴬ,0,alarm,2764
siren,警笛,0,siren,7108
termometr,计ᵀ,0,termometr,4958
metronom,计律,0,metronom,9242
abon,订ᴬ,0,abon,2937
agnosk,认ᴬ,0,agnosk,807
alien,让ᴬ,0,alien,3465
konced,让ᴷ,0,konced,3464
instrukci,训ᴵ,0,instrukci,5126
propon,议ᴾ,0,propon,1192
kapitol,议堂,0,kapitol,7351
graf,记ᴳ,0,graf,1222
not,记ᴺ,0,not,1219
rekord,记ᴿ,0,rekord,1221
grafologi,记学,0,grafologi,8871
reporter,记者,0,reporter,7699
lekci,讲ᴸ,0,lekci,3621
marĉand,讲价,0,marc^and,6350
estrad,讲台,0,estrad,8729
aŭditori,讲堂,0,au^ditori,8240
docent,讲师,0,docent,7499
licenc,许ᴸ,0,licenc,1256
silog,论ˢ,0,silog,3164
argument,论ᴬ,0,argument,3163
ese,论ᴱ,0,ese,3161
teori,论ᵀ,0,teori,3160
disertaci,论文,0,disertaci,7673
sarkasm,讽ˢ,0,sarkasm,4593
satir,讽刺,0,satir,5645
establ,设ᴱ,0,establ,3401
dezajn,设计,0,dezajn,7269
intervju,访ᴵ,0,intervju,1837
frekvent,访ᶠ,0,frekvent,1838
atest,证ᴬ,0,atest,4032
diplom,证ᴰ,0,diplom,4033
kvitanc,证ᴷ,0,kvitanc,4034
pruv,证ᴾ,0,pruv,4031
diplomologi,证学,0,diplomologi,8632
kritik,评ᴷ,0,kritik,3406
recenz,评ᴿ,0,recenz,3408
artifik,诈ᴬ,0,artifik,6123
akuz,诉ᴬ,0,akuz,1971
grumbl,诉ᴳ,0,grumbl,1972
reklamaci,诉ᴿ,0,reklamaci,1974
diagnoz,诊断,0,diagnoz,6823
termin,词ᵀ,0,termin,969
leksikon,词典,0,leksikon,7660
terminologi,词学,0,terminologi,9721
leksik,词汇,0,leksik,6404
interpret,译ᴵ,0,interpret,3419
bard,诗ᴮ,0,bard,3511
muz,诗ᴹ,0,muz,3510
sincer,诚ˢ,0,sincer,2872
dialog,话ᴰ,0,dialog,890
sofism,诡辩,0,sofism,7423
idiom,语ᴵ,0,idiom,1208
gramatik,语法,0,gramatik,5370
morfem,语素,0,morfem,7497
indukt,诱ᴵ,0,indukt,3893
lecion,课ᴸ,0,lecion,2914
agord,调ᴬ,0,agord,3550
klimatiz,调ᴷ,0,klimatiz,3552
melodi,调ᴹ,0,melodi,3551
mediaci,调解,0,mediaci,8277
ranĝ,调车,0,rang^,7488
konspir,谋ᴷ,0,konspir,6109
skerc,谐ˢ,0,skerc,4549
burlesk,谐ᴮ,0,burlesk,4550
predikativ,谓能,0,predikativ,9524
sentenc,谚ˢ,0,sentenc,5044
proverbologi,谚学,0,proverbologi,9536
mister,谜ᴹ,0,mister,4099
rebus,谜ᴿ,0,rebus,4100
modest,谦ᴹ,0,modest,3237
skrupul,谨ˢ,0,skrupul,6303
kle,谱号,0,kle,8287
spektrogram,谱图,0,spektrogram,9641
spektrometri,谱测,0,spektrometri,9643
spektrometr,谱计,0,spektrometr,9642
spektrograf,谱记,0,spektrograf,9961
spektroskop,谱镜,0,spektroskop,9644
gren,谷ᴳ,0,gren,3112
cereal,谷ᶜ,0,cereal,3113
glutam,谷氨,0,glutam,6860
skorpiur,豆ˢ,0,skorpiur,4797
apios,豆ᴬ,0,apios,4787
galg,豆ᴳ,0,galg,4785
hedizar,豆ᴴ,0,hedizar,4791
klitori,豆ᴷ,0,klitori,4792
legumen,豆ᴸ,0,legumen,4784
ononid,豆ᴼ,0,ononid,4789
trigonel,豆ᵀ,0,trigonel,4798
vign,豆ⱽ,0,vign,4786
miso,豆酱,0,miso,7782
pizolit,豌石,0,pizolit,9479
hieroglif,象形,0,hieroglif,7765
ebur,象牙,0,ebur,6141
kurkuli,象甲,0,kurkuli,7621
gepard,豹ᴳ,0,gepard,6739
jaguar,豹ᴶ,0,jaguar,6740
leopard,豹ᴸ,0,leopard,6738
skafark,贝ˢ,0,skafark,4646
anodont,贝ᴬ,0,anodont,4641
dorid,贝ᴰ,0,dorid,4634
eledon,贝ᴱ,0,eledon,4637
gujdak,贝ᴳ,0,gujdak,4638
limne,贝ᴸ,0,limne,4635
mureks,贝ᴹ,0,mureks,4639
pina,贝ᴾ,0,pina,4633
tered,贝ᵀ,0,tered,4636
folad,贝ᶠ,0,folad,4631
konkologi,贝学,0,konkologi,9112
falun,贝岩,0,falun,7260
fritilari,贝母,0,fritilari,7631
tribut,贡ᵀ,0,tribut,4654
mamon,财魔,0,mamon,7438
skold,责ˢ,0,skold,3041
defet,败ᴰ,0,defet,4524
faktur,账ᶠ,0,faktur,4517
karg,货ᴷ,0,karg,3560
frajt,货ᶠ,0,frajt,3561
hold,货舱,0,hold,8272
substanc,质ˢ,0,substanc,3279
kvalit,质ᴷ,0,kvalit,3278
materi,质ᴹ,0,materi,3277
plastid,质体,0,plastid,6308
prot,质子,0,prot,7290
prim,质数,0,prim,7651
interpelaci,质询,0,interpelaci,5523
kolport,贩ᴷ,0,kolport,5310
vor,贪食,0,vor,5966
slum,贫窟,0,slum,7693
anemi,贫血,0,anemi,6481
aristokrat,贵ᴬ,0,aristokrat,4434
patrici,贵ᴾ,0,patrici,4433
premium,费ᴾ,0,premium,1199
burĝ,资ᴮ,0,burĝ,3575
resurs,资源,0,resurs,7180
gratifik,赏ᴳ,0,gratifik,7361
turnir,赛ᵀ,0,turnir,4863
stadion,赛场,0,stadion,5658
mehar,赛驼,0,mehar,8084
aprob,赞ᴬ,0,aprob,1671
konsent,赞ᴷ,0,konsent,1672
ovaci,赞ᴼ,0,ovaci,1674
ruf,赤褐,0,ruf,7796
kontraband,走私,0,kontraband,6720
meta,超ᴹ,0,meta,5716
transcend,超ᵀ,0,transcend,5717
hipertrofi,超养,0,hipertrofi,8956
hipertensi,超压,0,hipertensi,8955
hiperonim,超名,0,hiperonim,8954
metacentr,超央,0,metacentr,9232
metamorf,超形,0,metamorf,9918
metapsiki,超心,0,metapsiki,9235
hiperestez,超感,0,hiperestez,8951
metastaz,超滞,0,metastaz,9237
metafaz,超相,0,metafaz,9233
metastabil,超稳,0,metastabil,9236
hiperemi,超血,0,hiperemi,8950
ju,越ᴶ,0,ju,95
ofsajd,越位,0,ofsajd,8289
pland,足底,0,pland,5615
kvorum,足数,0,kvorum,7434
tars,足根,0,tars,6436
tal,距ᵀ,0,tal,3750
cirkvit,路ᶜ,0,cirkvit,964
barikad,路障,0,barikad,7652
kapriol,跳ᴷ,0,kapriol,1994
baskul,跷ᴮ,0,baskul,5829
pedal,踏板,0,pedal,5889
prokavi,蹄兔,0,prokavi,7767
bus,车ᴮ,0,bus,2031
kamion,车ᴷ,0,kamion,2034
trajn,车ᵀ,0,trajn,2032
velociped,车ⱽ,0,velociped,2040
plantag,车前,0,plantag,7057
timon,车杆,0,timon,6553
taksimetr,车计,0,taksimetr,9695
karoseri,车身,0,karoseri,7960
laminat,轧ᴸ,0,laminat,5515
orbit,轨ᴼ,0,orbit,3356
trak,轨ᵀ,0,trak,3355
invert,转ᴵ,0,invert,1338
konvert,转ᴷ,0,konvert,1339
rivolu,转ᴿ,0,rivolu,1336
rotor,转子,0,rotor,8301
verticil,轮ⱽ,0,verticil,3020
metempsikoz,轮回,0,metempsikoz,8264
molusk,软体,0,molusk,6966
piamatr,软膜,0,piamatr,8267
maroken,软革,0,maroken,7786
kartilag,软骨,0,kartilag,6551
bombard,轰ᴮ,0,bombard,6264
detonaci,轰ᴰ,0,detonaci,6265
sensaci,轰动,0,sensaci,6976
trace,轴线,0,trace,6848
aksiometr,轴计,0,aksiometr,8366
frivol,轻浮,0,frivol,6267
vehikl,载体,0,vehikl,7188
ŝarĝator,载具,0,s^arg^ator,9585
konsonant,辅ᴷ,0,konsonant,4650
frog,辙叉,0,frog,7560
kren,辣根,0,kren,8292
advokat,辩ᴬ,0,advokat,3988
debat,辩ᴰ,0,debat,3990
elokvent,辩ᴱ,0,elokvent,3989
retor,辩ᴿ,0,retor,3991
dialektik,辩证,0,dialektik,7110
sakrilegi,辱ˢ,0,sakrilegi,5304
later,边ᴸ,0,later,3681
marĝen,边ᴹ,0,marg^en,3682
emigr,迁ᴱ,0,emigr,4378
pas,过ᴾ,0,pas,128
transit,过ᵀ,0,transit,131
alergi,过敏,0,alergi,7515
board,迎风,0,board,7958
fortun,运ᶠ,0,fortun,899
miop,近ᴹ,0,miop,907
ankoraŭ,还ᴬ,0,ankoraŭ,633
avanc,进ᴬ,0,avanc,3015
import,进ᴵ,0,import,3014
apoge,远ᴬ,0,apoge,5711
hipermetrop,远ᴴ,0,hipermetrop,5712
lontan,远ᴸ,0,lontan,5713
telekomand,远令,0,telekomand,9704
telekinez,远动,0,telekinez,9703
telefon,远声,0,telefon,9970
telekopi,远复,0,telekopi,9705
telefilm,远影,0,telefilm,9701
ekspedici,远征,0,ekspedici,8058
telegrafi,远志,0,telegrafi,9972
telepati,远情,0,telepati,9708
telemetri,远测,0,telemetri,9707
telemetr,远计,0,telemetr,9706
faŭl,违规,0,fau^l,7545
kupl,连ᴷ,0,kupl,646
opres,迫ᴼ,0,opres,3865
dikt,述ᴰ,0,dikt,1285
diktafon,述声,0,diktafon,8626
zelot,迷ᶻ,0,zelot,4965
labirint,迷宫,0,labirint,6620
psikedel,迷幻,0,psikedel,8167
degener,退ᴰ,0,degener,4779
regres,退ᴿ,0,regres,4778
abdik,退位,0,abdik,7745
eksped,送ᴱ,0,eksped,934
aspiraci,送气,0,aspiraci,7409
adapt,适ᴬ,0,adapt,2738
konven,适ᴷ,0,konven,2739
moder,适ᴹ,0,moder,2737
moderator,适具,0,moderator,9283
adaptometri,适测,0,adaptometri,8326
dizert,逃ᴰ,0,dizert,5351
eskap,逃ᴱ,0,eskap,5350
spit,逆ˢ,0,spit,4561
invers,逆ᴵ,0,invers,4562
singult,逆气,0,singult,7240
selekt,选ˢ,0,selekt,1499
antologi,选ᴬ,0,antologi,1498
opci,选ᴼ,0,opci,1500
atlet,选手,0,atlet,7860
dializ,透析,0,dializ,6615
diafanoskopi,透照,0,diafanoskopi,8611
aĵur,透空,0,aj^ur,6629
deport,逐ᴰ,0,deport,6444
proskrib,逐ᴾ,0,proskrib,6442
rikur,递归,0,rikur,7139
dia,通ᴰ,0,dia,2907
diagram,通图,0,diagram,9976
diakron,通时,0,diakron,8613
diametr,通测,0,diametr,9857
diatermi,通温,0,diatermi,8618
diagenez,通源,0,diagenez,8612
diaterm,通热,0,diaterm,8617
fluks,通量,0,fluks,6105
diaskop,通镜,0,diaskop,8616
ekspres,速ᴱ,0,ekspres,909
taki,速ᵀ,0,taki,910
takikardi,速心,0,takikardi,9694
takimetr,速计,0,takimetr,9560
takigraf,速记,0,takigraf,9693
bulvard,道ᴮ,0,bulvard,3910
drom,道ᴰ,0,drom,3912
tao,道ᵀ,0,tao,3911
rekvizit,道具,0,rekvizit,8142
taoist,道家,0,taoist,9697
genetik,遗传,0,genetik,6491
enurez,遗尿,0,enurez,7365
relikv,遗物,0,relikv,6824
legac,遗赠,0,legac,7592
rifuĝ,避ᴿ,0,rifuĝ,2810
tia,那a,0,tia,40
tie,那e,0,tie,41
tio,那o,0,tio,38
tiu,那u,0,tiu,39
ties,那之,0,ties,44
tial,那因,0,tial,45
tiam,那时,0,tiam,42
tiel,那样,0,tiel,46
tiom,那量,0,tiom,43
filatel,邮ᶠ,0,filatel,1820
splen,郁ˢ,0,splen,4681
melankoli,郁ᴹ,0,melankoli,4682
departement,部ᴰ,0,departement,1246
ministeri,部ᴹ,0,ministeri,1243
redakci,部ᴿ,0,redakci,1244
asign,配ᴬ,0,asign,4082
gami,配ᴳ,0,gami,4081
kopulaci,配ᴷ,0,kopulaci,4083
gamet,配子,0,gamet,6736
stekio,配比,0,stekio,7957
armatur,配筋,0,armatur,6648
sake,酒ˢ,0,sake,2688
bier,酒ᴮ,0,bier,2684
likvor,酒ᴸ,0,likvor,2687
vinologi,酒学,0,vinologi,9817
tartr,酒石,0,tartr,6316
volovan,酥盒,0,volovan,7368
fromaĝ,酪ᶠ,0,fromaĝ,3660
kremometr,酪计,0,kremometr,9129
honorari,酬ᴴ,0,honorari,3968
gist,酵母,0,gist,5873
enzim,酵素,0,enzim,6165
jogurt,酸乳,0,jogurt,6817
okzal,酸模,0,okzal,7990
bigarad,酸橙,0,bigarad,7487
acidimetr,酸计,0,acidimetr,8325
glikol,醇ᴳ,0,glikol,4001
alkoholat,醇盐,0,alkoholat,8380
alkoholemi,醇血,0,alkoholemi,8381
alkoholometr,醇计,0,alkoholometr,8382
ebri,醉ᴱ,0,ebri,4091
vinagr,醋ⱽ,0,vinagr,5914
rib,醋栗,0,rib,5637
acetat,醋盐,0,acetat,8324
sobr,醒ˢ,0,sobr,2022
file,里脊,0,file,7558
akcent,重ᴬ,0,akcent,780
grav,重ᴳ,0,grav,779
diazoni,重氮,0,diazoni,7426
mazut,重油,0,mazut,8319
gravimetri,重测,0,gravimetri,8874
prunel,野李,0,prunel,6533
bizon,野牛,0,bizon,7183
piknik,野餐,0,piknik,4897
tetra,野鸡,0,tetra,6117
doz,量ᴰ,0,doz,3281
metrik,量ᴹ,0,metrik,3282
kvantum,量子,0,kvantum,5798
dozologi,量学,0,dozologi,8648
dozometr,量计,0,dozometr,8649
skandi,金ˢ,0,skandi,315
americi,金ᴬ,0,americi,343
blond,金ᴮ,0,blond,289
disprozi,金ᴰ,0,disprozi,349
erbi,金ᴱ,0,erbi,295
gali,金ᴳ,0,gali,296
hafni,金ᴴ,0,hafni,337
indi,金ᴵ,0,indi,297
kadmi,金ᴷ,0,kadmi,303
liti,金ᴸ,0,liti,299
metal,金ᴹ,0,metal,288
nikel,金ᴺ,0,nikel,305
poloni,金ᴾ,0,poloni,313
radium,金ᴿ,0,radium,314
tori,金ᵀ,0,tori,301
urani,金ᵁ,0,urani,306
ceri,金ᶜ,0,ceri,293
fermi,金ᶠ,0,fermi,336
zirkoni,金ᶻ,0,zirkoni,321
vendred,金ⱽ,0,vendred,292
kromiil,金基,0,kromiil,10009
metalografi,金志,0,metalografi,9234
orat,金盐,0,orat,8534
kromiflav,金黄,0,kromiflav,9141
pingl,针ᴾ,0,pingl,3675
mercer,针线,0,mercer,6956
belon,针鱼,0,belon,7508
kejl,钉ᴷ,0,kejl,3852
vinkt,钉ⱽ,0,vinkt,3854
hebet,钝ᴴ,0,hebet,6454
kariljon,钟琴,0,kariljon,7777
horoskop,钟镜,0,horoskop,8990
grapl,钩ᴳ,0,grapl,3825
kroĉ,钩ᴷ,0,kroĉ,3824
ancilostom,钩虫,0,ancilostom,7443
sold,钱ˢ,0,sold,1227
numulit,钱虫,0,numulit,7476
kelicer,钳ᴷ,0,kelicer,6599
spil,钻ˢ,0,spil,4056
alez,钻ᴬ,0,alez,4054
diamant,钻ᴰ,0,diamant,4053
trepan,钻颅,0,trepan,7013
potas,钾碱,0,potas,7875
ambos,铁床,0,ambos,7282
cug,铁杉,0,cug,7424
ferat,铁盐,0,ferat,9872
feromagnet,铁磁,0,feromagnet,7088
ferocian,铁青,0,ferocian,8752
konval,铃兰,0,konval,5569
tamburin,铃鼓,0,tamburin,7320
plumbat,铅盐,0,plumbat,9488
cimbal,铜盘,0,cimbal,7317
verdigr,铜绿,0,verdigr,6941
aluminiat,铝盐,0,aluminiat,8394
spatel,铲ˢ,0,spatel,3709
trul,铲ᵀ,0,trul,3708
bank,银ᴮ,0,bank,2045
anemon,银莲,0,anemon,7169
linotip,铸排,0,linotip,8054
kliŝ,铸版,0,klis^,6968
pavim,铺ᴾ,0,pavim,3886
katen,链ᴷ,0,katen,4071
mer,链节,0,mer,5777
debit,销ᴰ,0,debit,5925
serur,锁ˢ,0,serur,2652
klavikl,锁骨,0,klavikl,8317
kaldron,锅ᴷ,0,kaldron,3805
marmit,锅ᴹ,0,marmit,3808
retort,锅ᴿ,0,retort,3807
ured,锈ᵁ,0,ured,5642
zinkat,锌盐,0,zinkat,9826
akronim,锐名,0,akronim,8365
akrocefal,锐头,0,akrocefal,8362
stanat,锡盐,0,stanat,9659
gong,锣ᴳ,0,gong,7478
strobil,锥ˢ,0,strobil,5771
piramid,锥ᴾ,0,piramid,5770
konik,锥线,0,konik,7963
lukan,锹甲,0,lukan,8124
sterling,镑ˢ,0,sterling,7267
binokl,镜ᴮ,0,binokl,3718
lupe,镜ᴸ,0,lupe,3711
monokl,镜ᴹ,0,monokl,3717
reflektor,镜ᴿ,0,reflektor,3716
teleskop,镜ᵀ,0,teleskop,3712
skopofili,镜爱,0,skopofili,9636
lensometr,镜计,0,lensometr,9172
estr,长ᴱ,0,estr,236
kapitan,长ᴷ,0,kapitan,237
trombon,长号,0,trombon,6731
divan,长椅,0,divan,7640
feldspat,长石,0,feldspat,7806
presbiterian,长老,0,presbiterian,7473
filum,门ᶠ,0,filum,1267
porĉ,门廊,0,porc^,8252
strobo,闪ˢ,0,strobo,3216
blink,闪ᴮ,0,blink,3218
scintilogram,闪图,0,scintilogram,9594
scintilografi,闪志,0,scintilografi,9593
scintilometr,闪计,0,scintilometr,9595
stroboskop,闪镜,0,stroboskop,9680
klejstogam,闭花,0,klejstogam,7931
salut,问ˢ,0,salut,746
ekvizet,问荆,0,ekvizet,7258
sinekur,闲职,0,sinekur,7705
interfon,间声,0,interfon,9017
interlingvistik,间学,0,interlingvistik,9019
interstel,间星,0,interstel,10012
interval,间隔,0,interval,6458
interfac,间面,0,interfac,9014
ekscelenc,阁ᴱ,0,ekscelenc,4160
kabinet,阁ᴷ,0,kabinet,4159
skip,队ˢ,0,skip,4581
band,队ᴮ,0,band,4582
eskadron,队ᴱ,0,eskadron,4586
karavan,队ᴷ,0,karavan,4579
rot,队ᴿ,0,rot,4580
prevent,防ᴾ,0,prevent,2792
kac,阳具,0,kac,6775
balkon,阳台,0,balkon,7202
sunterapi,阳疗,0,sunterapi,9691
skrot,阴囊,0,skrot,7556
piĉ,阴户,0,pic^,6721
penis,阴茎,0,penis,6974
klitor,阴蒂,0,klitor,6586
vagin,阴道,0,vagin,6306
pudend,阴部,0,pudend,8078
stadi,阶ˢ,0,stadi,2665
gam,阶ᴳ,0,gam,2666
enkliz,附ᴱ,0,enkliz,6605
incident,附ᴵ,0,incident,6604
prokliz,附ᴾ,0,prokliz,6606
tranc,附身,0,tranc,6993
degrad,降ᴰ,0,degrad,6576
kapitulac,降ᴷ,0,kapitulac,6577
restrikt,限ᴿ,0,restrikt,6845
abrupt,陡ᴬ,0,abrupt,4363
akademi,院ᴬ,0,akademi,1896
institut,院ᴵ,0,institut,1897
abat,院长,0,abat,6464
bolid,陨ᴮ,0,bolid,5930
ĵuri,陪审,0,j^uri,7888
fajenc,陶土,0,fajenc,5482
ostrak,陶片,0,ostrak,7950
protuberanc,隆ᴾ,0,protuberanc,5128
epiornit,隆鸟,0,epiornit,7628
ataŝe,随员,0,atas^e,7500
stokast,随机,0,stokast,7031
anakoret,隐ᴬ,0,anakoret,6300
marabut,隐ᴹ,0,marabut,6299
sept,隔ˢ,0,sept,5417
adiabat,隔ᴬ,0,adiabat,5419
kvaranten,隔ᴷ,0,kvaranten,5420
vand,隔ⱽ,0,vand,5416
izolmetr,隔计,0,izolmetr,9031
interstic,隙ᴵ,0,interstic,7847
handikap,障ᴴ,0,handikap,2768
obstakl,障ᴼ,0,obstakl,2767
emberiz,雀ᴱ,0,emberiz,4574
kanari,雀ᴷ,0,kanari,4572
paser,雀ᴾ,0,paser,4571
stamen,雄蕊,0,stamen,5660
elegant,雅ᴱ,0,elegant,3790
foir,集ᶠ,0,foir,973
androgin,雌雄,0,androgin,7866
skulpt,雕ˢ,0,skulpt,3567
relief,雕ᴿ,0,relief,3570
cizel,雕ᶜ,0,cizel,3569
nimbus,雨云,0,nimbus,8304
pluvmetr,雨计,0,pluvmetr,9490
lavang,雪崩,0,lavang,8203
blizard,雪暴,0,blizard,8232
cedr,雪松,0,cedr,6820
sled,雪车,0,sled,5651
soldanel,雪铃,0,soldanel,7733
grajl,雹ᴳ,0,grajl,3928
brum,雾ᴮ,0,brum,3316
sism,震ˢ,0,sism,4953
seismogram,震图,0,seismogram,9600
sismologi,震学,0,sismologi,9602
komoci,震荡,0,komoci,8176
sismograf,震记,0,sismograf,9598
mucid,霉ᴹ,0,mucid,5757
ĥoler,霍乱,0,h^oler,6426
gel,霜ᴳ,0,gel,3783
prujn,霜ᴾ,0,prujn,3784
ekshibici,露ᴱ,0,ekshibici,5640
rosometr,露计,0,rosometr,9584
glaŭk,青ᴳ,0,glau^k,8020
livid,青ᴸ,0,livid,8019
cianid,青化,0,cianid,8570
adolesk,青春,0,adolesk,6437
lime,青柠,0,lime,7339
cianfit,青植,0,cianfit,8568
cianat,青盐,0,cianat,8567
bronz,青铜,0,bronz,8221
statik,静ˢ,0,statik,1328
kviet,静ᴷ,0,kviet,1327
surfac,面ˢ,0,surfac,4210
are,面ᴬ,0,are,4212
edr,面ᴱ,0,edr,4211
nudel,面ᴺ,0,nudel,4213
pan,面包,0,pan,1723
knedlik,面团,0,knedlik,8002
puntili,面子,0,puntili,7712
gluten,面筋,0,gluten,7977
revoluci,革ᴿ,0,revoluci,3834
skurĝ,鞭ˢ,0,skurg^,5145
knut,鞭ᴷ,0,knut,5146
flagel,鞭ᶠ,0,flagel,5147
verben,鞭草,0,verben,7597
akustik,音ᴬ,0,akustik,3628
fonetik,音ᶠ,0,fonetik,3626
fonem,音位,0,fonem,8138
fonetist,音家,0,fonetist,8769
tembr,音色,0,tembr,8280
asonanc,韵ᴬ,0,asonanc,5075
akme,顶ᴬ,0,akme,1855
imperial,顶ᴵ,0,imperial,1853
kulmin,顶ᴷ,0,kulmin,1852
plafon,顶ᴾ,0,plafon,1850
tegment,顶ᵀ,0,tegment,1848
vert,顶ⱽ,0,vert,1849
kolier,项链,0,kolier,7945
homeopati,顺势,0,homeopati,7809
paramagnet,顺磁,0,paramagnet,7142
obstin,顽ᴼ,0,obstin,4060
promulg,颁ᴾ,0,promulg,6568
ditiramb,颂ᴰ,0,ditiramb,5386
od,颂ᴼ,0,od,5384
panegir,颂ᴾ,0,panegir,5385
predikt,预ᴾ,0,predikt,6528
prognoz,预测,0,prognoz,6301
propedeŭtik,预科,0,propedeu^tik,7772
buĝet,预算,0,buĝet,4737
kraniologi,颅学,0,kraniologi,9127
kraniometri,颅测,0,kraniometri,9128
konsul,领事,0,konsul,5567
kravat,领带,0,kravat,3668
pilot,领航,0,pilot,5614
cervik,颈ᶜ,0,cervik,1934
krin,颈毛,0,krin,7878
ĝiraf,颈鹿,0,g^iraf,7330
frekvencometr,频计,0,frekvencometr,8799
kokolit,颗石,0,kokolit,8010
problem,题ᴾ,0,problem,3411
farb,颜ᶠ,0,farb,1366
kvot,额ᴷ,0,kvot,3662
atrop,颠ᴬ,0,atrop,7090
tril,颤歌,0,tril,8196
tremometr,颤计,0,tremometr,9773
stil,风ˢ,0,stil,1353
anem,风ᴬ,0,anem,1356
esk,风ᴱ,0,esk,1355
tajfun,风ᵀ,0,tajfun,1354
efloresk,风化,0,efloresk,6578
anemogram,风图,0,anemogram,8401
anemometri,风测,0,anemometri,8403
reŭmat,风湿,0,reu^mat,6262
harmonium,风琴,0,harmonium,7432
balg,风箱,0,balg,7414
anemometr,风计,0,anemometr,8402
eklips,食ᴱ,0,eklips,1212
kanibal,食人,0,kanibal,7863
ezofag,食管,0,ezofag,6373
krop,食袋,0,krop,6935
supe,餐ˢ,0,supe,3359
servic,餐具,0,servic,8063
drink,饮ᴰ,0,drink,1333
dekoraci,饰ᴰ,0,dekoraci,3330
garnitur,饰ᴳ,0,garnitur,3332
galon,饰带,0,galon,6987
biskvit,饼ᴮ,0,biskvit,4299
kresp,饼ᴷ,0,kresp,4303
oblat,饼ᴼ,0,oblat,4302
pic,饼ᴾ,0,pic,4300
vafl,饼ⱽ,0,vafl,4301
muze,馆ᴹ,0,muze,3234
pavilon,馆ᴾ,0,pavilon,3235
arki,首ᴬ,0,arki,255
steven,首柱,0,steven,7766
kancelier,首相,0,kancelier,8116
arom,香ᴬ,0,arom,3721
incens,香ᴵ,0,incens,3723
mosk,香ᴹ,0,mosk,3722
parfum,香ᴾ,0,parfum,3720
vanil,香兰,0,vanil,6833
cedrat,香柑,0,cedrat,6477
mirt,香桃,0,mirt,6712
ladan,香脂,0,ladan,6967
petrosel,香芹,0,petrosel,7141
citronel,香茅,0,citronel,8181
lavend,香草,0,lavend,7277
koriandr,香菜,0,koriandr,8030
kulan,马ᴷ,0,kulan,1889
onagr,马ᴼ,0,onagr,1888
karaben,马枪,0,karaben,7530
hipokaŝtan,马栗,0,hipokas^tan,8965
stal,马棚,0,stal,3884
hipopotam,马河,0,hipopotam,8968
polo,马球,0,polo,7755
fiakr,马车,0,fiakr,7131
hipodrom,马道,0,hipodrom,8960
maneĝ,驯马,0,maneg^,7920
rangifer,驯鹿,0,rangifer,7494
ekzorc,驱魔,0,ekzorc,6742
barĝ,驳ᴮ,0,barg^,4918
rezident,驻官,0,rezident,7510
alk,驼鹿,0,alk,7704
stir,驾ˢ,0,stir,4192
koĉer,驾ᴷ,0,koc^er,4193
eksperiment,验ᴱ,0,eksperiment,1872
empirist,验家,0,empirist,8685
kavaleri,骑ᴷ,0,kavaleri,3353
bluf,骗ᴮ,0,bluf,3108
mistifik,骗ᴹ,0,mistifik,3105
fripon,骗ᶠ,0,fripon,3104
skelet,骨ˢ,0,skelet,2962
ostotomi,骨切,0,ostotomi,9396
ostologi,骨学,0,ostologi,9394
ostogenez,骨源,0,ostogenez,9393
ostit,骨炎,0,ostit,9391
domen,骨牌,0,domen,8015
ostogen,骨生,0,ostogen,9392
ostopati,骨病,0,ostopati,9389
ostalgi,骨痛,0,ostalgi,9387
ostom,骨瘤,0,ostom,9395
epifiz,骨端,0,epifiz,8158
ostektomi,骨除,0,ostektomi,9388
mjelit,髓炎,0,mjelit,9281
medolpati,髓病,0,medolpati,9214
medolektomi,髓除,0,medolektomi,9213
hips,高ᴴ,0,hips,732
uzur,高利,0,uzur,6363
hipsogram,高图,0,hipsogram,8974
buljon,高汤,0,buljon,7066
altometri,高测,0,altometri,8390
orgasm,高潮,0,orgasm,7254
sorg,高粱,0,sorg,5653
altimetr,高计,0,altimetr,8387
fascin,魅ᶠ,0,fascin,3147
diabl,魔ᴰ,0,diabl,3915
magi,魔ᴹ,0,magi,3914
ogr,魔ᴼ,0,ogr,3918
demonologi,魔学,0,demonologi,8597
demonomani,魔狂,0,demonomani,8598
amorfofal,魔芋,0,amorfofal,6914
sole,鱼ˢ,0,sole,1513
angil,鱼ᴬ,0,angil,1507
bram,鱼ᴮ,0,bram,1511
diodont,鱼ᴰ,0,diodont,1570
ezok,鱼ᴱ,0,ezok,1505
gobi,鱼ᴳ,0,gobi,1506
haring,鱼ᴴ,0,haring,1508
idus,鱼ᴵ,0,idus,1540
klupe,鱼ᴷ,0,klupe,1519
labr,鱼ᴸ,0,labr,1537
moru,鱼ᴹ,0,moru,1515
naŭkrat,鱼ᴺ,0,nau^krat,1575
osmer,鱼ᴼ,0,osmer,1551
perk,鱼ᴾ,0,perk,1512
raj,鱼ᴿ,0,raj,1510
tinus,鱼ᵀ,0,tinus,1516
umbr,鱼ᵁ,0,umbr,1535
cepol,鱼ᶜ,0,cepol,1549
zeŭs,鱼ᶻ,0,zeu^s,1538
fraj,鱼卵,0,fraj,6237
iktiologi,鱼学,0,iktiologi,9001
alvus,鱼苗,0,alvus,8026
tenar,鱼际,0,tenar,7985
torped,鱼雷,0,torped,6220
iktiosaŭr,鱼龙,0,iktiosau^r,7446
ciprin,鲤ᶜ,0,ciprin,5560
skval,鲨ˢ,0,skval,4936
ŝagrin,鲨皮,0,s^agrin,6931
kaĉalot,鲸ᴷ,0,kac^alot,4297
narval,鲸ᴺ,0,narval,4296
cetac,鲸ᶜ,0,cetac,4295
balenopter,鲸翅,0,balenopter,9850
bart,鲸须,0,bart,7996
aligator,鳄ᴬ,0,aligator,5465
gavial,鳄ᴳ,0,gavial,5464
avokad,鳄梨,0,avokad,7220
skolop,鸟ˢ,0,skolop,999
arde,鸟ᴬ,0,arde,995
did,鸟ᴰ,0,did,1015
elani,鸟ᴱ,0,elani,1037
galbul,鸟ᴳ,0,galbul,1005
hipola,鸟ᴴ,0,hipola,1057
ibis,鸟ᴵ,0,ibis,1111
jing,鸟ᴶ,0,jing,1020
kivi,鸟ᴷ,0,kivi,997
lani,鸟ᴸ,0,lani,1023
majn,鸟ᴹ,0,majn,996
nandu,鸟ᴺ,0,nandu,1043
ornit,鸟ᴼ,0,ornit,998
paru,鸟ᴾ,0,paru,1002
rubetr,鸟ᴿ,0,rubetr,1066
turd,鸟ᵀ,0,turd,1000
upup,鸟ᵁ,0,upup,1001
cikoni,鸟ᶜ,0,cikoni,994
fitis,鸟ᶠ,0,fitis,1038
ornitorink,鸟嘴,0,ornitorink,9376
ornitologi,鸟学,0,ornitologi,9374
ornitopod,鸟足,0,ornitopod,9375
galin,鸡ᴳ,0,galin,2536
blek,鸣ᴮ,0,blek,4727
gak,鸣ᴳ,0,gak,4735
hup,鸣ᴴ,0,hup,4729
kvivit,鸣ᴷ,0,kvivit,4734
mek,鸣ᴹ,0,mek,4731
pep,鸣ᴾ,0,pep,4728
rukul,鸣ᴿ,0,rukul,4733
lar,鸥ᴸ,0,lar,4868
moned,鸦ᴹ,0,moned,5457
frugileg,鸦ᶠ,0,frugileg,5458
opi,鸦片,0,opi,6177
strut,鸵鸟,0,strut,5667
livi,鸽ᴸ,0,livi,5448
turt,鸽ᵀ,0,turt,5447
amanit,鹅膏,0,amanit,7791
kazuar,鹤鸵,0,kazuar,8118
ara,鹦ᴬ,0,ara,5009
konur,鹦ᴷ,0,konur,5007
naŭtil,鹦螺,0,nau^til,7775
psitak,鹦鹉,0,psitak,7264
akcipitr,鹰ᴬ,0,akcipitr,5802
bute,鹰ᴮ,0,bute,5801
milv,鹰ᴹ,0,milv,5803
niz,鹰ᴺ,0,niz,5800
boac,鹿ᴮ,0,boac,4755
dama,鹿ᴰ,0,dama,4753
kapreol,鹿ᴷ,0,kapreol,4754
tragol,鹿ᵀ,0,tragol,4756
ŝam,鹿皮,0,s^am,7813
spelt,麦ˢ,0,spelt,3899
elim,麦ᴱ,0,elim,3897
horde,麦ᴴ,0,horde,3896
fagopir,麦ᶠ,0,fagopir,3898
malt,麦芽,0,malt,5768
kvik,麦草,0,kvik,7642
ergot,麦角,0,ergot,6138
narkot,麻ᴺ,0,narkot,6195
ricin,麻ᴿ,0,ricin,6196
lepr,麻风,0,lepr,7062
buks,黄杨,0,buks,7130
buter,黄油,0,buter,2057
ksantom,黄瘤,0,ksantom,7627
fav,黄癣,0,fav,6430
mile,黄米,0,mile,7178
zodiak,黄道,0,zodiak,6360
latun,黄铜,0,latun,5580
jut,黄麻,0,jut,7749
melan,黑ᴹ,0,melan,1235
melanom,黑瘤,0,melanom,9227
melanemi,黑血,0,melanemi,9226
ĵargon,黑话,0,j^argon,7008
sekal,黑麦,0,sekal,5647
aplaŭd,鼓ᴬ,0,aplaŭd,4674
timpan,鼓室,0,timpan,6471
miring,鼓膜,0,miring,7030
sorik,鼠ˢ,0,sorik,4404
aguti,鼠ᴬ,0,aguti,4409
didelf,鼠ᴰ,0,didelf,4405
ermen,鼠ᴱ,0,ermen,4398
hidroker,鼠ᴴ,0,hidroker,4415
kavi,鼠ᴷ,0,kavi,4407
lagostom,鼠ᴸ,0,lagostom,4416
ondatr,鼠ᴼ,0,ondatr,4412
putor,鼠ᴾ,0,putor,4402
rat,鼠ᴿ,0,rat,4396
tuku,鼠ᵀ,0,tuku,4408
fiber,鼠ᶠ,0,fiber,4420
zibel,鼠ᶻ,0,zibel,4401
vizon,鼠ⱽ,0,vizon,4399
rin,鼻ᴿ,0,rin,1711
rinoplasti,鼻塑,0,rinoplasti,9577
rinologi,鼻学,0,rinologi,9576
rinit,鼻炎,0,rinit,9575
rinoskopi,鼻镜,0,rinoskopi,9578
salv,齐射,0,salv,8257
kanin,齿ᴷ,0,kanin,1483
dentin,齿质,0,dentin,7490
scink,龙ˢ,0,scink,5937
agam,龙ᴬ,0,agam,5936
eŭripterigi,龙ᴱ,0,eu^ripterigi,5948
igvan,龙ᴵ,0,igvan,5935
molok,龙ᴹ,0,molok,5938
pleziosaŭr,龙ᴾ,0,pleziosau^r,5946
ramforink,龙ᴿ,0,ramforink,5943
triceratop,龙ᵀ,0,triceratop,5947
varan,龙ⱽ,0,varan,5934
tromb,龙卷,0,tromb,6236
drakocefal,龙头,0,drakocefal,8650
gencian,龙胆,0,gencian,7503
omar,龙虾,0,omar,8212
ambr,龙香,0,ambr,7730
kil,龙骨,0,kil,6343
emid,龟ᴱ,0,emid,5107
keloni,龟ᴷ,0,keloni,5105
unu,一,0,unu,149
sep,七,0,sep,155
miria,万,0,miria,6580
tri,三,0,tri,141
sur,上,0,sur,92
sub,下,0,sub,80
ne,不,0,ne,681
skandal,丑,0,skandal,4945
fak,专,0,fak,2815
propil,丙,0,propil,7445
industri,业,0,industri,2879
tuf,丛,0,tuf,5678
orient,东,0,orient,2959
silk,丝,0,silk,2811
ambaŭ,两,0,ambaŭ,630
sever,严,0,sever,2645
funebr,丧,0,funebr,4124
individu,个,0,individu,5396
mez,中,0,mez,1704
abund,丰,0,abund,3734
grapol,串,0,grapol,6136
pilol,丸,0,pilol,4898
por,为,0,por,64
mastr,主,0,mastr,1839
lev,举,0,lev,834
justic,义,0,justic,6002
ebon,乌,0,ebon,6097
muzik,乐,0,muzik,1975
vetur,乘,0,vetur,955
etil,乙,0,etil,7893
naŭ,九,0,naŭ,132
ankaŭ,也,0,ankaŭ,631
kutim,习,0,kutim,1935
rur,乡,0,rur,7235
libr,书,0,libr,937
aĉet,买,0,aĉet,977
konfuz,乱,0,konfuz,4336
lakt,乳,0,lakt,1686
disput,争,0,disput,4079
ke,事,0,ke,667
du,二,0,du,148
pri,于,0,pri,47
nub,云,0,nub,1716
reciprok,互,0,reciprok,3513
kvin,五,0,kvin,153
put,井,0,put,3871
hipo,亚,0,hipo,5714
kelk,些,0,kelk,797
pere,亡,0,pere,5015
trafik,交,0,trafik,3641
produkt,产,0,produkt,2027
ĝu,享,0,ĝu,3228
hel,亮,0,hel,1474
kar,亲,0,kar,1652
hom,人,0,hom,694
human,仁,0,human,5389
nur,仅,0,nur,690
venĝ,仇,0,venĝ,5140
hodiaŭ,今,0,hodiaŭ,653
makler,介,0,makler,6506
de,从,0,de,102
magazen,仓,0,magazen,3293
li,他,0,li,673
pag,付,0,pag,1241
anstataŭ,代,0,anstataŭ,103
ordon,令,0,ordon,1953
per,以,0,per,58
rit,仪,0,rit,6407
supin,仰,0,supin,6596
kondiĉ,件,0,kondiĉ,2903
prez,价,0,prez,3009
ajn,任,0,ajn,627
da,份,0,da,115
imit,仿,0,imit,2875
embusk,伏,0,embusk,6199
ripoz,休,0,ripoz,1732
popular,众,0,popular,5034
avantaĝ,优,0,avantaĝ,5207
kongres,会,0,kongres,3262
ombrel,伞,0,ombrel,4438
komunik,传,0,komunik,3254
vund,伤,0,vund,3119
etik,伦,0,etik,4515
fals,伪,0,fals,2816
stim,估,0,stim,7281
koleg,伴,0,koleg,2708
etend,伸,0,etend,3192
simil,似,0,simil,1830
sed,但,0,sed,702
situ,位,0,situ,4472
bas,低,0,bas,6161
loĝ,住,0,loĝ,837
kondiment,佐,0,kondiment,7150
korp,体,0,korp,1675
rest,余,0,rest,726
budh,佛,0,budh,4311
verk,作,0,verk,1834
vi,你,0,vi,713
admir,佩,0,admir,3442
ig,使,0,ig,168
nev,侄,0,nev,2951
ekzempl,例,0,ekzempl,1923
kelner,侍,0,kelner,3812
ofert,供,0,ofert,3855
skolt,侦,0,skolt,6148
flank,侧,0,flank,759
ofend,侮,0,ofend,4150
princ,侯,0,princ,5036
invad,侵,0,invad,6532
oportun,便,0,oportun,3323
akcel,促,0,akcel,3998
dand,俏,0,dand,5337
mor,俗,0,mor,3303
asekur,保,0,asekur,4026
kred,信,0,kred,814
ripar,修,0,ripar,3038
pron,俯,0,pron,6514
obl,倍,0,obl,179
kusp,倒,0,kusp,6376
kandidat,候,0,kandidat,5431
prunt,借,0,prunt,2029
langvor,倦,0,langvor,7263
ind,值,0,ind,228
em,倾,0,em,185
feri,假,0,feri,3209
devi,偏,0,devi,5991
far,做,0,far,754
halt,停,0,halt,1890
san,健,0,san,1737
par,偶,0,par,1860
ŝtel,偷,0,ŝtel,2656
kvit,偿,0,kvit,6330
rezerv,储,0,rezerv,2724
kataliz,催,0,kataliz,6374
arog,傲,0,arog,4283
ŝajn,像,0,ŝajn,922
monaĥ,僧,0,monah^,5860
fil,儿,0,fil,1146
vokal,元,0,vokal,4696
frat,兄,0,frat,1152
bilion,兆,0,bilion,5743
aprior,先,0,aprior,7275
lum,光,0,lum,1210
gram,克,0,gram,5367
imun,免,0,imun,5393
spez,兑,0,spez,3082
lepor,兔,0,lepor,3836
parti,党,0,parti,3858
integr,全,0,integr,4332
ok,八,0,ok,146
publik,公,0,publik,1868
ses,六,0,ses,143
orkid,兰,0,orkid,6658
kun,共,0,kun,99
rilat,关,0,rilat,3036
soldat,兵,0,soldat,3075
il,具,0,il,189
klasik,典,0,klasik,3607
nutr,养,0,nutr,3319
best,兽,0,best,1401
en,内,0,en,110
kajer,册,0,kajer,2888
re,再,0,re,272
aventur,冒,0,aventur,3736
pleonasm,冗,0,pleonasm,7714
arme,军,0,arme,3130
agr,农,0,agr,5795
kron,冠,0,kron,4313
vintr,冬,0,vintr,1765
glaci,冰,0,glaci,2092
impuls,冲,0,impuls,4618
decid,决,0,decid,1777
situaci,况,0,situaci,3635
indiferent,冷,0,indiferent,4141
krio,冻,0,krio,6439
preciz,准,0,preciz,2996
minus,减,0,minus,718
kaze,凝,0,kaze,5894
preskaŭ,几,0,preskaŭ,700
feniks,凤,0,feniks,7465
triumf,凯,0,triumf,5973
benk,凳,0,benk,2046
ĝib,凸,0,ĝib,5505
konkav,凹,0,konkav,5890
el,出,0,el,48
traf,击,0,traf,2678
guĝ,凿,0,gug^,7697
sabr,刀,0,sabr,6399
ĉikan,刁,0,c^ikan,7164
kling,刃,0,kling,3586
on,分,0,on,201
tranĉ,切,0,tranĉ,1753
revu,刊,0,revu,3525
kriminal,刑,0,kriminal,6039
plan,划,0,plan,2730
vic,列,0,vic,3062
princip,则,0,princip,5038
ĵus,刚,0,ĵus,662
kre,创,0,kre,2547
debut,初,0,debut,6677
juĝ,判,0,juĝ,2525
rabot,刨,0,rabot,6026
favor,利,0,favor,3206
ali,别,0,ali,730
skrap,刮,0,skrap,3700
ating,到,0,ating,1775
reĝim,制,0,reĝim,5057
bros,刷,0,bros,3649
kupon,券,0,kupon,5466
brems,刹,0,brems,4057
pik,刺,0,pik,2973
moment,刻,0,moment,1945
raz,剃,0,raz,3872
frez,削,0,frez,6566
antaŭ,前,0,antaŭ,117
glav,剑,0,glav,5364
anatom,剖,0,anatom,6583
teatr,剧,0,teatr,3537
tond,剪,0,tond,2675
adverb,副,0,adverb,4703
serp,割,0,serp,6971
potenc,力,0,potenc,3340
admon,劝,0,admon,3986
ag,办,0,ag,1772
funkci,功,0,funkci,3490
plus,加,0,plus,724
serv,务,0,serv,1742
aĉ,劣,0,aĉ,157
mov,动,0,mov,856
help,助,0,help,783
pen,努,0,pen,1961
kaper,劫,0,kaper,6155
verv,劲,0,verv,6654
labor,劳,0,labor,821
potencial,势,0,potencial,5854
erekt,勃,0,erekt,6390
kuraĝ,勇,0,kuraĝ,1203
brid,勒,0,brid,5306
varb,募,0,varb,4689
diligent,勤,0,diligent,3157
kuler,勺,0,kuler,2556
pak,包,0,pak,2593
hast,匆,0,hast,6323
ponard,匕,0,ponard,6256
iz,化,0,iz,5698
nord,北,0,nord,2953
virtuoz,匠,0,virtuoz,7373
region,区,0,region,2615
kurac,医,0,kurac,2561
inkognit,匿,0,inkognit,6653
dek,十,0,dek,150
mil,千,0,mil,135
litr,升,0,litr,3283
hemi,半,0,hemi,5826
kooperativ,协,0,kooperativ,4655
fi,卑,0,fi,252
peon,卒,0,peon,7268
mono,单,0,mono,1153
vend,卖,0,vend,1763
sud,南,0,sud,3095
doktor,博,0,doktor,2802
okup,占,0,okup,1238
kart,卡,0,kart,8222
halogen,卤,0,halogen,6522
gvardi,卫,0,gvardi,5380
pres,印,0,pres,3002
danĝer,危,0,danĝer,2060
tuj,即,0,tuj,711
tamen,却,0,tamen,708
ov,卵,0,ov,2590
volv,卷,0,volv,1881
lord,卿,0,lord,6853
fabrik,厂,0,fabrik,3487
hal,厅,0,hal,3527
kalendar,历,0,kalendar,4161
prem,压,0,prem,1268
enu,厌,0,enu,3757
latrin,厕,0,latrin,7837
centi,厘,0,centi,5315
dik,厚,0,dik,1484
pra,原,0,pra,264
vagon,厢,0,vagon,2019
stab,参,0,stab,4915
fork,叉,0,fork,2833
amik,友,0,amik,735
ge,双,0,ge,280
mal,反,0,mal,274
lanĉ,发,0,lanĉ,4854
onkl,叔,0,onkl,1718
retrat,取,0,retrat,7306
it,受,0,it,1392
ŝanĝ,变,0,ŝanĝ,1297
ordin,叙,0,ordin,7055
ribel,叛,0,ribel,3969
buŝ,口,0,buŝ,1130
antikv,古,0,antikv,4273
fraz,句,0,fraz,3603
kri,叫,0,kri,1202
ebl,可,0,ebl,178
podi,台,0,podi,4900
histori,史,0,histori,1637
dekstr,右,0,dekstr,1135
foli,叶,0,foli,2081
numer,号,0,numer,2578
suspir,叹,0,suspir,8006
respektiv,各,0,respektiv,4920
kombin,合,0,kombin,4623
sam,同,0,sam,924
nom,名,0,nom,871
post,后,0,post,68
vom,吐,0,vom,5151
al,向,0,al,63
hu,吓,0,hu,8060
ĉu,吗,0,ĉu,643
sinjor,君,0,sinjor,936
avar,吝,0,avar,3644
glut,吞,0,glut,4128
boj,吠,0,boj,4051
negativ,否,0,negativ,4874
tun,吨,0,tun,5130
inkluziv,含,0,inkluziv,2705
aŭd,听,0,aŭd,986
inspir,启,0,inspir,5412
knar,吱,0,knar,6705
kverel,吵,0,kverel,4851
suĉ,吸,0,suĉ,5087
blov,吹,0,blov,2771
kis,吻,0,kis,2898
muĝ,吼,0,muĝ,5599
ego,吾,0,ego,5957
gap,呆,0,gap,6713
prezent,呈,0,prezent,1274
inform,告,0,inform,2880
naŭz,呕,0,naŭz,4428
an,员,0,an,158
drap,呢,0,drap,3920
semajn,周,0,semajn,1301
gust,味,0,gust,3229
ĝem,呻,0,ĝem,3786
vok,呼,0,vok,1766
sort,命,0,sort,3703
pac,和,0,pac,663
ĉant,咏,0,c^ant,6320
anatem,咒,0,anatem,7533
murmur,咕,0,murmur,3311
miaŭ,咪,0,miaŭ,4869
mord,咬,0,mord,3850
tus,咳,0,tus,3728
faring,咽,0,faring,6489
kondolenc,哀,0,kondolenc,4615
frand,品,0,frand,3772
sonor,响,0,sonor,2726
mut,哑,0,mut,3314
plor,哭,0,plor,1726
filozof,哲,0,filozof,4525
ronk,哼,0,ronk,4176
instig,唆,0,instig,4149
lip,唇,0,lip,2923
sol,唯,0,sol,1313
kant,唱,0,kant,1184
saliv,唾,0,saliv,6153
rod,啃,0,rod,6649
komerc,商,0,komerc,1661
ha,啊,0,ha,6673
krak,啪,0,krak,5759
grak,啼,0,grak,7314
ho,喂,0,ho,715
afabl,善,0,afabl,1886
gorĝ,喉,0,gorĝ,3787
astm,喘,0,astm,7206
ĝoj,喜,0,ĝoj,771
ŝpruc,喷,0,ŝpruc,4565
trop,喻,0,trop,5749
flar,嗅,0,flar,4111
zum,嗡,0,zum,5155
testament,嘱,0,testament,4677
mok,嘲,0,mok,2577
bek,嘴,0,bek,3648
hen,嘶,0,hen,6722
klarion,嘹,0,klarion,7034
hihi,嘻,0,hihi,8093
nu,嘿,0,nu,7187
uj,器,0,uj,217
bru,噪,0,bru,1912
hurl,嚎,0,hurl,6977
maĉ,嚼,0,maĉ,4375
vezik,囊,0,vezik,5688
kvar,四,0,kvar,133
eĥ,回,0,eĥ,4767
ĉar,因,0,ĉar,70
grup,团,0,grup,1791
stapl,囤,0,stapl,6538
ĝarden,园,0,ĝarden,1619
ĉirkaŭ,围,0,ĉirkaŭ,83
solid,固,0,solid,3589
land,国,0,land,822
map,图,0,map,3492
bed,圃,0,bed,6310
rond,圆,0,rond,1989
boben,圈,0,boben,5787
grund,土,0,grund,613
sankt,圣,0,sankt,3043
ant,在,0,ant,96
ter,地,0,ter,942
scen,场,0,scen,3334
adres,址,0,adres,2041
averaĝ,均,0,averag^,7083
veŝt,坎,0,veŝt,4253
sid,坐,0,sid,935
krater,坑,0,krater,6688
blok,块,0,blok,3592
firm,坚,0,firm,2825
forum,坛,0,forum,4530
kraŝ,坠,0,kras^,7285
dekliv,坡,0,dekliv,3743
perpendikl,垂,0,perpendikl,7092
monopol,垄,0,monopol,4870
tip,型,0,tip,3546
rempar,垒,0,rempar,8103
stak,垛,0,stak,6474
kusen,垫,0,kusen,3847
kastel,城,0,kastel,4327
sektor,域,0,sektor,7135
but,培,0,but,6975
baz,基,0,baz,3448
kuz,堂,0,kuz,2564
amas,堆,0,amas,1394
abort,堕,0,abort,5843
fuort,堡,0,fuort,7561
ĝet,堤,0,g^et,6895
ŝtop,堵,0,ŝtop,3386
plast,塑,0,plast,5030
tur,塔,0,tur,3420
kork,塞,0,kork,3936
plomb,填,0,plomb,5904
medi,境,0,medi,4864
tomb,墓,0,tomb,3414
ink,墨,0,ink,2424
sokl,墩,0,sokl,6519
mur,壁,0,mur,1229
kavalir,士,0,kavalir,5845
son,声,0,son,1315
ŝel,壳,0,ŝel,4182
pot,壶,0,pot,3678
lok,处,0,lok,838
pret,备,0,pret,1728
ripet,复,0,ripet,2625
somer,夏,0,somer,1747
krom,外,0,krom,86
mult,多,0,mult,863
nokt,夜,0,nokt,1715
sufiĉ,够,0,sufiĉ,1752
grand,大,0,grand,774
paradiz,天,0,paradiz,4286
tro,太,0,tro,710
edz,夫,0,edz,1140
centr,央,0,centr,3148
perd,失,0,perd,1254
kap,头,0,kap,794
fanfaron,夸,0,fanfaron,4102
kramp,夹,0,kramp,4660
strang,奇,0,strang,3085
streb,奋,0,streb,6996
koncert,奏,0,koncert,4335
premi,奖,0,premi,3000
jung,套,0,jung,5526
luks,奢,0,luks,3292
in,女,0,in,238
sklav,奴,0,sklav,4188
kokr,奸,0,kokr,6049
ŝi,她,0,ŝi,707
amator,好,0,amator,4541
kvazaŭ,如,0,kvazaŭ,672
dam,妃,0,dam,5984
tualet,妆,0,tualet,3725
ĵaluz,妒,0,ĵaluz,4153
prostitu,妓,0,prostitu,5996
ek,始,0,ek,278
deleg,委,0,deleg,3816
zingibr,姜,0,zingibr,6754
bo,姻,0,bo,271
gest,姿,0,gest,3923
impon,威,0,impon,4551
lind,娇,0,lind,7039
amuz,娱,0,amuz,2042
fianĉ,婚,0,fianĉ,3211
beb,婴,0,beb,4047
svat,媒,0,svat,5670
flat,媚,0,flat,5438
id,子,0,id,199
apertur,孔,0,apertur,5198
graved,孕,0,graved,5374
liter,字,0,liter,2926
ekzist,存,0,ekzist,1779
nep,孙,0,nep,2950
sezon,季,0,sezon,3065
orf,孤,0,orf,3963
lern,学,0,lern,827
kov,孵,0,kov,5960
seren,宁,0,seren,2603
ĝi,它,0,ĝi,651
kosm,宇,0,kosm,4683
gard,守,0,gard,2089
sekur,安,0,sekur,5081
perfekt,完,0,perfekt,3506
grandioz,宏,0,grandioz,5371
religi,宗,0,religi,2624
oficial,官,0,oficial,3499
fiks,定,0,fiks,1785
dec,宜,0,dec,3595
juvel,宝,0,juvel,4156
real,实,0,real,2067
dorlot,宠,0,dorlot,5340
revizi,审,0,revizi,5064
gast,客,0,gast,2841
anonc,宣,0,anonc,2747
ĉambr,室,0,ĉambr,741
konstituci,宪,0,konstituci,5449
palac,宫,0,palac,4463
noc,害,0,noc,5958
festen,宴,0,festen,4106
ist,家,0,ist,245
mien,容,0,mien,2939
larĝ,宽,0,larĝ,1690
akuzativ,宾,0,akuzativ,4263
pension,宿,0,pension,4896
visk,寄,0,visk,7300
dens,密,0,dens,2797
riĉ,富,0,riĉ,912
apartament,寓,0,apartament,4006
vidv,寡,0,vidv,4254
kontraŭ,对,0,kontraŭ,59
serĉ,寻,0,serĉ,1308
gvid,导,0,gvid,1665
kovert,封,0,kovert,2538
paf,射,0,paf,2606
ont,将,0,ont,640
leŭtenant,尉,0,leŭtenant,5585
estim,尊,0,estim,2077
et,小,0,et,182
ci,尔,0,ci,6428
pint,尖,0,pint,2986
polv,尘,0,polv,3677
kadavr,尸,0,kadavr,5785
uln,尺,0,uln,8194
klopod,尽,0,klopod,3610
vost,尾,0,vost,3731
urin,尿,0,urin,4685
furz,屁,0,furz,7840
etaĝ,层,0,etaĝ,3188
setl,居,0,setl,6962
fleksi,屈,0,fleksi,6450
dom,屋,0,dom,1137
kak,屎,0,kak,7044
ekran,屏,0,ekran,4768
klast,屑,0,klast,6674
evolu,展,0,evolu,3195
aparten,属,0,aparten,2752
buĉ,屠,0,buĉ,5312
mont,山,0,mont,1228
aĝ,岁,0,aĝ,1389
posten,岗,0,posten,4471
insul,岛,0,insul,2883
rok,岩,0,rok,3878
bord,岸,0,bord,1910
istm,峡,0,istm,7292
alp,峰,0,alp,5851
sublim,崇,0,sublim,5887
klif,崖,0,klif,7789
kolaps,崩,0,kolaps,7157
marketr,嵌,0,marketr,6869
kanton,州,0,kanton,6565
kroz,巡,0,kroz,5987
nest,巢,0,nest,3317
liv,左,0,liv,7993
lert,巧,0,lert,2571
eg,巨,0,eg,161
mag,巫,0,mag,7643
aberaci,差,0,aberaci,6509
si,己,0,si,703
jam,已,0,jam,660
tuk,巾,0,tuk,3110
valut,币,0,valut,4688
urb,市,0,urb,1342
tol,布,0,tol,3098
vel,帆,0,vel,4244
majstr,师,0,majstr,3838
tend,帐,0,tend,4227
kurten,帘,0,kurten,4366
imperi,帝,0,imperi,4136
zon,带,0,zon,3430
mat,席,0,mat,4966
drapir,帷,0,drapir,7522
oft,常,0,oft,2952
ĉapel,帽,0,ĉapel,1914
akt,幕,0,akt,4711
sek,干,0,sek,2642
eben,平,0,eben,2806
jar,年,0,jar,789
paralel,并,0,paralel,4889
feliĉ,幸,0,feliĉ,755
rev,幻,0,rev,3515
jun,幼,0,jun,790
fantom,幽,0,fantom,4518
vast,广,0,vast,2681
bien,庄,0,bien,3738
fest,庆,0,fest,1927
ŝirm,庇,0,ŝirm,3881
lit,床,0,lit,1209
ord,序,0,ord,1951
kaban,庐,0,kaban,5424
kas,库,0,kas,3451
dev,应,0,dev,747
fund,底,0,fund,2087
butik,店,0,butik,3462
templ,庙,0,templ,4676
rub,废,0,rub,4921
grad,度,0,grad,3226
ing,座,0,ing,232
bastard,庶,0,bastard,6342
koridor,廊,0,koridor,5451
profil,廓,0,profil,6125
prokrast,延,0,prokrast,4493
kuri,廷,0,kuri,6503
konstru,建,0,konstru,1196
ŝalt,开,0,ŝalt,4552
fremd,异,0,fremd,1607
rezign,弃,0,rezign,4166
manier,式,0,manier,2572
arĉ,弓,0,arc^,7349
cit,引,0,cit,4076
toni,张,0,toni,6098
kord,弦,0,kord,4347
ark,弧,0,ark,4024
fleks,弯,0,fleks,3489
febl,弱,0,febl,6685
bomb,弹,0,bomb,4306
fort,强,0,fort,768
atribu,归,0,atribu,6984
deĵor,当,0,deĵor,4758
registr,录,0,registr,2720
form,形,0,form,762
bunt,彩,0,bunt,6697
ombr,影,0,ombr,2584
servut,役,0,servut,5921
radikal,彻,0,radikal,6045
ir,往,0,ir,788
trotuar,径,0,trotuar,4235
ot,待,0,ot,984
tre,很,0,tre,709
leĝ,律,0,leĝ,2567
van,徒,0,van,3423
mikro,微,0,mikro,4880
virt,德,0,virt,4256
insign,徽,0,insign,5406
kor,心,0,kor,809
neces,必,0,neces,1231
toler,忍,0,toler,2963
ambici,志,0,ambici,4268
forges,忘,0,forges,1605
fidel,忠,0,fidel,2822
angor,忧,0,angor,6498
agrabl,快,0,agrabl,1390
ignor,忽,0,ignor,4992
sin,怀,0,sin,5649
stat,态,0,stat,2005
koler,怒,0,koler,1659
tim,怕,0,tim,1321
teror,怖,0,teror,5839
kompat,怜,0,kompat,2537
pens,思,0,pens,1251
urĝ,急,0,urĝ,3422
ec,性,0,ec,225
monstr,怪,0,monstr,4538
timid,怯,0,timid,7589
sum,总,0,sum,2667
terur,恐,0,terur,2674
konstant,恒,0,konstant,2904
pardon,恕,0,pardon,1725
grac,恩,0,grac,7354
spir,息,0,spir,2653
malic,恶,0,malic,5476
irit,恼,0,irit,4067
flustr,悄,0,flustr,5362
pent,悔,0,pent,4465
paradoks,悖,0,paradoks,4888
infest,患,0,infest,6917
plaĉ,悦,0,plaĉ,1817
suspensi,悬,0,suspensi,6375
aflikt,悲,0,aflikt,4705
pati,情,0,pati,3238
mir,惊,0,mir,1223
domaĝ,惜,0,domaĝ,3576
komplez,惠,0,komplez,3935
mizer,惨,0,mizer,3302
rutin,惯,0,rutin,5981
inert,惰,0,inert,6714
opini,想,0,opini,1719
incit,惹,0,incit,5394
des,愈,0,des,3150
ide,意,0,ide,1644
stult,愚,0,stult,3389
sent,感,0,sent,1302
indign,愤,0,indign,5395
vol,愿,0,vol,965
panik,慌,0,panik,4887
prudent,慎,0,prudent,3349
sopir,慕,0,sopir,4196
kronik,慢,0,kronik,6027
konsol,慰,0,konsol,3270
prodig,慷,0,prodig,7077
bedaŭr,憾,0,bedaŭr,1857
pigr,懒,0,pigr,6703
spektakl,戏,0,spektakl,5654
iĝ,成,0,iĝ,194
mi,我,0,mi,676
abstin,戒,0,abstin,5158
aŭ,或,0,aŭ,638
milit,战,0,milit,844
ej,所,0,ej,215
plat,扁,0,plat,3676
man,手,0,man,841
geni,才,0,geni,634
bat,打,0,bat,988
kolb,托,0,kolb,6948
buton,扣,0,buton,2781
ekzekut,执,0,ekzekut,5344
amplif,扩,0,amplif,6402
bala,扫,0,bala,3645
ekzalt,扬,0,ekzalt,6093
ĝen,扰,0,ĝen,2845
ratif,批,0,ratif,6555
trov,找,0,trov,1879
lagr,承,0,lagr,5882
teknik,技,0,teknik,4145
damp,抑,0,damp,6167
lirik,抒,0,lirik,6216
grat,抓,0,grat,5373
ĵet,投,0,ĵet,1182
protest,抗,0,protest,3344
fald,折,0,fald,3200
kares,抚,0,kares,4326
parabol,抛,0,parabol,6632
rab,抢,0,rab,3512
zorg,护,0,zorg,1767
gazet,报,0,gazet,1621
mantel,披,0,mantel,3295
hipotek,抵,0,hipotek,6087
abstrakt,抽,0,abstrakt,4261
tir,拉,0,tir,1323
fot,拍,0,fot,2701
kidnap,拐,0,kidnap,7836
rifuz,拒,0,rifuz,3035
pionir,拓,0,pionir,5027
tren,拖,0,tren,3557
fuŝ,拙,0,fuŝ,3606
ador,拜,0,ador,4699
simul,拟,0,simul,7160
svarm,拥,0,svarm,6432
dig,拦,0,dig,6280
tord,拧,0,tord,3555
plektr,拨,0,plektr,7661
parentez,括,0,parentez,4891
viŝ,拭,0,viŝ,3117
volb,拱,0,volb,5955
pugn,拳,0,pugn,3870
ortografi,拼,0,ortografi,4995
pren,拿,0,pren,905
ten,持,0,ten,941
pend,挂,0,pend,1816
fingr,指,0,fingr,1147
laŭ,按,0,laŭ,75
provok,挑,0,provok,5624
barakt,挣,0,barakt,4046
melk,挤,0,melk,3945
sving,挥,0,sving,4219
frustr,挫,0,frustr,7859
vibr,振,0,vibr,5764
kapt,捕,0,kapt,1651
difekt,损,0,difekt,3153
komut,换,0,komut,5880
pist,捣,0,pist,5916
profesor,授,0,profesor,5039
polm,掌,0,polm,6973
pinĉ,掐,0,pinĉ,4468
ekskluziv,排,0,ekskluziv,4504
fos,掘,0,fos,3121
esplor,探,0,esplor,3179
kontakt,接,0,kontakt,2714
puŝ,推,0,puŝ,1822
kned,揉,0,kned,4330
pentr,描,0,pentr,2971
menci,提,0,menci,3616
stik,插,0,stik,6716
rivel,揭,0,rivel,5338
sponsor,援,0,sponsor,7029
agit,搅,0,agit,5159
lukt,搏,0,lukt,5474
kamera,摄,0,kamera,6588
pendol,摆,0,pendol,5299
sku,摇,0,sku,4041
pluk,摘,0,pluk,6504
masaĝ,摩,0,masaĝ,4861
palp,摸,0,palp,4997
steg,撑,0,steg,7889
ŝut,撒,0,ŝut,3536
kolizi,撞,0,kolizi,5442
propag,播,0,propag,6025
arbitr,擅,0,arbitr,4717
operaci,操,0,operaci,3957
frot,擦,0,frot,3785
apog,支,0,apog,2754
ricev,收,0,ricev,914
korekt,改,0,korekt,3613
atak,攻,0,atak,2759
emancip,放,0,emancip,6290
politik,政,0,politik,3338
do,故,0,do,644
efik,效,0,efik,2071
rival,敌,0,rival,6370
sagac,敏,0,sagac,4178
sav,救,0,sav,3048
instru,教,0,instru,1802
aŭdac,敢,0,aŭdac,4288
dis,散,0,dis,256
respekt,敬,0,respekt,3026
nombr,数,0,nombr,1948
frap,敲,0,frap,1931
tut,整,0,tut,947
pans,敷,0,pans,6418
kler,文,0,kler,3132
fast,斋,0,fast,5485
klin,斜,0,klin,2529
asert,断,0,asert,4718
nov,新,0,nov,877
direkt,方,0,direkt,1485
almoz,施,0,almoz,4002
apud,旁,0,apud,98
vojaĝ,旅,0,vojaĝ,1368
gir,旋,0,gir,5808
naci,族,0,naci,866
flag,旗,0,flag,2830
sen,无,0,sen,76
tag,日,0,tag,357
eks,旧,0,eks,283
fru,早,0,fru,1371
arid,旱,0,arid,8246
temp,时,0,temp,940
morgaŭ,明,0,morgaŭ,678
sven,昏,0,sven,4215
facil,易,0,facil,753
stel,星,0,stel,2659
kin,映,0,kin,4328
printemp,春,0,printemp,1731
hieraŭ,昨,0,hieraŭ,652
est,是,0,est,752
aspekt,显,0,aspekt,3137
aŭror,晓,0,aŭror,4289
halo,晕,0,halo,6624
vesper,晚,0,vesper,1362
maten,晨,0,maten,1217
ordinar,普,0,ordinar,2587
pejzaĝ,景,0,pejzaĝ,3504
kristal,晶,0,kristal,5461
saĝ,智,0,saĝ,1827
provizor,暂,0,provizor,4913
varm,暖,0,varm,1351
alud,暗,0,alud,4713
ŝtorm,暴,0,ŝtorm,4959
kurb,曲,0,kurb,3827
pli,更,0,pli,699
altern,替,0,altern,4264
plej,最,0,plej,698
lun,月,0,lun,624
hav,有,0,hav,781
obe,服,0,obe,2884
esper,望,0,esper,1502
dinasti,朝,0,dinasti,7041
dat,期,0,dat,122
lign,木,0,lign,363
futur,未,0,futur,6411
last,末,0,last,825
instinkt,本,0,instinkt,3800
taktik,术,0,taktik,4672
cinabr,朱,0,cinabr,6675
naiv,朴,0,naiv,4426
maŝin,机,0,maŝin,2932
kaduk,朽,0,kaduk,5426
icid,杀,0,icid,5902
divers,杂,0,divers,1490
rajt,权,0,rajt,1280
stang,杆,0,stang,4201
abi,杉,0,abi,3564
prun,李,0,prun,5625
abrikot,杏,0,abrikot,5156
material,材,0,material,3845
vilaĝ,村,0,vilaĝ,2023
fask,束,0,fask,3767
vekt,杠,0,vekt,7033
stri,条,0,stri,4202
ven,来,0,ven,954
glas,杯,0,glas,1629
hero,杰,0,hero,4095
pin,松,0,pin,3866
plank,板,0,plank,1962
ekstrem,极,0,ekstrem,3473
struktur,构,0,struktur,4205
analiz,析,0,analiz,4270
ŝpal,枕,0,s^pal,6834
ale,林,0,ale,5167
frukt,果,0,frukt,1157
branĉ,枝,0,branĉ,2778
daktil,枣,0,daktil,5334
fusil,枪,0,fusil,6207
acer,枫,0,acer,6814
velk,枯,0,velk,4247
rak,架,0,rak,6052
ans,柄,0,ans,7161
cipres,柏,0,cipres,8127
citrus,柑,0,citrus,6890
infekt,染,0,infekt,5399
mild,柔,0,mild,3299
ŝrank,柜,0,ŝrank,3083
enket,查,0,enket,4510
mast,柱,0,mast,4115
salik,柳,0,salik,5077
alumet,柴,0,alumet,3735
persimon,柿,0,persimon,7118
krad,栅,0,krad,4351
cel,标,0,cel,1477
kolumn,栏,0,kolumn,4928
arb,树,0,arb,978
kran,栓,0,kran,4353
kaŝtan,栗,0,kaŝtan,5432
lice,校,0,lice,4532
specimen,样,0,specimen,5092
kern,核,0,kern,4884
radik,根,0,radik,3350
karakter,格,0,karakter,3245
kultiv,栽,0,kultiv,5745
cinam,桂,0,cinam,5325
persik,桃,0,persik,5017
kadr,框,0,kadr,3801
projekt,案,0,projekt,5041
tabl,桌,0,tabl,1320
morus,桑,0,morus,6349
dosier,档,0,dosier,3596
pont,桥,0,pont,2994
betul,桦,0,betul,3908
stump,桩,0,stump,3975
kuv,桶,0,kuv,3669
trab,梁,0,trab,5721
ume,梅,0,ume,6501
infarkt,梗,0,infarkt,6529
sonĝ,梦,0,sonĝ,3372
pir,梨,0,pir,4469
naved,梭,0,naved,6254
lift,梯,0,lift,4371
mekanik,械,0,mekanik,3939
komb,梳,0,komb,3667
kontrol,检,0,kontrol,3165
vat,棉,0,vat,3821
ŝak,棋,0,ŝak,4933
klab,棍,0,klab,6271
baston,棒,0,baston,2770
palm,棕,0,palm,5480
bud,棚,0,bud,4061
eĝ,棱,0,eg^,5915
ĉerk,棺,0,ĉerk,5317
seĝ,椅,0,seĝ,1741
plant,植,0,plant,2989
vertebr,椎,0,vertebr,6166
pipr,椒,0,pipr,5028
kokos,椰,0,kokos,5563
probabl,概,0,probabl,4482
fikus,榕,0,fikus,7431
granat,榴,0,granat,6563
sojl,槛,0,sojl,4194
fold,槽,0,fold,5975
kamfor,樟,0,kamfor,6447
model,模,0,model,4390
horizontal,横,0,horizontal,4544
ĉeriz,樱,0,ĉeriz,4072
mandarin,橘,0,mandarin,7155
oranĝ,橙,0,oranĝ,3324
kverk,橡,0,kverk,4368
kornic,檐,0,kornic,6691
ŝuld,欠,0,ŝuld,3394
foj,次,0,foj,760
gaj,欢,0,gaj,1617
dezir,欲,0,dezir,748
fason,款,0,fason,4162
paŭz,歇,0,paŭz,3965
uta,歌,0,uta,6821
ĉes,止,0,ĉes,2058
ĝust,正,0,ĝust,1633
ĉi,此,0,c^i,7617
paŝ,步,0,paŝ,1958
arm,武,0,arm,2758
diskriminaci,歧,0,diskriminaci,4323
mort,死,0,mort,853
eksterm,歼,0,eksterm,5968
martir,殉,0,martir,6233
kruel,残,0,kruel,4359
koloni,殖,0,koloni,4612
etap,段,0,etap,4511
detru,毁,0,detru,3152
po,每,0,po,51
venen,毒,0,venen,4248
ol,比,0,ol,691
har,毛,0,har,1177
felt,毡,0,felt,5491
milimetr,毫,0,milimetr,3946
tapiŝ,毯,0,tapiŝ,3887
popol,民,0,popol,1260
aer,气,0,aer,1372
etos,氛,0,etos,6961
oksi,氧,0,oksi,5701
amoniak,氨,0,amoniak,6809
nitr,氮,0,nitr,5708
klor,氯,0,klor,5703
akv,水,0,akv,617
etern,永,0,etern,3194
suk,汁,0,suk,3392
pet,求,0,pet,893
trat,汇,0,trat,6070
ŝvit,汗,0,ŝvit,3403
hidrarg,汞,0,hidrarg,6291
cistern,池,0,cistern,6114
makul,污,0,makul,3840
sup,汤,0,sup,3097
vapor,汽,0,vapor,2680
merg,沉,0,merg,5820
ŝampu,沐,0,ŝampu,4934
sabl,沙,0,sabl,3366
sulk,沟,0,sulk,5100
ŝaŭm,沫,0,ŝaŭm,5080
river,河,0,river,1733
bol,沸,0,bol,2773
ole,油,0,ole,2956
reg,治,0,reg,1286
marĉ,沼,0,marĉ,4376
font,泉,0,font,2085
sekreci,泌,0,sekreci,6315
jur,法,0,jur,1898
kosmopolit,泛,0,kosmopolit,6226
ampol,泡,0,ampol,5192
ond,波,0,ond,2958
kot,泥,0,kot,4348
atent,注,0,atent,1395
larm,泪,0,larm,3832
pump,泵,0,pump,4500
laks,泻,0,laks,5964
glace,泽,0,glace,6340
ĉast,洁,0,c^ast,5763
ocean,洋,0,ocean,4994
asperg,洒,0,asperg,8043
lav,洗,0,lav,1693
kav,洞,0,kav,3248
diluv,洪,0,diluv,8160
viv,活,0,viv,959
deput,派,0,deput,4760
flu,流,0,flu,1789
plasm,浆,0,plasm,5847
verŝ,浇,0,verŝ,3429
turbid,浊,0,turbid,7146
mezur,测,0,mezur,1940
bu,浮,0,bu,6346
ban,浴,0,ban,1776
mar,海,0,mar,1216
tremp,浸,0,tremp,4228
ŝmir,涂,0,ŝmir,4189
digest,消,0,digest,4765
vad,涉,0,vad,3258
kirl,涡,0,kirl,5773
flus,涨,0,flus,7158
adstring,涩,0,adstring,6791
likv,液,0,likv,5586
duŝ,淋,0,duŝ,4085
fad,淡,0,fad,6191
aluvi,淤,0,aluvi,6589
porn,淫,0,porn,5835
profund,深,0,profund,1988
miks,混,0,miks,1858
inund,淹,0,inund,5414
klar,清,0,klar,798
abism,渊,0,abism,7014
osmoz,渗,0,osmoz,6020
kanal,渠,0,kanal,5429
pram,渡,0,pram,6288
feĉ,渣,0,feĉ,5487
temperatur,温,0,temperatur,3543
haven,港,0,haven,3231
soif,渴,0,soif,3072
naĝ,游,0,naĝ,2945
lag,湖,0,lag,2565
golf,湾,0,golf,4131
humid,湿,0,humid,4134
plaŭd,溅,0,plau^d,6092
origin,源,0,origin,3325
roj,溪,0,roj,8210
dron,溺,0,dron,3754
glit,滑,0,glit,3219
stagn,滞,0,stagn,6066
plen,满,0,plen,896
filtr,滤,0,filtr,4527
eksces,滥,0,eksces,6225
plaĝ,滩,0,plag^,6850
gut,滴,0,gut,2857
driv,漂,0,driv,6038
lak,漆,0,lak,5573
lik,漏,0,lik,6163
aktor,演,0,aktor,3591
dezert,漠,0,dezert,3747
gargar,漱,0,gargar,7243
plonĝ,潜,0,plonĝ,5617
tajd,潮,0,tajd,4671
ekscit,激,0,ekscit,3755
klister,灌,0,klister,6379
fajr,火,0,fajr,355
esting,灭,0,esting,2808
lamp,灯,0,lamp,2911
griz,灰,0,griz,2093
spirit,灵,0,spirit,2654
kaŭter,灼,0,kau^ter,5878
katastrof,灾,0,katastrof,4594
splend,灿,0,splend,8165
forn,炉,0,forn,3652
katar,炎,0,katar,3809
parad,炫,0,parad,6062
torĉ,炬,0,torc^,6124
karb,炭,0,karb,3664
kanon,炮,0,kanon,5726
frit,炸,0,frit,4122
punkt,点,0,punkt,1276
kupel,炼,0,kupel,7103
intens,烈,0,intens,4559
kandel,烛,0,kandel,4325
fum,烟,0,fum,2837
bak,烤,0,bak,4038
ted,烦,0,ted,4223
febr,烧,0,febr,4104
glad,烫,0,glad,4126
hejt,热,0,hejt,2864
kuir,烹,0,kuir,1681
lut,焊,0,lut,5898
incendi,焚,0,incendi,6183
koaks,焦,0,koaks,8115
flam,焰,0,flam,3213
natur,然,0,natur,1709
dekokt,煎,0,dekokt,7629
fotograf,照,0,fotograf,3578
poĉ,煮,0,poc^,6281
urs,熊,0,urs,4242
bukan,熏,0,bukan,8183
fand,熔,0,fand,3205
matur,熟,0,matur,2934
brul,燃,0,brul,1128
hirund,燕,0,hirund,3799
eksplod,爆,0,eksplod,4093
ung,爪,0,ung,3729
ramp,爬,0,ramp,3792
am,爱,0,am,734
baron,爵,0,baron,6246
patr,父,0,patr,891
av,爷,0,av,1909
pec,片,0,pec,1247
versi,版,0,versi,4528
medal,牌,0,medal,6202
bov,牛,0,bov,2048
bok,牡,0,bok,7253
karcer,牢,0,karcer,4590
paŝt,牧,0,paŝt,3860
aĵ,物,0,aĵ,243
special,特,0,special,3076
viktim,牺,0,viktim,5143
rinocer,犀,0,rinocer,8216
hund,犬,0,hund,1640
adjekt,状,0,adjekt,7595
hezit,犹,0,hezit,3232
mani,狂,0,mani,3773
vulp,狐,0,vulp,4260
ruz,狡,0,ruz,3365
unik,独,0,unik,1907
leon,狮,0,leon,3835
infer,狱,0,infer,5402
lup,狼,0,lup,4374
ĉas,猎,0,ĉas,2785
drast,猛,0,drast,6275
diven,猜,0,diven,3751
goril,猩,0,goril,6969
pork,猪,0,pork,2597
kat,猫,0,kat,1657
erinac,猬,0,erinac,7748
ofer,献,0,ofer,3496
ceb,猴,0,ceb,7375
simi,猿,0,simi,4187
procent,率,0,procent,3623
gem,玉,0,gem,6778
reĝ,王,0,reĝ,2618
lud,玩,0,lud,1702
roz,玫,0,roz,1992
ring,环,0,ring,3360
nun,现,0,nun,684
vitr,玻,0,vitr,2024
delic,珍,0,delic,7692
perl,珠,0,perl,5016
pilk,球,0,pilk,2979
prav,理,0,prav,1983
bagatel,琐,0,bagatel,4720
pian,琴,0,pian,5018
melon,瓜,0,melon,4968
klap,瓣,0,klap,5746
pulp,瓤,0,pulp,6048
tegol,瓦,0,tegol,5673
botel,瓶,0,botel,2774
porcelan,瓷,0,porcelan,5620
dolĉ,甘,0,dolĉ,1136
nask,生,0,nask,880
uz,用,0,uz,1349
kamp,田,0,kamp,792
motiv,由,0,motiv,4871
kiras,甲,0,kiras,5789
elektr,电,0,elektr,3172
vir,男,0,vir,958
bild,画,0,bild,992
lim,界,0,lim,847
las,留,0,las,1206
brut,畜,0,brut,5311
strategi,略,0,strategi,6429
terat,畸,0,terat,7190
marki,疆,0,marki,7694
dub,疑,0,dub,1494
terapi,疗,0,terapi,5699
malari,疟,0,malari,6405
cikatr,疤,0,cikatr,5324
epidemi,疫,0,epidemi,5347
ulcer,疮,0,ulcer,6180
lac,疲,0,lac,1685
tif,疹,0,tif,6728
morb,病,0,morb,6695
fobi,症,0,fobi,6082
juk,痒,0,juk,5112
stigmat,痕,0,stigmat,6953
akn,痘,0,akn,5160
dolor,痛,0,dolor,1492
disenteri,痢,0,disenteri,8014
demenc,痴,0,demenc,6800
veruk,瘤,0,veruk,5685
magr,瘦,0,magr,8312
pane,瘫,0,pane,5000
kancer,癌,0,kancer,4576
skabi,癣,0,skabi,7601
blank,白,0,blank,1125
cent,百,0,cent,138
sap,皂,0,sap,3047
haŭt,皮,0,haŭt,2858
ĉif,皱,0,ĉif,4534
plad,皿,0,plad,3869
pelv,盆,0,pelv,4894
util,益,0,util,1761
sal,盐,0,sal,3042
gvat,监,0,gvat,6133
skatol,盒,0,skatol,3069
kask,盔,0,kask,5858
kovr,盖,0,kovr,1680
teler,盘,0,teler,2670
sindikat,盟,0,sindikat,5082
okul,目,0,okul,1236
blind,盲,0,blind,3144
rekt,直,0,rekt,2622
relativ,相,0,relativ,5058
ŝild,盾,0,s^ild,5824
ŝpar,省,0,ŝpar,3377
brov,眉,0,brov,4058
rigard,看,0,rigard,1292
ver,真,0,ver,1359
somnol,眠,0,somnol,6828
maŝ,眼,0,mas^,5838
dorm,睡,0,dorm,1138
prefekt,督,0,prefekt,6186
pupil,瞳,0,pupil,5628
lanc,矛,0,lanc,4852
sag,矢,0,sag,5076
sci,知,0,sci,929
momant,矩,0,momant,5917
ortopedi,矫,0,ortopedi,6748
kurt,短,0,kurt,6354
nan,矮,0,nan,6113
ŝton,石,0,ŝton,1748
alun,矾,0,alun,6146
min,矿,0,min,4381
kod,码,0,kod,4604
smirg,砂,0,smirg,6073
mason,砌,0,mason,3587
hak,砍,0,hak,3795
stud,研,0,stud,1833
brik,砖,0,brik,3741
pum,砰,0,pum,7636
romp,破,0,romp,1735
gruz,砾,0,gruz,6033
plint,础,0,plint,8061
silic,硅,0,silic,5735
magistr,硕,0,magistr,6711
salpetr,硝,0,salpetr,7482
sulf,硫,0,sulf,5704
rigid,硬,0,rigid,5069
cert,确,0,cert,655
frakas,碎,0,frakas,4120
monument,碑,0,monument,4985
bovl,碗,0,bovl,5305
jod,碘,0,jod,5741
turkis,碧,0,turkis,6872
lesiv,碱,0,lesiv,5582
karbon,碳,0,karbon,4587
magnet,磁,0,magnet,4858
funt,磅,0,funt,3922
muel,磨,0,muel,3123
fosf,磷,0,fosf,5738
rif,礁,0,rif,6253
montr,示,0,montr,850
donac,礼,0,donac,2062
soci,社,0,soci,3368
preĝ,祈,0,preĝ,2998
atav,祖,0,atav,8105
ben,祝,0,ben,4048
di,神,0,di,2691
bilet,票,0,bilet,3141
mes,祭,0,mes,5871
akcident,祸,0,akcident,3129
temperament,禀,0,temperament,7485
tabu,禁,0,tabu,4666
zen,禅,0,zen,7492
beat,福,0,beat,7101
for,离,0,for,649
gramin,禾,0,gramin,8214
privat,私,0,privat,3342
kalv,秃,0,kalv,6131
aŭtun,秋,0,aŭtun,1400
sem,种,0,sem,1999
scienc,科,0,scienc,3049
sekund,秒,0,sekund,3367
sekret,秘,0,sekret,3053
lu,租,0,lu,3288
volumen,积,0,volumen,5149
pretend,称,0,pretend,4478
translaci,移,0,translaci,6358
rar,稀,0,rar,6416
program,程,0,program,4489
impost,税,0,impost,4139
stabil,稳,0,stabil,4955
manuskript,稿,0,manuskript,4860
spik,穗,0,spik,5095
tru,穴,0,tru,2679
spac,空,0,spac,3373
tra,穿,0,tra,53
subit,突,0,subit,3092
plagiat,窃,0,plagiat,7247
stret,窄,0,stret,7870
sufok,窒,0,sufok,4207
kel,窖,0,kel,3666
fenestr,窗,0,fenestr,1143
embaras,窘,0,embaras,3177
ricel,窝,0,ricel,6617
star,立,0,star,939
vertikal,竖,0,vertikal,4692
staci,站,0,staci,2004
konkur,竞,0,konkur,4340
ĉapitr,章,0,ĉapitr,2784
infan,童,0,infan,785
bambu,竹,0,bambu,4722
rid,笑,0,rid,917
penik,笔,0,penik,2545
fajf,笛,0,fajf,3760
sign,符,0,sign,3066
kaĝ,笼,0,kaĝ,5427
egal,等,0,egal,2074
muskol,筋,0,muskol,4424
flos,筏,0,flos,3770
respond,答,0,respond,911
kribr,筛,0,kribr,6043
lot,签,0,lot,5470
simpl,简,0,simpl,1310
kalkul,算,0,kalkul,1648
tub,管,0,tub,3900
kest,箱,0,kest,2894
novel,篇,0,novel,2719
uzurp,篡,0,uzurp,6127
korb,篮,0,korb,3563
heĝ,篱,0,heĝ,5519
anĉ,簧,0,anc^,7880
matrikul,籍,0,matrikul,6579
metr,米,0,metr,3297
klasifik,类,0,klasifik,4600
farun,粉,0,farun,3763
er,粒,0,er,209
krud,粗,0,krud,3271
muk,粘,0,muk,5817
panic,粟,0,panic,4886
kaĉ,粥,0,kaĉ,5425
sterk,粪,0,sterk,5662
proviant,粮,0,proviant,6278
ekzakt,精,0,ekzakt,4770
past,糊,0,past,2968
kuk,糕,0,kuk,2555
suker,糖,0,suker,2010
bran,糠,0,bran,6493
sistem,系,0,sistem,3531
element,素,0,element,3600
indeks,索,0,indeks,4555
streĉ,紧,0,streĉ,3089
purpur,紫,0,purpur,4914
akumul,累,0,akumul,5961
flok,絮,0,flok,5909
ruĝ,红,0,ruĝ,919
fibr,纤,0,fibr,5728
kontrakt,约,0,kontrakt,4343
klas,级,0,klas,1809
epok,纪,0,epok,3178
latitud,纬,0,latitud,5578
pur,纯,0,pur,1279
vual,纱,0,vual,4258
kotiz,纳,0,kotiz,2718
paper,纸,0,paper,1724
tatu,纹,0,tatu,6088
ŝpin,纺,0,ŝpin,5655
lini,线,0,lini,1936
ekzerc,练,0,ekzerc,3171
op,组,0,op,249
delikat,细,0,delikat,2795
teks,织,0,teks,3888
fin,终,0,fin,756
stumbl,绊,0,stumbl,7374
bibli,经,0,bibli,5864
velur,绒,0,velur,5682
lig,结,0,lig,1696
haspel,绕,0,haspel,6928
desegn,绘,0,desegn,2801
don,给,0,don,751
absolut,绝,0,absolut,3590
vinĉ,绞,0,vinc^,6999
tradici,统,0,tradici,4911
brod,绣,0,brod,5852
hered,继,0,hered,4133
daŭr,续,0,daŭr,970
ŝnur,绳,0,ŝnur,3702
dimensi,维,0,dimensi,4766
verd,绿,0,verd,1764
sufiks,缀,0,sufiks,4907
kabl,缆,0,kabl,5754
saten,缎,0,saten,6548
lant,缓,0,lant,6485
plekt,编,0,plekt,3629
border,缘,0,border,6534
kudr,缝,0,kudr,3274
implik,缠,0,implik,5390
ful,缩,0,ful,6247
urn,缸,0,urn,6826
mank,缺,0,mank,1213
amfor,罐,0,amfor,7540
ret,网,0,ret,3032
groc,罗,0,groc,7318
pun,罚,0,pun,3017
strik,罢,0,strik,3974
mask,罩,0,mask,3932
kulp,罪,0,kulp,2558
met,置,0,met,843
ŝaf,羊,0,ŝaf,2636
bel,美,0,bel,736
ĉam,羚,0,c^am,6902
pudor,羞,0,pudor,6241
envi,羡,0,envi,4101
ar,群,0,ar,222
plum,羽,0,plum,1981
pter,翅,0,pter,5718
ŝveb,翔,0,ŝveb,4665
renvers,翻,0,renvers,3875
plane,翼,0,plane,7204
veteran,老,0,veteran,4693
ul,者,0,ul,177
ĵongl,耍,0,j^ongl,6415
kultur,耕,0,kultur,2908
konsum,耗,0,konsum,5450
sark,耘,0,sark,5644
erp,耙,0,erp,6644
orel,耳,0,orel,1722
hont,耻,0,hont,2874
babil,聊,0,babil,3140
surd,聋,0,surd,3724
ofic,职,0,ofic,2581
uni,联,0,uni,3443
engaĝ,聘,0,engag^,7199
inteligent,聪,0,inteligent,4152
viand,肉,0,viand,3115
rip,肋,0,rip,4169
portret,肖,0,portret,5035
kubut,肘,0,kubut,4364
trip,肚,0,trip,6285
anus,肛,0,anus,6297
hepat,肝,0,hepat,5379
kolbas,肠,0,kolbas,4606
koks,股,0,koks,4520
fekund,肥,0,fekund,4519
ŝultr,肩,0,ŝultr,3398
kresk,育,0,kresk,1200
pulm,肺,0,pulm,4496
ren,肾,0,ren,5062
ŝvel,肿,0,ŝvel,3402
puf,胀,0,puf,5778
minac,胁,0,minac,2944
stomak,胃,0,stomak,3383
gal,胆,0,gal,5500
dors,背,0,dors,2065
fet,胎,0,fet,7598
obez,胖,0,obez,6920
embri,胚,0,embri,5830
venk,胜,0,venk,1880
ĉel,胞,0,ĉel,4743
barb,胡,0,barb,3647
pankreat,胰,0,pankreat,6422
glu,胶,0,glu,3581
brust,胸,0,brust,2053
pov,能,0,pov,900
gras,脂,0,gras,2848
fragil,脆,0,fragil,8247
vejn,脉,0,vejn,5200
spin,脊,0,spin,6078
viscer,脏,0,viscer,7038
umbilik,脐,0,umbilik,6348
cerb,脑,0,cerb,3466
pus,脓,0,pus,5629
secesi,脱,0,secesi,7676
lien,脾,0,lien,7078
aksel,腋,0,aksel,6386
putr,腐,0,putr,4501
pojn,腕,0,pojn,7319
mumps,腮,0,mumps,7724
tali,腰,0,tali,4856
ventr,腹,0,ventr,3426
gland,腺,0,gland,5849
sor,腾,0,sor,6796
krur,腿,0,krur,2553
cir,膏,0,cir,5327
membran,膜,0,membran,5819
genu,膝,0,genu,2091
dilat,膨,0,dilat,5752
pug,臀,0,pug,6074
brak,臂,0,brak,1911
ministr,臣,0,ministr,3618
mem,自,0,mem,675
fetor,臭,0,fetor,6204
ĝis,至,0,ĝis,65
molar,臼,0,molar,6829
ĉerp,舀,0,ĉerp,4075
lang,舌,0,lang,2566
komfort,舒,0,komfort,2899
lek,舔,0,lek,4370
danc,舞,0,danc,2789
boat,舟,0,boat,3456
aviad,航,0,aviad,4290
flot,舰,0,flot,6887
kajut,舱,0,kajut,5534
rudr,舵,0,rudr,6173
bark,舶,0,bark,5298
ŝip,船,0,ŝip,1746
jakt,艇,0,jakt,4563
bon,良,0,bon,737
kolor,色,0,kolor,1186
art,艺,0,art,982
moks,艾,0,moks,6517
diet,节,0,diet,4937
mustard,芥,0,mustard,4872
meĉ,芯,0,mec^,6531
flor,花,0,flor,1597
celeri,芹,0,celeri,6143
ĝerm,芽,0,ĝerm,4739
kan,苇,0,kan,5807
pal,苍,0,pal,3333
musk,苔,0,musk,4987
brakte,苞,0,brakte,7900
se,若,0,se,701
sufer,苦,0,sufer,2008
pom,苹,0,pom,2993
veget,茂,0,veget,4691
norm,范,0,norm,4879
tomat,茄,0,tomat,5115
espart,茅,0,espart,6511
tig,茎,0,tig,5109
kal,茧,0,kal,5536
stopl,茬,0,stopl,6793
te,茶,0,te,1875
herb,草,0,herb,2096
rekomend,荐,0,rekomend,3025
noval,荒,0,noval,8032
liĉi,荔,0,lic^i,7173
vag,荡,0,vag,5135
glor,荣,0,glor,3925
luminesk,荧,0,luminesk,6274
medikament,药,0,medikament,4010
lotus,莲,0,lotus,5591
akir,获,0,akir,2742
silvi,莺,0,silvi,6963
bolet,菇,0,bolet,6735
krizantem,菊,0,krizantem,4800
fung,菌,0,fung,5211
legom,菜,0,legom,2915
romb,菱,0,romb,6029
lampir,萤,0,lampir,7710
bivak,营,0,bivak,6608
fal,落,0,fal,1141
signifik,著,0,signifik,7112
arorut,葛,0,arorut,6827
vit,葡,0,vit,3980
sepult,葬,0,sepult,6397
cep,葱,0,cep,4747
malv,葵,0,malv,5596
ajl,蒜,0,ajl,4710
transpir,蒸,0,transpir,6994
blu,蓝,0,blu,1470
vil,蓬,0,vil,6064
disdegn,蔑,0,disdegn,7117
sarment,蔓,0,sarment,8029
sakar,蔗,0,sakar,6107
banan,蕉,0,banan,4724
minc,薄,0,minc,8231
salajr,薪,0,salajr,3880
maniok,薯,0,maniok,6536
kaŝ,藏,0,kaŝ,1656
heder,藤,0,heder,8192
alg,藻,0,alg,5171
tigr,虎,0,tigr,5111
turment,虐,0,turment,4239
konsider,虑,0,konsider,3269
vant,虚,0,vant,5352
insekt,虫,0,insekt,2426
iriz,虹,0,iriz,6960
kvankam,虽,0,kvankam,671
kankr,虾,0,kankr,5539
korod,蚀,0,korod,5969
formik,蚁,0,formik,5495
moskit,蚊,0,moskit,4392
ostr,蚌,0,ostr,6482
pul,蚤,0,pul,5963
serpent,蛇,0,serpent,3686
ran,蛙,0,ran,5047
arane,蛛,0,arane,4016
meretrik,蛤,0,meretrik,7917
barbar,蛮,0,barbar,6326
mote,蛾,0,mote,7067
abel,蜂,0,abel,3981
mud,蜕,0,mud,6211
miel,蜜,0,miel,4982
vaks,蜡,0,vaks,5681
muŝ,蝇,0,muŝ,3673
cikad,蝉,0,cikad,5319
skorpi,蝎,0,skorpi,5650
akrid,蝗,0,akrid,5163
vespert,蝠,0,vespert,8217
papili,蝶,0,papili,5010
degel,融,0,degel,4078
ŝraŭb,螺,0,ŝraŭb,4197
gril,蟋,0,gril,6176
krab,蟹,0,krab,4657
helmint,蠕,0,helmint,6709
sang,血,0,sang,1995
ad,行,0,ad,175
strat,街,0,strat,1751
ekvilibr,衡,0,ekvilibr,3481
vest,衣,0,vest,1364
flik,补,0,flik,5357
tabel,表,0,tabel,3181
ĉemiz,衫,0,ĉemiz,2787
atenu,衰,0,atenu,6334
sak,袋,0,sak,2600
rob,袍,0,rob,4171
manik,袖,0,manik,3842
ŝtrump,袜,0,ŝtrump,3090
at,被,0,at,4892
tajl,裁,0,tajl,4220
ŝir,裂,0,ŝir,2694
ŝarg,装,0,ŝarg,3948
jup,裙,0,jup,3244
pantalon,裤,0,pantalon,2966
nud,裸,0,nud,3318
vind,裹,0,vind,5695
brun,褐,0,brun,2051
okcident,西,0,okcident,2954
teg,覆,0,teg,4225
vid,见,0,vid,957
observ,观,0,observ,4435
regul,规,0,regul,3021
televid,视,0,televid,3637
konsci,觉,0,konsci,1293
angul,角,0,angul,1902
kompren,解,0,kompren,801
tuŝ,触,0,tuŝ,1759
dialekt,言,0,dialekt,4322
honor,誉,0,honor,2873
ĵur,誓,0,ĵur,4154
polic,警,0,polic,2763
statistik,计,0,statistik,4957
mend,订,0,mend,2936
kon,认,0,kon,805
rikan,讥,0,rikan,7287
ced,让,0,ced,3463
trejn,训,0,trejn,5125
konsil,议,0,konsil,1191
memor,记,0,memor,1218
preleg,讲,0,preleg,3620
permes,许,0,permes,1255
ĉantaĝ,讹,0,c^antag^,7025
diskut,论,0,diskut,3159
karikatur,讽,0,karikatur,4592
supoz,设,0,supoz,3400
vizit,访,0,vizit,1836
viz,证,0,viz,4030
taks,评,0,taks,3405
fraŭd,诈,0,frau^d,6122
plend,诉,0,plend,1970
klinik,诊,0,klinik,5562
vort,词,0,vort,968
traduk,译,0,traduk,3418
prov,试,0,prov,1275
poem,诗,0,poem,3507
honest,诚,0,honest,2871
parol,话,0,parol,889
konsult,询,0,konsult,4651
lingv,语,0,lingv,1207
mis,误,0,mis,270
tent,诱,0,tent,3892
katekiz,诲,0,katekiz,6391
dir,说,0,dir,750
deklam,诵,0,deklam,6121
promes,诺,0,promes,2605
leg,读,0,leg,826
kurs,课,0,kurs,2913
ton,调,0,ton,3549
konversaci,谈,0,konversaci,3611
intrig,谋,0,intrig,6108
spion,谍,0,spion,6035
mensog,谎,0,mensog,2938
humur,谐,0,humur,4546
predikat,谓,0,predikat,6352
proverb,谚,0,proverb,5043
enigm,谜,0,enigm,4098
dank,谢,0,dank,1134
klaĉ,谣,0,klaĉ,4599
kalumni,谤,0,kalumni,5428
humil,谦,0,humil,3236
diskret,谨,0,diskret,6302
absurd,谬,0,absurd,4698
spektr,谱,0,spektr,5793
val,谷,0,val,3111
fab,豆,0,fab,4782
piz,豌,0,piz,3868
elefant,象,0,elefant,4094
pomp,豪,0,pomp,7127
panter,豹,0,panter,6737
konk,贝,0,konk,4630
virg,贞,0,virg,5148
kontribu,贡,0,kontribu,4653
financ,财,0,financ,4108
riproĉ,责,0,riproĉ,3039
fiask,败,0,fiask,4523
kont,账,0,kont,4516
var,货,0,var,3559
esenc,质,0,esenc,3276
brokant,贩,0,brokant,5308
avid,贪,0,avid,4037
povr,贫,0,povr,7607
devalut,贬,0,devalut,6950
koher,贯,0,koher,5931
afiŝ,贴,0,afiŝ,3996
nobl,贵,0,nobl,4431
kredit,贷,0,kredit,5460
kost,费,0,kost,1198
gratul,贺,0,gratul,3491
korupt,贿,0,korupt,5874
kapital,资,0,kapital,3574
vet,赌,0,vet,5142
aprez,赏,0,aprez,7360
lizin,赖,0,lizin,7962
lukr,赚,0,lukr,6836
matĉ,赛,0,matĉ,4862
laŭd,赞,0,laŭd,1670
gajn,赢,0,gajn,1932
ekvator,赤,0,ekvator,5343
amnesti,赦,0,amnesti,7194
start,起,0,start,5661
hiper,超,0,hiper,5715
trans,越,0,trans,94
interes,趣,0,interes,1181
pied,足,0,pied,1258
kur,跑,0,kur,1205
lam,跛,0,lam,3831
distanc,距,0,distanc,3748
kalkan,跟,0,kalkan,4324
voj,路,0,voj,962
salt,跳,0,salt,1993
praktik,践,0,praktik,2995
stilz,跷,0,stilz,5828
tret,踏,0,tret,6151
kalcitr,踢,0,kalcitr,6880
ambl,踱,0,ambl,7883
huf,蹄,0,huf,3931
kaŭr,蹲,0,kaŭr,4598
nervoz,躁,0,nervoz,5603
kuŝ,躺,0,kuŝ,1684
aŭt,车,0,aŭt,2030
grinc,轧,0,grinc,5514
rel,轨,0,rel,3354
turn,转,0,turn,1334
rad,轮,0,rad,3019
mol,软,0,mol,1814
fulmin,轰,0,fulmin,6263
aks,轴,0,aks,5165
leĝer,轻,0,leg^er,8311
ŝarĝ,载,0,ŝarĝ,3128
palanken,轿,0,palanken,7757
kompar,较,0,kompar,2901
asist,辅,0,asist,4649
efluv,辉,0,efluv,6587
spok,辐,0,spok,7609
transfuz,输,0,transfuz,6631
demisi,辞,0,demisi,7289
kapsik,辣,0,kapsik,6238
disting,辨,0,disting,3469
pled,辩,0,pled,3987
blasfem,辱,0,blasfem,5303
rand,边,0,rand,3680
migr,迁,0,migr,4377
pedant,迂,0,pedant,7138
int,过,0,int,127
lof,迎,0,lof,6727
port,运,0,port,898
proksim,近,0,proksim,906
plu,还,0,plu,632
jen,这,0,jen,661
progres,进,0,progres,3013
tele,远,0,tele,5710
delikt,违,0,delikt,6215
eĉ,连,0,eĉ,645
tard,迟,0,tard,7674
persekut,迫,0,persekut,3864
rakont,述,0,rakont,1284
superstiĉ,迷,0,superstiĉ,4964
spur,迹,0,spur,5098
emerit,退,0,emerit,4777
send,送,0,send,933
taŭg,适,0,taŭg,2736
fuĝ,逃,0,fuĝ,5349
retro,逆,0,retro,4560
elekt,选,0,elekt,1497
diafan,透,0,diafan,6184
ekzil,逐,0,ekzil,6441
kom,逗,0,kom,3684
korespond,通,0,korespond,2906
rapid,速,0,rapid,908
manufaktur,造,0,manufaktur,7035
arest,逮,0,arest,4282
kompuls,逼,0,kompuls,7309
renkont,遇,0,renkont,1291
avenu,道,0,avenu,3909
evit,避,0,evit,2809
invit,邀,0,invit,1808
pervers,邪,0,pervers,7213
poŝt,邮,0,poŝt,1819
najbar,邻,0,najbar,2949
tulip,郁,0,tulip,4680
knab,郎,0,knab,1185
part,部,0,part,1242
metropol,都,0,metropol,6832
distribu,配,0,distribu,4080
vin,酒,0,vin,2683
krem,酪,0,krem,3659
rekompenc,酬,0,rekompenc,3967
saŭc,酱,0,saŭc,4180
ferment,酵,0,ferment,5825
acid,酸,0,acid,3565
alkohol,醇,0,alkohol,4000
rav,醉,0,rav,4090
acet,醋,0,acet,5913
vek,醒,0,vek,2021
ekspluat,采,0,ekspluat,4769
ekzegez,释,0,ekzegez,7074
mejl,里,0,mejl,4866
pez,重,0,pez,778
sovaĝ,野,0,sovaĝ,3535
kvant,量,0,kvant,3280
or,金,0,or,287
ekspertiz,鉴,0,ekspertiz,7239
nadl,针,0,nadl,3674
najl,钉,0,najl,3851
kalci,钙,0,kalci,5731
obtuz,钝,0,obtuz,6453
hor,钟,0,hor,1179
natri,钠,0,natri,5732
ŝtal,钢,0,ŝtal,4200
hok,钩,0,hok,3823
mon,钱,0,mon,1226
tenajl,钳,0,tenajl,6597
bor,钻,0,bor,4052
kali,钾,0,kali,5734
fer,铁,0,fer,1925
plumb,铅,0,plumb,4470
kupr,铜,0,kupr,4365
alumini,铝,0,alumini,5191
deviz,铭,0,deviz,8143
ŝovel,铲,0,ŝovel,3707
arĝent,银,0,arĝent,2044
gis,铸,0,gis,5879
stern,铺,0,stern,3885
ĉen,链,0,ĉen,4070
stift,销,0,stift,5924
ŝlos,锁,0,ŝlos,2651
rastr,锄,0,rastr,7256
pat,锅,0,pat,3804
rust,锈,0,rust,5641
zink,锌,0,zink,5154
akr,锐,0,akr,2745
erar,错,0,erar,1501
ankr,锚,0,ankr,5806
stan,锡,0,stan,5099
tamtam,锣,0,tamtam,7477
martel,锤,0,martel,3843
konus,锥,0,konus,5769
brok,锦,0,brok,6794
klav,键,0,klav,4603
seg,锯,0,seg,4181
mangan,锰,0,mangan,5730
forĝ,锻,0,forĝ,3771
pioĉ,镐,0,pioĉ,3966
pund,镑,0,pund,7266
spegul,镜,0,spegul,3710
long,长,0,long,235
pord,门,0,pord,1265
fulm,闪,0,fulm,3214
ferm,闭,0,ferm,1145
demand,问,0,demand,745
inter,间,0,inter,52
kluz,闸,0,kluz,5952
tumult,闹,0,tumult,5129
anekdot,闻,0,anekdot,4716
valv,阀,0,valv,5772
moŝt,阁,0,moŝt,4158
team,队,0,team,4578
defend,防,0,defend,2791
sun,阳,0,sun,1319
katod,阴,0,katod,6708
falang,阵,0,falang,6518
ŝtup,阶,0,ŝtup,2664
adher,附,0,adher,6603
kontinent,陆,0,kontinent,4652
bemol,降,0,bemol,6575
fini,限,0,fini,6844
krut,陡,0,krut,4362
kort,院,0,kort,1894
escept,除,0,escept,3484
meteor,陨,0,meteor,5929
risk,险,0,risk,4170
ceramik,陶,0,ceramik,4321
insid,陷,0,insid,5521
tuber,隆,0,tuber,5127
sekv,随,0,sekv,932
ermit,隐,0,ermit,6298
izol,隔,0,izol,5415
hiat,隙,0,hiat,7846
bar,障,0,bar,2766
tunel,隧,0,tunel,5132
alaŭd,雀,0,alaŭd,4570
maskl,雄,0,maskl,8199
graci,雅,0,graci,3789
kolekt,集,0,kolekt,972
dung,雇,0,dung,4084
femal,雌,0,femal,8076
agl,雕,0,agl,3566
pluv,雨,0,pluv,1727
neĝ,雪,0,neĝ,1714
nul,零,0,nul,976
tondr,雷,0,tondr,3417
hajl,雹,0,hajl,3927
nebul,雾,0,nebul,3315
bezon,需,0,bezon,991
ŝok,震,0,ŝok,4952
ŝim,霉,0,s^im,5756
frost,霜,0,frost,3782
ros,露,0,ros,5639
hegemoni,霸,0,hegemoni,6911
cian,青,0,cian,8018
trankvil,静,0,trankvil,1326
fac,面,0,fac,4209
led,革,0,led,3833
bot,靴,0,bot,3573
ŝu,鞋,0,ŝu,3091
sel,鞍,0,sel,5786
vip,鞭,0,vip,5144
prononc,音,0,prononc,3625
rim,韵,0,rim,5074
paĝ,页,0,paĝ,1815
supr,顶,0,supr,1847
nuk,项,0,nuk,5604
rezignaci,顺,0,rezignaci,7227
end,须,0,end,193
bub,顽,0,bub,4059
retrospektiv,顾,0,retrospektiv,6913
dekret,颁,0,dekret,6567
himn,颂,0,himn,5383
anticip,预,0,anticip,6527
krani,颅,0,krani,5459
teritori,领,0,teritori,5103
kol,颈,0,kol,1933
vang,颊,0,vang,3114
frekvenc,频,0,frekvenc,5720
glum,颖,0,glum,7731
tem,题,0,tem,3409
vizaĝ,颜,0,vizaĝ,1365
frunt,额,0,frunt,3661
tang,颠,0,tang,7089
trem,颤,0,trem,3102
vent,风,0,vent,1352
flirt,飘,0,flirt,4114
flug,飞,0,flug,1151
manĝ,食,0,manĝ,1211
restoraci,餐,0,restoraci,3358
trink,饮,0,trink,1332
ornam,饰,0,ornam,3329
sat,饱,0,sat,1739
furaĝ,饲,0,furaĝ,5499
indulg,饶,0,indulg,5398
raviol,饺,0,raviol,6753
tort,饼,0,tort,4298
hotel,馆,0,hotel,3233
distil,馏,0,distil,5794
ĉef,首,0,ĉef,254
spic,香,0,spic,3719
ĉeval,马,0,ĉeval,1887
ferut,驮,0,ferut,7246
dres,驯,0,dres,5342
galop,驰,0,galop,6613
pel,驱,0,pel,2970
refut,驳,0,refut,4917
azen,驴,0,azen,3562
rezid,驻,0,rezid,6368
kamel,驼,0,kamel,5538
ŝofor,驾,0,ŝofor,4191
sakr,骂,0,sakr,6797
fier,骄,0,fier,2824
spert,验,0,spert,1871
rajd,骑,0,rajd,3352
tromp,骗,0,tromp,3103
ost,骨,0,ost,2961
mjel,髓,0,mjel,5856
alt,高,0,alt,731
anim,魂,0,anim,2043
ĉarm,魅,0,ĉarm,3146
sorĉ,魔,0,sorĉ,3913
fiŝ,鱼,0,fiŝ,1504
freŝ,鲜,0,freŝ,2086
karp,鲤,0,karp,5559
ŝark,鲨,0,ŝark,4935
balen,鲸,0,balen,4294
krokodil,鳄,0,krokodil,5462
skvam,鳞,0,skvam,5832
bird,鸟,0,bird,993
kok,鸡,0,kok,2535
tint,鸣,0,tint,4726
mev,鸥,0,mev,4867
korv,鸦,0,korv,5455
anas,鸭,0,anas,4003
kolomb,鸽,0,kolomb,5446
kukol,鹃,0,kukol,3938
anser,鹅,0,anser,5197
pig,鹊,0,pig,5613
gru,鹤,0,gru,5376
papag,鹦,0,papag,5006
falk,鹰,0,falk,5799
cerv,鹿,0,cerv,4752
tritik,麦,0,tritik,3895
kanab,麻,0,kanab,6194
flav,黄,0,flav,2079
nigr,黑,0,nigr,1233
silent,默,0,silent,1745
tambur,鼓,0,tambur,4673
mus,鼠,0,mus,4395
naz,鼻,0,naz,1710
dent,齿,0,dent,1481
drak,龙,0,drak,5933
testud,龟,0,testud,5104
